road_id,short_id,road_class,source_feature_id,paper_road_id,horizontal_length_m,original_vertex_count,resampled_vertex_count,dem_valid_fraction,elevation_raw_min_m,elevation_raw_max_m,elevation_raw_mean_m,elevation_smooth_min_m,elevation_smooth_max_m,elevation_smooth_range_m,absolute_grade_p95_percent,three_dimensional_length_m,representative_longitude_deg,representative_latitude_deg,google_maps_lookup_url
MORND-MAJ-001,M001,Major,1,,2282.98866397511,244,1143,0.993000874890639,775.644265152748,836.709082981943,812.810482783175,776.205170960943,836.394642713549,60.1894717526056,14.4477109826018,2291.68405966548,99.0678662210346,24.2462131527292,"https://www.google.com/maps/search/?api=1&query=24.24621315,99.06786622"
MORND-MAJ-002,M002,Major,2,A,2108.15279929778,399,1056,1,824.813793563105,990.240452889196,904.565344592527,825.967104164482,989.973479790928,164.006375626446,16.9502403252773,2117.96664439301,99.0659983325898,24.2491631910777,"https://www.google.com/maps/search/?api=1&query=24.24916319,99.06599833"
MORND-MAJ-003,M003,Major,3,,364.164878644307,21,184,1,820.547726880405,862.842469917829,843.278438244638,821.382711493151,862.403387427859,41.0206759347086,19.7048154601985,367.397396999038,99.060433369022,24.2457634415349,"https://www.google.com/maps/search/?api=1&query=24.24576344,99.06043337"
MORND-MAJ-004,M004,Major,4,,938.3605026827,51,471,0.993630573248408,846.103490994069,892.899083800517,871.532702026134,846.375300051632,892.128197413411,45.7528973617793,9.73980939150538,940.965695742687,99.059663178326,24.2492708718471,"https://www.google.com/maps/search/?api=1&query=24.24927087,99.05966318"
MORND-MAJ-005,M005,Major,5,,1815.42394610091,87,909,0.992299229922992,892.020902391388,1019.22991521751,953.337912073671,892.71100672524,1019.12216980299,126.411163077751,10.4977053277244,1821.58598547753,99.0666194526509,24.2533820799495,"https://www.google.com/maps/search/?api=1&query=24.25338208,99.06661945"
MORND-MAJ-006,M006,Major,6,,379.752677651225,27,191,0.984293193717278,819.302209686284,830.253752370826,825.681951891218,819.552047465116,830.071088784591,10.5190413194748,13.0244083287558,381.051667414865,99.0598530386363,24.2425968990369,"https://www.google.com/maps/search/?api=1&query=24.24259690,99.05985304"
MORND-MAJ-007,M007,Major,7,,2216.24108916333,204,1110,1,892.899083800517,1004.22373113221,953.186958957191,893.664285840067,1003.29548997581,109.631204135745,11.2072196122065,2223.57791903942,99.0620490944242,24.2557406357567,"https://www.google.com/maps/search/?api=1&query=24.25574064,99.06204909"
MORND-MAJ-008,M008,Major,8,,1072.59293262326,86,538,1,871.087126622203,895.108917754983,882.851472317825,871.706124749738,894.884723561571,23.1785988118329,12.1995367603892,1076.14068068865,99.0617708942783,24.2492274350455,"https://www.google.com/maps/search/?api=1&query=24.24922744,99.06177089"
MORND-MAJ-009,M009,Major,9,,1527.28173017093,99,765,1,961.18862989882,1013.02719213892,990.653466879322,961.83813566947,1012.47731404401,50.6391783745422,15.2617809720953,1533.47038358749,99.0645107966201,24.2577135962826,"https://www.google.com/maps/search/?api=1&query=24.25771360,99.06451080"
MORND-FLD-001,F001,Field,1,,635.548010108918,60,319,1,903.684102423533,913.775588861627,910.420582978139,903.934832933941,913.128713657951,9.19388072401023,9.71319462291808,637.222951609678,99.0685534094118,24.2499771262392,"https://www.google.com/maps/search/?api=1&query=24.24997713,99.06855341"
MORND-FLD-002,F002,Field,2,,597.608261455416,44,300,1,883.840907671386,903.30712922081,898.000259748372,885.134520922697,903.047515207705,17.9129942850084,14.4116846177693,600.154142650307,99.0695787907596,24.2498284384352,"https://www.google.com/maps/search/?api=1&query=24.24982844,99.06957879"
MORND-FLD-003,F003,Field,3,,1190.89839714771,117,597,1,870.110729491134,890.168398947924,878.463696463885,870.49960745828,889.203977287522,18.7043698292423,18.2497598081408,1198.95514388208,99.0707050666512,24.2493441293468,"https://www.google.com/maps/search/?api=1&query=24.24934413,99.07070507"
MORND-FLD-004,F004,Field,4,,430.311775170715,30,217,1,903.019481092797,928.506750426072,921.554708267836,906.359347073458,928.246563186674,21.8872161132167,21.3632525352503,433.487791164725,99.0706826462055,24.2518987015672,"https://www.google.com/maps/search/?api=1&query=24.25189870,99.07068265"
MORND-FLD-005,F005,Field,5,,1321.01436095041,173,662,1,850.34127960644,874.762984787135,860.526157967804,851.907926034066,873.225306166014,21.3173801319475,18.0505478447866,1328.26563738774,99.0679715833491,24.2477377719307,"https://www.google.com/maps/search/?api=1&query=24.24773777,99.06797158"
MORND-FLD-006,F006,Field,6,,407.077587445546,41,205,1,900.923014174011,915.120045318782,905.578546598882,901.857337940416,914.356721091579,12.4993831511625,20.8564009457183,409.056957371479,99.0649661405107,24.2491637873403,"https://www.google.com/maps/search/?api=1&query=24.24916379,99.06496614"
MORND-FLD-007,F007,Field,7,,279.68865160846,9,141,1,967.137692877727,985.599944908065,979.660756658332,968.184477799009,985.421371754763,17.2368939557545,12.3263543260467,283.652838212819,99.0694781759332,24.2547341222979,"https://www.google.com/maps/search/?api=1&query=24.25473412,99.06947818"
MORND-FLD-008,F008,Field,8,,319.59882164144,40,161,1,968.923262358941,978.516050936233,975.915425071592,971.654021277762,978.101191846511,6.44717056874902,13.2228829287077,320.714683430134,99.0699126612706,24.2542406445157,"https://www.google.com/maps/search/?api=1&query=24.25424064,99.06991266"
MORND-FLD-009,F009,Field,9,,434.134867551098,46,219,1,955.853460508357,965.16249565781,960.539399807455,956.22355424048,964.847669494888,8.62411525440859,8.95829415121077,435.633842012285,99.0694148872605,24.2531464721712,"https://www.google.com/maps/search/?api=1&query=24.25314647,99.06941489"
MORND-FLD-010,F010,Field,10,,589.940978719306,110,296,1,942.679859035834,951.041907142661,947.083466717807,943.243718721947,950.603861896177,7.36014317423053,8.95042004230815,591.090605801031,99.0683493443233,24.2525889876725,"https://www.google.com/maps/search/?api=1&query=24.25258899,99.06834934"
MORND-FLD-011,F011,Field,11,,186.52817874279,21,95,1,917.962284762643,932.148584351093,922.674966183542,918.993475236626,929.967181366204,10.9737061295776,24.1736287205912,188.047567450832,99.0635311483098,24.252298442949,"https://www.google.com/maps/search/?api=1&query=24.25229844,99.06353115"
MORND-FLD-012,F012,Field,12,,408.097023504497,33,206,1,928.81732320711,946.772230492949,934.008398636013,929.047760779866,946.550307959114,17.5025471792482,15.454864697699,409.679842881515,99.0655982039672,24.2522270009571,"https://www.google.com/maps/search/?api=1&query=24.25222700,99.06559820"
MORND-FLD-013,F013,Field,13,,472.534610264851,47,238,1,929.370075937272,947.706089936061,935.92373789653,930.680578823703,946.902579116937,16.2220002932339,14.2866096411881,475.27392486648,99.0683549440772,24.2521334878445,"https://www.google.com/maps/search/?api=1&query=24.25213349,99.06835494"
MORND-FLD-014,F014,Field,14,C,549.798214037382,36,276,0.985507246376812,967.186751927308,1008.28120085021,989.342486128063,968.509178500767,1007.85738054835,39.3482020475876,10.9919211812158,552.38539528186,99.0645727044827,24.2580996382974,"https://www.google.com/maps/search/?api=1&query=24.25809964,99.06457270"
MORND-FLD-015,F015,Field,15,,396.192638551873,27,200,1,908.318228128137,922.71667470598,913.0484180649,908.597892661876,920.704681354015,12.1067886921387,18.4097799752889,398.470752750905,99.0655719121078,24.2514059678126,"https://www.google.com/maps/search/?api=1&query=24.25140597,99.06557191"
MORND-FLD-016,F016,Field,16,,487.808390041972,51,245,1,914.233473277373,933.081738579947,921.72940090404,915.044226092081,931.647153208339,16.6029271162583,18.0065516239705,490.745305826689,99.0674270718805,24.251667846974,"https://www.google.com/maps/search/?api=1&query=24.25166785,99.06742707"
MORND-FLD-017,F017,Field,17,,363.672955475891,38,183,1,919.842084148467,951.806524938864,932.700443081837,920.395345077905,947.326767336137,26.9314222582317,26.9791361505675,368.470684709475,99.0718790881129,24.2527898481289,"https://www.google.com/maps/search/?api=1&query=24.25278985,99.07187909"
MORND-FLD-018,F018,Field,18,,342.810064766363,28,173,1,949.612558759178,989.795884711842,961.248055263392,951.14271518349,987.995888388075,36.8531732045849,30.1243864550667,347.714152356509,99.0716577622691,24.2543489205741,"https://www.google.com/maps/search/?api=1&query=24.25434892,99.07165776"
MORND-FLD-019,F019,Field,19,,496.14306899898,42,250,1,985.486515689674,998.532967109852,992.798144329918,986.093858294804,998.041162833863,11.9473045390595,11.619323501827,498.027740339611,99.0724871483466,24.2560411809357,"https://www.google.com/maps/search/?api=1&query=24.25604118,99.07248715"
MORND-FLD-020,F020,Field,20,,148.742149034799,8,76,1,964.894035015692,979.110541935542,974.314727315727,965.882548894216,978.827157762597,12.9446088683815,17.0456214304091,149.831728632909,99.0708483974178,24.254224355193,"https://www.google.com/maps/search/?api=1&query=24.25422436,99.07084840"
MORND-FLD-021,F021,Field,21,,1171.02246076559,128,587,1,911.176625024693,968.741018261206,932.998580627216,911.778774990255,965.816561800022,54.0377868097676,15.166566737234,1176.03205416876,99.0641028603758,24.2545580484687,"https://www.google.com/maps/search/?api=1&query=24.25455805,99.06410286"
MORND-FLD-022,F022,Field,22,,67.2937279622242,3,35,1,926.221449329861,935.310023883304,931.007101979879,927.590916253415,934.263874384907,6.67295813149292,14.6203168522507,67.7080807932284,99.0698265936453,24.2515246619578,"https://www.google.com/maps/search/?api=1&query=24.25152466,99.06982659"
MORND-FLD-023,F023,Field,23,,160.718174599092,6,82,1,903.881503542701,940.84048715893,924.211109725138,906.414818820718,939.307616131866,32.892797311148,29.8052777404014,164.501582671563,99.0704174419074,24.2515917634857,"https://www.google.com/maps/search/?api=1&query=24.25159176,99.07041744"
MORND-FLD-024,F024,Field,24,,63.4759615297547,2,33,1,886.605147097856,904.004851056118,895.069098101961,888.970334230102,901.238141935062,12.26780770496,28.2598621955327,64.7851340830512,99.0713509244615,24.251019714252,"https://www.google.com/maps/search/?api=1&query=24.25101971,99.07135092"
MORND-FLD-025,F025,Field,25,,195.559260159443,8,99,1,899.129819231826,935.257920047035,921.684604900271,901.720630110325,935.022580333256,33.3019502229312,27.5089348846408,199.313193609035,99.0701824066811,24.2512253423485,"https://www.google.com/maps/search/?api=1&query=24.25122534,99.07018241"
MORND-FLD-026,F026,Field,26,,50.965744142701,2,27,1,891.194058136274,905.918915835086,898.606040504853,893.917888371891,903.28248025903,9.36459188713889,29.5344827806054,51.9136712996276,99.0710932980863,24.2507300099832,"https://www.google.com/maps/search/?api=1&query=24.25073001,99.07109330"
MORND-FLD-027,F027,Field,27,,125.531025480408,8,64,1,910.254669186164,932.863892794665,923.217301013962,912.477100590419,932.359302775352,19.8822021849331,21.8711834192429,127.429370501269,99.0697355033752,24.2510246966949,"https://www.google.com/maps/search/?api=1&query=24.25102470,99.06973550"
MORND-FLD-028,F028,Field,28,,150.468599612585,6,77,1,901.840078497735,928.381140574381,915.796740206674,903.847857780841,927.018298998915,23.1704412180736,20.2356587970316,152.44765453777,99.0693123553413,24.250462090286,"https://www.google.com/maps/search/?api=1&query=24.25046209,99.06931236"
MORND-FLD-029,F029,Field,29,,148.903097891155,6,76,1,882.962427099806,912.305721418128,898.492518339702,885.214733396866,910.674648967416,25.4599155705504,22.8563422471655,151.335947106038,99.0661290410516,24.2484677327436,"https://www.google.com/maps/search/?api=1&query=24.24846773,99.06612904"
MORND-FLD-030,F030,Field,30,,112.447948184146,4,58,1,879.38233315178,904.426954011806,892.164726605979,881.579259944114,902.592915999906,21.0136560557928,22.9394739372426,114.642299925529,99.0656065432493,24.2481751727726,"https://www.google.com/maps/search/?api=1&query=24.24817517,99.06560654"
MORND-FLD-031,F031,Field,31,,123.439986812223,9,63,1,906.377316501797,915.927445139513,913.000124091482,907.7860749151,915.82072943571,8.03465452061005,13.6501098455312,124.035022929716,99.0654162708274,24.2494882766781,"https://www.google.com/maps/search/?api=1&query=24.24948828,99.06541627"
MORND-FLD-032,F032,Field,32,,264.10836530269,14,134,1,874.818642148665,915.607095895984,897.951933394412,876.19956881297,915.471366745705,39.2717979327356,20.0023210344051,268.467439000694,99.0650895166753,24.2486393093196,"https://www.google.com/maps/search/?api=1&query=24.24863931,99.06508952"
MORND-FLD-033,F033,Field,33,,477.457037659958,23,240,1,828.015789501977,906.471457841762,871.891862370788,829.825368682937,905.17854398011,75.3531752971737,22.7137843699624,484.086838422176,99.0647002240287,24.2472479638306,"https://www.google.com/maps/search/?api=1&query=24.24724796,99.06470022"
MORND-FLD-034,F034,Field,34,,60.6650349060828,2,32,1,913.262975615156,919.667335666635,916.798075020064,914.440923873626,919.008995329799,4.56807145617256,11.6338446968521,60.8587200392111,99.0665049539258,24.2496824522421,"https://www.google.com/maps/search/?api=1&query=24.24968245,99.06650495"
MORND-FLD-035,F035,Field,35,,140.411117407397,6,72,1,901.799727981287,918.049676152631,912.665805376142,903.72526845933,917.971810924444,14.2465424651145,19.0740151721575,141.482555861774,99.0670860922354,24.2495847725196,"https://www.google.com/maps/search/?api=1&query=24.24958477,99.06708609"
MORND-FLD-036,F036,Field,36,,52.573774585036,5,28,1,905.751640752562,912.642764153384,909.599582118843,907.323902073054,911.763504607742,4.43960253468788,13.7009447692657,52.8474776446011,99.0666679601555,24.2491499617598,"https://www.google.com/maps/search/?api=1&query=24.24914996,99.06666796"
MORND-FLD-037,F037,Field,37,,97.4558643284701,3,50,1,912.82725766358,918.855139311516,917.16939945026,914.276536778933,918.531759640399,4.25522286146554,11.1166782364493,97.7766042120043,99.0675266585008,24.2498787821406,"https://www.google.com/maps/search/?api=1&query=24.24987878,99.06752666"
MORND-FLD-038,F038,Field,38,,52.9584458910102,2,28,1,910.146710890433,917.760260560604,914.763390507913,912.037989157969,917.223617349673,5.1856281917037,16.8699164021212,53.2493702359998,99.0679032478253,24.2496495879938,"https://www.google.com/maps/search/?api=1&query=24.24964959,99.06790325"
MORND-FLD-039,F039,Field,39,,139.464022081486,9,71,1,901.23346325891,918.266409226423,911.753225574874,903.432825702038,918.174362930909,14.741537228871,16.4099552335703,140.507903192112,99.0683673128532,24.2499324277383,"https://www.google.com/maps/search/?api=1&query=24.24993243,99.06836731"
MORND-FLD-040,F040,Field,40,,174.552519643617,9,89,1,901.412282873288,924.827985866768,914.10947325419,902.930917795925,924.580442579606,21.6495247836817,14.816797343775,176.09706844408,99.0690114866029,24.2502162673208,"https://www.google.com/maps/search/?api=1&query=24.25021627,99.06901149"
MORND-FLD-041,F041,Field,41,,60.6441013286726,3,32,1,878.012691687117,897.090804941887,888.219872439217,881.445547308519,894.541372023111,13.0958247145921,33.6579785339132,62.313214325843,99.0671415051885,24.2484456077402,"https://www.google.com/maps/search/?api=1&query=24.24844561,99.06714151"
MORND-FLD-042,F042,Field,42,,78.4677490913538,6,41,1,881.834102786062,903.26980652891,892.762538903477,884.421074847284,900.780489324599,16.3594144773145,28.7868178968971,80.7169852684721,99.0674548988649,24.2486996409348,"https://www.google.com/maps/search/?api=1&query=24.24869964,99.06745490"
MORND-FLD-043,F043,Field,43,,107.232814341506,4,55,1,875.074958016709,902.056638761874,888.563390089675,877.248836007112,899.684461611986,22.4356256048743,26.3570737765219,109.905271670573,99.0681841095262,24.2486501717377,"https://www.google.com/maps/search/?api=1&query=24.24865017,99.06818411"
MORND-FLD-044,F044,Field,44,,81.1218961804091,3,42,1,875.800101509746,900.879714579345,888.847865406181,878.789773513738,898.258949121435,19.4691756076966,33.5425252244103,83.7130487321784,99.0685889799131,24.2489435108876,"https://www.google.com/maps/search/?api=1&query=24.24894351,99.06858898"
MORND-FLD-045,F045,Field,45,,79.9511929906095,2,41,1,877.305879816105,901.477022692773,890.238222833345,880.724108883686,899.044101029338,18.3199921456519,33.3589609897004,82.264007351201,99.0689209155921,24.2490908549751,"https://www.google.com/maps/search/?api=1&query=24.24909085,99.06892092"
MORND-FLD-046,F046,Field,46,,139.026913688696,9,71,1,863.018756701331,899.378709889303,881.851691547093,865.67740678026,897.182779126403,31.5053723461426,28.4149639299345,143.09738877705,99.069548582968,24.2490124049471,"https://www.google.com/maps/search/?api=1&query=24.24901240,99.06954858"
MORND-FLD-047,F047,Field,47,,95.4285880162046,5,49,1,875.85038840855,900.26043674511,888.809126470471,878.566283951005,898.283574385859,19.7172904348539,28.2337929298061,97.7195505066671,99.0700317232529,24.2494618902475,"https://www.google.com/maps/search/?api=1&query=24.24946189,99.07003172"
MORND-FLD-048,F048,Field,48,,85.42573892847,2,44,1,872.274712627061,898.564488914753,886.407682639805,876.216192443536,896.196324536362,19.9801320928252,32.0812346087044,87.941991760717,99.0705717584409,24.2497028948975,"https://www.google.com/maps/search/?api=1&query=24.24970289,99.07057176"
MORND-FLD-049,F049,Field,49,,57.7832179753588,2,30,1,898.796211548766,909.910371073954,904.435618117852,900.751217001801,908.097146359363,7.34592935756268,19.4462700801424,58.3034911254633,99.0700842671035,24.2502068542531,"https://www.google.com/maps/search/?api=1&query=24.25020685,99.07008427"
MORND-FLD-050,F050,Field,50,,65.0644590341974,3,34,1,873.791352514762,896.045198589333,885.415937208163,877.032527098282,893.352848726519,16.3203216282371,37.1969535139047,67.3279675071299,99.0708339391672,24.2500630091649,"https://www.google.com/maps/search/?api=1&query=24.25006301,99.07083394"
MORND-FLD-051,F051,Field,51,,124.420339636059,10,64,1,856.837228144361,892.606780324508,873.729469115746,859.062983352627,889.406631196683,30.3436478440555,30.6790163705903,128.607255387619,99.0715021481728,24.2500894961542,"https://www.google.com/maps/search/?api=1&query=24.25008950,99.07150215"
MORND-FLD-052,F052,Field,52,,1192.40552570477,122,598,1,829.728647951251,863.01647398165,843.359354202212,830.670631448371,860.586552447725,29.9159209993534,28.3142922278044,1202.45184699033,99.0679789838679,24.2475270553555,"https://www.google.com/maps/search/?api=1&query=24.24752706,99.06797898"
MORND-FLD-053,F053,Field,53,,529.222588577502,55,266,1,811.836016145944,857.628975103963,823.592879056194,812.441604104088,855.586331981103,43.1447278770149,25.8402069942612,535.687731450953,99.0722761905308,24.2485389279908,"https://www.google.com/maps/search/?api=1&query=24.24853893,99.07227619"
MORND-FLD-054,F054,Field,54,,95.2231520508357,3,49,1,860.369960170992,878.00863512384,869.575677723564,862.397485471137,876.12596626517,13.7284807940326,20.4395802004917,96.3049901341406,99.0653691646685,24.2472148782904,"https://www.google.com/maps/search/?api=1&query=24.24721488,99.06536916"
MORND-FLD-055,F055,Field,55,,148.986056698804,6,76,1,826.102480505997,860.312414332786,844.317146328571,828.738655002323,858.173364225265,29.4347092229422,26.3503437246379,152.192002218544,99.0657495918425,24.2461922977816,"https://www.google.com/maps/search/?api=1&query=24.24619230,99.06574959"
MORND-FLD-056,F056,Field,56,,153.799850993163,5,78,1,843.615135945665,881.143232306238,862.468673453103,846.082246708971,878.569508254827,32.4872615458568,25.6794018459795,157.522915288074,99.0659678090556,24.2470398042816,"https://www.google.com/maps/search/?api=1&query=24.24703980,99.06596781"
MORND-FLD-057,F057,Field,57,,59.652774696116,5,31,1,829.452118932137,842.607230394536,835.993721600504,831.618054577709,840.336784738158,8.71873016044958,21.9794112702594,60.480465738577,99.0663990193342,24.2461313947605,"https://www.google.com/maps/search/?api=1&query=24.24613139,99.06639902"
MORND-FLD-058,F058,Field,58,,215.818484384741,10,109,1,833.330326658804,883.076115553991,856.830853703099,834.753492192104,880.428313929498,45.6748217373939,27.3200037745417,221.582566504068,99.0665494681524,24.2468904714033,"https://www.google.com/maps/search/?api=1&query=24.24689047,99.06654947"
MORND-FLD-059,F059,Field,59,,248.78232791152,12,126,1,824.596945467644,881.996150852399,850.84719156797,825.608662003766,880.041695080341,54.433033076575,28.0805313971109,255.462365150528,99.0670524990501,24.2468429904897,"https://www.google.com/maps/search/?api=1&query=24.24684299,99.06705250"
MORND-FLD-060,F060,Field,60,,84.7555805597443,2,44,1,828.872150025224,845.29634405168,837.200188160502,830.706997666754,843.733215190492,13.0262175237384,20.2501611142775,85.8565129128781,99.0671896771241,24.246052814676,"https://www.google.com/maps/search/?api=1&query=24.24605281,99.06718968"
MORND-FLD-061,F061,Field,61,,69.493357953462,3,36,1,855.736005696594,875.497395513489,865.367231714906,858.369335153539,872.424103759824,14.0547686062844,28.6417393924881,71.0757872543794,99.0671562225727,24.2475463391387,"https://www.google.com/maps/search/?api=1&query=24.24754634,99.06715622"
MORND-FLD-062,F062,Field,62,,64.02112790656,3,34,1,861.103981512366,879.521959860229,869.777258138961,863.475283067665,876.326202551243,12.8509194835779,29.187558916494,65.6758243853725,99.068014899951,24.2480139037768,"https://www.google.com/maps/search/?api=1&query=24.24801390,99.06801490"
MORND-FLD-063,F063,Field,63,,58.9505099283419,3,31,1,861.56127971983,875.832363766487,868.777680036731,863.953878406458,873.504398088852,9.55051968239422,24.490741605067,59.8187240928064,99.0684435357429,24.2479654154084,"https://www.google.com/maps/search/?api=1&query=24.24796542,99.06844354"
MORND-FLD-064,F064,Field,64,,131.112844767545,8,67,1,846.943511875195,873.502559018542,859.24864308261,848.27414482298,870.839088997896,22.5649441749163,22.268964430482,133.555306602199,99.0688773989521,24.2478084955437,"https://www.google.com/maps/search/?api=1&query=24.24780850,99.06887740"
MORND-FLD-065,F065,Field,65,,65.38416760788,5,34,1,819.526940570765,840.999353093657,829.646886091784,822.21121854767,837.390667503015,15.1794489553449,34.170915450823,67.5216170314642,99.0699942783436,24.2476158707181,"https://www.google.com/maps/search/?api=1&query=24.24761587,99.06999428"
MORND-FLD-066,F066,Field,66,,63.4554852168666,4,33,1,840.748508081926,863.123553097325,852.424927226505,844.479163911043,860.143447767497,15.6642838564537,35.9900624837248,65.7291277428712,99.0698001405272,24.2481495463608,"https://www.google.com/maps/search/?api=1&query=24.24814955,99.06980014"
MORND-FLD-067,F067,Field,67,,124.431317820839,6,64,1,841.960598037957,875.896516667243,859.243944520478,844.95928186745,873.43745242122,28.4781705537699,28.0708388722391,128.168697660218,99.0702416513988,24.2484682048264,"https://www.google.com/maps/search/?api=1&query=24.24846820,99.07024165"
MORND-FLD-068,F068,Field,68,,71.2231273573682,5,37,1,812.833345194612,834.02954654447,823.149325732684,815.575886341358,831.0251852727,15.4492989313428,30.8023677507729,73.06530262112,99.0709674120177,24.2475138794823,"https://www.google.com/maps/search/?api=1&query=24.24751388,99.07096741"
MORND-FLD-069,F069,Field,69,,90.0644584856439,5,47,1,831.300293801695,858.166578253255,845.781525354425,834.140473788597,856.37128742613,22.2308136375328,34.5420317628558,93.2401884595856,99.0708695471374,24.2482364940833,"https://www.google.com/maps/search/?api=1&query=24.24823649,99.07086955"
MORND-FLD-070,F070,Field,70,,57.1769607048769,2,30,1,857.769658068873,875.169324334611,865.825204720819,859.902950697806,871.935464098758,12.032513400952,32.797452124631,58.5664430787712,99.0705945006011,24.2489939623709,"https://www.google.com/maps/search/?api=1&query=24.24899396,99.07059450"
MORND-FLD-071,F071,Field,71,,66.603620057517,4,35,1,833.84492744124,859.101288973805,846.929993169583,837.707516888866,855.605093810751,17.8975769218841,39.6718803833959,69.2751191051712,99.0710317518864,24.2487479883117,"https://www.google.com/maps/search/?api=1&query=24.24874799,99.07103175"
MORND-FLD-072,F072,Field,72,,64.0031653419909,2,34,1,833.73445825147,859.137135308585,846.149493860123,837.149077304126,855.123402407474,17.9743251033472,39.5507969420206,67.0278053291723,99.0712716561017,24.2490347449947,"https://www.google.com/maps/search/?api=1&query=24.24903474,99.07127166"
MORND-FLD-073,F073,Field,73,,1233.64022742216,84,618,1,867.854553383333,894.827733657702,886.477844795316,868.389829894449,894.408932834527,26.0191029400778,12.4875568867391,1239.79790706816,99.0629862368345,24.2502673217174,"https://www.google.com/maps/search/?api=1&query=24.25026732,99.06298624"
MORND-FLD-074,F074,Field,74,,190.637478518964,7,97,1,887.712936877816,905.718196882256,896.325678830988,888.300689349686,904.540845433295,16.2401560836093,11.3164061541142,191.504012325457,99.0638386464323,24.2493994556523,"https://www.google.com/maps/search/?api=1&query=24.24939946,99.06383865"
MORND-FLD-075,F075,Field,75,,57.8231204092122,3,30,1,889.796335820359,898.434578609765,895.576072743023,892.491355624838,898.038710129844,5.5473545050063,17.7148764823248,58.5313891713997,99.0640043589434,24.2497119126233,"https://www.google.com/maps/search/?api=1&query=24.24971191,99.06400436"
MORND-FLD-076,F076,Field,76,,32.3326059810956,2,18,1,889.743613700517,894.310770266145,892.778085665702,891.874885650185,893.903498512291,2.02861286210577,18.2539027707162,32.4451318815647,99.0635017030509,24.2494705667104,"https://www.google.com/maps/search/?api=1&query=24.24947057,99.06350170"
MORND-FLD-077,F077,Field,77,,85.8667412532586,4,44,1,889.395823652866,905.762793109507,898.94881154666,892.211253540841,904.495681298058,12.284427757217,23.7420021433849,87.018946661314,99.0645359740125,24.2498580735412,"https://www.google.com/maps/search/?api=1&query=24.24985807,99.06453597"
MORND-FLD-078,F078,Field,78,,37.9144177462395,2,20,1,888.315266390927,901.854215082219,895.252070468233,892.124857841948,898.392281616779,6.26742377483117,17.9868300309514,38.4573061117929,99.0648907279228,24.2502038042444,"https://www.google.com/maps/search/?api=1&query=24.25020380,99.06489073"
MORND-FLD-079,F079,Field,79,,66.9378141377973,5,35,1,903.481428185285,913.163306014628,909.360021278771,905.513809495944,912.666123593744,7.15231409780017,17.3671154836594,67.6883827330792,99.0651152934881,24.2496902109211,"https://www.google.com/maps/search/?api=1&query=24.24969021,99.06511529"
MORND-FLD-080,F080,Field,80,,72.3591728436993,4,38,1,894.147822172339,903.952930079569,899.780648651466,896.195892402329,902.933649133853,6.73775673152375,15.1187110762576,72.8301702531557,99.0644184177203,24.2491391968462,"https://www.google.com/maps/search/?api=1&query=24.24913920,99.06441842"
MORND-FLD-081,F081,Field,81,,43.0316012114238,5,23,1,890.039620128396,895.203413519282,892.885593119562,891.453362334035,894.299520826588,2.84615849255249,11.9532616486805,43.2094218823107,99.0636314933916,24.2491881021101,"https://www.google.com/maps/search/?api=1&query=24.24918810,99.06363149"
MORND-FLD-082,F082,Field,82,,30.7043479441995,2,17,1,914.598603187681,918.900924949357,917.241699808074,916.495276411217,918.105232388902,1.60995597768476,10.6963068947281,30.7663665203405,99.0661171681394,24.2499608873758,"https://www.google.com/maps/search/?api=1&query=24.24996089,99.06611717"
MORND-FLD-083,F083,Field,83,,43.606789167788,3,23,1,915.472995083069,919.810853754454,918.88082129166,917.973363187267,919.721774899757,1.74841171249,8.49144043802997,43.8047300110457,99.0666043547264,24.2502495725175,"https://www.google.com/maps/search/?api=1&query=24.25024957,99.06660435"
MORND-FLD-084,F084,Field,84,,31.7978076238229,2,17,1,912.049279199158,917.880091988172,915.4599609538,914.355571905054,916.695483822004,2.3399119169502,11.1302781540951,31.9143629448131,99.0670078688121,24.2503572405497,"https://www.google.com/maps/search/?api=1&query=24.25035724,99.06700787"
MORND-FLD-085,F085,Field,85,,26.927502786727,2,15,1,912.675303232364,917.025494516267,915.039717193988,914.424220663288,915.691058264956,1.2668376016685,11.4076949252046,26.9847141880096,99.0674418478908,24.2504123436959,"https://www.google.com/maps/search/?api=1&query=24.25041234,99.06744185"
MORND-FLD-086,F086,Field,86,,45.1116864875089,4,24,1,913.367117337971,918.419169470789,916.355093980705,914.739565661798,917.919347394917,3.17978173311826,11.6778241915837,45.4251902376458,99.0679271299501,24.2506339959059,"https://www.google.com/maps/search/?api=1&query=24.25063400,99.06792713"
MORND-FLD-087,F087,Field,87,,33.3695843024338,2,18,1,916.644329294723,922.70752095307,920.113466322499,918.87163497114,921.432299466196,2.56066449505624,10.6718595224999,33.4904464399284,99.0683271347028,24.250917144808,"https://www.google.com/maps/search/?api=1&query=24.25091714,99.06832713"
MORND-FLD-088,F088,Field,88,,42.848518471122,2,23,1,919.772340328862,926.960977992334,924.4019977255,922.363141041727,926.376546927149,4.01340588542189,15.6396025940406,43.0515338000571,99.068756544977,24.2511646645258,"https://www.google.com/maps/search/?api=1&query=24.25116466,99.06875654"
MORND-FLD-089,F089,Field,89,,68.9642621419355,3,36,1,923.380378958867,942.106888729926,932.837951411171,926.057017512419,939.512527580353,13.455510067934,27.406529468145,70.4526200609682,99.070466328532,24.2521362923495,"https://www.google.com/maps/search/?api=1&query=24.25213629,99.07046633"
MORND-FLD-090,F090,Field,90,,63.9127298045496,5,33,1,918.488383472363,937.972424600008,929.102611937065,921.973685313801,935.580370571739,13.6066852579382,33.2175594107758,65.7301930882704,99.070993116273,24.2522614234605,"https://www.google.com/maps/search/?api=1&query=24.25226142,99.07099312"
MORND-FLD-091,F091,Field,91,,125.370210835971,10,64,1,886.522427928086,922.408965611893,902.390532612877,888.323744229414,919.140702936178,30.8169587067638,35.5214084818603,129.991066991748,99.0712661953271,24.2516287920747,"https://www.google.com/maps/search/?api=1&query=24.25162879,99.07126620"
MORND-FLD-092,F092,Field,92,,209.122479975028,10,106,1,862.436323244654,923.418547204567,888.128645707484,863.910982987894,919.883306180738,55.9723231928444,39.9109571434562,217.466806886531,99.0728801338017,24.2522577429526,"https://www.google.com/maps/search/?api=1&query=24.25225774,99.07288013"
MORND-FLD-093,F093,Field,93,,136.493845672104,5,70,1,922.540982372637,966.610092652801,946.259182610875,926.147946320953,964.920825335096,38.7728790141424,35.4578867408781,142.318279379865,99.0715775357336,24.2532592716827,"https://www.google.com/maps/search/?api=1&query=24.25325927,99.07157754"
MORND-FLD-094,F094,Field,94,,58.3806193642794,2,31,1,876.391607337295,885.786673892825,881.804154903875,878.383968243628,884.834811430511,6.45084318688237,18.4928147930947,58.8172180873755,99.0620104015406,24.2489624822773,"https://www.google.com/maps/search/?api=1&query=24.24896248,99.06201040"
MORND-FLD-095,F095,Field,95,,113.055343790898,2,58,1,874.856366439886,887.54297995188,881.994640104856,875.995775414377,887.236069602623,11.2402941882451,14.5311271507849,113.70561334929,99.0622307856805,24.2486810309901,"https://www.google.com/maps/search/?api=1&query=24.24868103,99.06223079"
MORND-FLD-096,F096,Field,96,,124.849981380479,3,64,1,871.740832730449,887.728524363501,880.932186091944,873.267502812506,887.327587554844,14.0600847423381,15.997706582901,126.481559715306,99.0625119724872,24.2486174852338,"https://www.google.com/maps/search/?api=1&query=24.24861749,99.06251197"
MORND-FLD-097,F097,Field,97,,119.244260956497,5,61,1,873.334866268009,889.714724565753,881.711268469282,874.47676991783,888.631999262998,14.1552293451678,16.3947966053581,120.219377686129,99.0629781859733,24.2486309106546,"https://www.google.com/maps/search/?api=1&query=24.24863091,99.06297819"
MORND-FLD-098,F098,Field,98,,191.174668363433,8,97,1,876.337437669174,890.063513437914,883.088389692862,877.45254022343,888.834925771727,11.3823855482973,10.4183068857339,191.979205528138,99.0633652297196,24.2481739517652,"https://www.google.com/maps/search/?api=1&query=24.24817395,99.06336523"
MORND-FLD-099,F099,Field,99,,148.666691192261,4,76,1,881.149171464,890.229993870166,885.903165936758,882.294391672298,889.644944824612,7.35055315231364,7.19470717514805,149.213039036705,99.0638888458407,24.2478903934676,"https://www.google.com/maps/search/?api=1&query=24.24789039,99.06388885"
MORND-FLD-100,F100,Field,100,,316.491790620805,19,160,1,856.621140514633,873.002325787854,862.597711923964,857.660115338877,871.827598252809,14.1674829139322,13.5400584604946,318.083581043755,99.0615261263578,24.247410644939,"https://www.google.com/maps/search/?api=1&query=24.24741064,99.06152613"
MORND-FLD-101,F101,Field,101,,56.4008131361618,2,30,1,860.374865771805,875.041556609348,869.159318920701,864.013037549916,873.844566295389,9.83152874547341,29.4371501813818,57.3797221747181,99.0616205564784,24.2483310509293,"https://www.google.com/maps/search/?api=1&query=24.24833105,99.06162056"
MORND-FLD-102,F102,Field,102,,80.373233861471,3,42,1,862.353355366297,874.556294074948,869.593208142164,864.80160378377,873.516765457975,8.71516167420555,18.8592498871098,81.1412691688907,99.0617512861668,24.2479096988242,"https://www.google.com/maps/search/?api=1&query=24.24790970,99.06175129"
MORND-FLD-103,F103,Field,103,,68.6827546694368,3,36,1,860.40540940835,874.167503652525,868.140411843548,862.785743206483,872.90158197895,10.1158387724669,22.7021985804454,69.5209063016079,99.0620194441791,24.2477967801704,"https://www.google.com/maps/search/?api=1&query=24.24779678,99.06201944"
MORND-FLD-104,F104,Field,104,,26.7769125075268,2,15,1,867.674562973816,871.740832730449,869.482427337672,868.85374995348,870.052186636655,1.19843668317515,12.1258268710224,26.8309733066177,99.0624876414069,24.2479321700958,"https://www.google.com/maps/search/?api=1&query=24.24793217,99.06248764"
MORND-FLD-105,F105,Field,105,,139.161872928167,11,71,1,860.411568700779,876.337437669174,868.33292227151,861.591165784122,875.620117159289,14.0289513751669,17.6881042483402,140.217784978601,99.062779764636,24.2468253952559,"https://www.google.com/maps/search/?api=1&query=24.24682540,99.06277976"
MORND-FLD-106,F106,Field,106,,114.371246437516,3,59,1,860.580573646792,876.861632710273,868.622725499186,861.946753355235,875.459353450818,13.5126000955836,14.7021703452243,115.274383049767,99.0632106977085,24.2467731617464,"https://www.google.com/maps/search/?api=1&query=24.24677316,99.06321070"
MORND-FLD-107,F107,Field,107,,205.25242836209,7,104,1,824.871205878659,865.083329144086,845.783500008184,826.551335555839,863.496278169379,36.9449426135401,23.1485908069656,208.789282965693,99.0648613541364,24.2458249196703,"https://www.google.com/maps/search/?api=1&query=24.24582492,99.06486135"
MORND-FLD-108,F108,Field,108,,108.146707564624,4,56,1,839.961899900033,860.073239744397,850.637668212353,841.71853847272,858.730984067504,17.0124455947832,21.4369634700101,109.676657827091,99.0641469447143,24.2459009596359,"https://www.google.com/maps/search/?api=1&query=24.24590096,99.06414694"
MORND-FLD-109,F109,Field,109,,96.2273603153996,6,50,1,844.56020074559,860.616904390641,852.680932495214,846.279381638866,859.171287770376,12.8919061315105,16.9484675209236,97.2647664599717,99.063537389775,24.2458855158252,"https://www.google.com/maps/search/?api=1&query=24.24588552,99.06353739"
MORND-FLD-110,F110,Field,110,,155.018085986618,7,79,1,861.776249142214,884.622797505126,873.590359273751,863.274780203098,883.55464703697,20.2798668338729,15.7862488698025,156.576650685154,99.0635620292164,24.2471065757374,"https://www.google.com/maps/search/?api=1&query=24.24710658,99.06356203"
MORND-FLD-111,F111,Field,111,,159.25525770858,5,81,1,863.97007629886,886.984828531318,875.783646924782,865.448918979602,885.883917091515,20.4349981119128,15.6614633432415,161.14496429748,99.0640420992404,24.2472836735769,"https://www.google.com/maps/search/?api=1&query=24.24728367,99.06404210"
MORND-FLD-112,F112,Field,112,,255.119686172821,24,129,0.976744186046512,824.733530607899,830.998316713027,827.255582965663,824.854626917722,830.655790663729,5.80116374600664,7.36561843717553,255.891192448824,99.0591688625796,24.2448412518665,"https://www.google.com/maps/search/?api=1&query=24.24484125,99.05916886"
MORND-FLD-113,F113,Field,113,,122.984659277267,7,63,0.952380952380952,837.359045060509,848.710944723728,840.862510445428,837.78761227033,846.86494148826,9.07732921792922,16.9350811839651,123.98677740781,99.058493474716,24.2456005205643,"https://www.google.com/maps/search/?api=1&query=24.24560052,99.05849347"
MORND-FLD-114,F114,Field,114,,74.7720655139145,3,39,1,811.524845900516,824.77410196445,817.550282668665,812.855713769014,822.731295629392,9.87558186037745,19.7216031409261,75.5716912610664,99.0584162678817,24.2443785073394,"https://www.google.com/maps/search/?api=1&query=24.24437851,99.05841627"
MORND-FLD-115,F115,Field,115,,59.4520531716517,2,31,1,825.525139834955,838.668943313994,832.024184212149,827.528095873627,836.514958368208,8.98686249458115,22.6349046325297,60.2067029610618,99.0583952155485,24.2450486181724,"https://www.google.com/maps/search/?api=1&query=24.24504862,99.05839522"
MORND-FLD-116,F116,Field,116,,98.8437041909804,3,51,1,812.86003498069,828.165234730735,819.436347607914,813.505971288981,826.321681612638,12.815710323657,18.6188768156689,99.8931103871283,99.0588411634452,24.2445445534473,"https://www.google.com/maps/search/?api=1&query=24.24454455,99.05884116"
MORND-FLD-117,F117,Field,117,,71.2120726599808,6,37,1,828.165234730735,839.995269850501,834.068149530487,829.84825613486,838.323092829379,8.47483669451822,16.7798593757512,71.9663515745666,99.0589518818974,24.2452994763701,"https://www.google.com/maps/search/?api=1&query=24.24529948,99.05895188"
MORND-FLD-118,F118,Field,118,,75.2548910821427,6,39,1,828.02466454476,838.567670747405,832.985719761307,829.061755799925,837.092269066305,8.03051326637978,14.9564142948285,75.9895742551193,99.0587210387722,24.2453251531673,"https://www.google.com/maps/search/?api=1&query=24.24532515,99.05872104"
MORND-FLD-119,F119,Field,119,,215.622465737479,17,109,1,838.454062057695,840.817128628191,839.442598872116,838.617213671931,840.382371238802,1.76515756687127,3.07705969104816,216.088366903479,99.0594652386282,24.2454146483281,"https://www.google.com/maps/search/?api=1&query=24.24541465,99.05946524"
MORND-FLD-120,F120,Field,120,,118.336559116895,4,61,1,838.989350860274,855.143400091468,848.322648913984,840.792216923502,854.330828718026,13.5386117945238,18.0524031733761,120.211926188928,99.0594436108279,24.2459549750628,"https://www.google.com/maps/search/?api=1&query=24.24595498,99.05944361"
MORND-FLD-121,F121,Field,121,,76.2613484017626,4,40,1,840.105101165905,853.089073296992,846.630730187189,841.336647619344,851.863603243461,10.5269556241162,19.8584302006834,77.3589961887835,99.0590736289687,24.2459961374818,"https://www.google.com/maps/search/?api=1&query=24.24599614,99.05907363"
MORND-FLD-122,F122,Field,122,,144.059619698657,5,74,1,815.679008601408,838.828594251649,825.662387795753,816.154526430456,836.881685083752,20.7271586532967,19.1196740727222,146.046155533949,99.0595889224465,24.2448003756874,"https://www.google.com/maps/search/?api=1&query=24.24480038,99.05958892"
MORND-FLD-123,F123,Field,123,,148.696792660711,5,76,1,839.249697879758,859.968737250905,850.709545175994,840.831461974855,858.844350323604,18.0128883487487,17.7065626223171,149.928272383844,99.0598051535587,24.2462528859831,"https://www.google.com/maps/search/?api=1&query=24.24625289,99.05980515"
MORND-FLD-124,F124,Field,124,,202.659802224669,11,103,1,824.804031921236,836.40537921784,830.986842211556,825.658637470509,836.235815349256,10.5771778787473,8.28442071571412,203.600789778512,99.0610571169066,24.2446939924641,"https://www.google.com/maps/search/?api=1&query=24.24469399,99.06105712"
MORND-FLD-125,F125,Field,125,,241.022893908727,10,122,1,840.446326724079,848.873564173066,845.119826276303,841.343956155764,848.087424815213,6.74346865944915,12.6111554028193,245.569129782216,99.0613068329596,24.2452614759643,"https://www.google.com/maps/search/?api=1&query=24.24526148,99.06130683"
MORND-FLD-126,F126,Field,126,,149.097017066592,6,76,1,836.217865472688,848.011030775474,840.787406454209,836.751895139666,846.733225595886,9.9813304562208,17.9638189143015,150.771599882224,99.0606839242596,24.2462550151865,"https://www.google.com/maps/search/?api=1&query=24.24625502,99.06068392"
MORND-FLD-127,F127,Field,127,,56.6190781187772,3,30,1,830.339495613628,847.811954651096,839.634893276428,833.484466229109,845.492431220908,12.0079649917992,33.1090500080651,58.065074818967,99.0612357010916,24.2449909815154,"https://www.google.com/maps/search/?api=1&query=24.24499098,99.06123570"
MORND-FLD-128,F128,Field,128,,92.7022410058764,3,48,1,821.065599242115,844.355063002744,832.517729555425,822.339621287026,842.766726228036,20.4271049410099,31.3908854724936,95.2233314080138,99.0606546036731,24.2446877701886,"https://www.google.com/maps/search/?api=1&query=24.24468777,99.06065460"
MORND-FLD-129,F129,Field,129,,266.641720082692,8,135,1,880.238334840725,926.302728141957,903.723222825331,883.876343392236,925.214925192609,41.3385818003735,26.1489649181898,270.477970325946,99.0629463947574,24.2512961767691,"https://www.google.com/maps/search/?api=1&query=24.25129618,99.06294639"
MORND-FLD-130,F130,Field,130,,243.391166996101,12,123,1,901.930587807453,911.444158550589,908.502106102803,903.390001318652,911.282764599216,7.89276328056383,8.96789816225473,244.097005422278,99.0620123361152,24.2517650913277,"https://www.google.com/maps/search/?api=1&query=24.25176509,99.06201234"
MORND-FLD-131,F131,Field,131,,261.59363559139,6,132,1,869.989157519103,929.02528569396,901.856823862009,871.74966652418,928.336412613515,56.5867460893351,28.2502791479277,268.523676608722,99.064822714398,24.2513270615271,"https://www.google.com/maps/search/?api=1&query=24.25132706,99.06482271"
MORND-FLD-132,F132,Field,132,,574.042080671132,36,289,1,882.76164265482,910.672574034456,892.414300179245,883.046406524922,908.451600399858,25.4051938749359,20.7093640577259,577.479343438971,99.0642696536996,24.2511851570036,"https://www.google.com/maps/search/?api=1&query=24.25118516,99.06426965"
MORND-FLD-133,F133,Field,133,,232.608650703062,7,118,1,867.984285718713,930.73430941679,896.146213196065,869.912489451971,929.640480715065,59.7279912630938,45.9003464475555,241.937056068138,99.0634889887615,24.2516114096436,"https://www.google.com/maps/search/?api=1&query=24.25161141,99.06348899"
MORND-FLD-134,F134,Field,134,,76.3223794124601,4,40,1,893.17786693581,912.559544044513,903.818217754589,895.77501287788,911.172210939718,15.397198061838,29.8033031097111,78.1619264970491,99.0639165085707,24.2517692517077,"https://www.google.com/maps/search/?api=1&query=24.25176925,99.06391651"
MORND-FLD-135,F135,Field,135,,148.689776825152,5,76,1,877.738751976079,915.05975271565,896.669011323262,878.90279536388,912.949712193027,34.0469168291479,31.8357919222591,153.142350328864,99.0642187417802,24.2514551615082,"https://www.google.com/maps/search/?api=1&query=24.25145516,99.06421874"
MORND-FLD-136,F136,Field,136,,61.5305902510959,4,32,1,914.986806976597,931.43089960372,922.628569216418,916.890164969882,928.634345112154,11.7441801422724,29.5459794162023,63.0750262830293,99.0646862772216,24.2522091499553,"https://www.google.com/maps/search/?api=1&query=24.25220915,99.06468628"
MORND-FLD-137,F137,Field,137,,89.5741662952039,3,46,1,914.996020989485,928.889117763602,923.294589659934,917.03615559855,928.327128883505,11.2909732849552,20.0269191389004,90.5046087155471,99.0652116026443,24.252020047218,"https://www.google.com/maps/search/?api=1&query=24.25202005,99.06521160"
MORND-FLD-138,F138,Field,138,,443.193628335243,22,223,1,904.500279297559,949.297956185587,924.970334984551,905.485654317973,947.069126392152,41.5834720741796,25.7273545747778,452.690299606643,99.0670883872803,24.251122855432,"https://www.google.com/maps/search/?api=1&query=24.25112286,99.06708839"
MORND-FLD-139,F139,Field,139,,53.6970404005496,2,28,1,938.570996354955,950.314824528047,944.550578491517,940.895327128284,948.126529202803,7.23120207451939,21.6243116031238,54.2417021379042,99.0679520376296,24.2524759890655,"https://www.google.com/maps/search/?api=1&query=24.25247599,99.06795204"
MORND-FLD-140,F140,Field,140,,61.9327331770158,4,32,1,931.323348497266,946.719128687484,939.748732703686,934.477831139099,944.740992433163,10.2631612940633,26.2863148085136,63.0375270259645,99.0671453995555,24.2526225065223,"https://www.google.com/maps/search/?api=1&query=24.25262251,99.06714540"
MORND-FLD-141,F141,Field,141,,76.2900818162086,2,40,1,946.876625882642,958.043185428886,953.127959455396,948.834669521172,957.023567821944,8.18889830077183,16.2150819763687,76.7890485063997,99.06725088413,24.2532395510584,"https://www.google.com/maps/search/?api=1&query=24.25323955,99.06725088"
MORND-FLD-142,F142,Field,142,,53.6842470356131,2,28,1,948.297706417016,955.819600950767,952.235983093831,949.836539672343,954.600263038992,4.76372336664861,14.2806651893009,53.9199258769521,99.0669043170638,24.2532053184623,"https://www.google.com/maps/search/?api=1&query=24.25320532,99.06690432"
MORND-FLD-143,F143,Field,143,,71.3604390957598,4,37,1,915.87740134919,933.282065432379,923.729722123052,917.636986831697,930.396536967848,12.759550136151,27.0644626481063,72.8233026355824,99.0682712940709,24.251795323991,"https://www.google.com/maps/search/?api=1&query=24.25179532,99.06827129"
MORND-FLD-144,F144,Field,144,,111.56478003947,3,57,1,917.596935455539,948.060059743013,931.403809290069,918.864387010127,945.262637298782,26.3982502886549,31.8887468967401,114.961515657175,99.0684883006687,24.2520980971293,"https://www.google.com/maps/search/?api=1&query=24.25209810,99.06848830"
MORND-FLD-145,F145,Field,145,,56.3311674252644,3,30,1,931.536246867572,948.065577252164,940.021627678304,934.413858669629,945.607525496004,11.1936668263756,29.7009250665067,57.6459293708414,99.0688059189945,24.2523858666248,"https://www.google.com/maps/search/?api=1&query=24.25238587,99.06880592"
MORND-FLD-146,F146,Field,146,,50.8602624119198,2,27,1,933.038310902031,944.839029242448,938.58494771688,934.649167616369,942.587203887199,7.93803627082968,24.9705603392926,51.5419982177753,99.0693049656402,24.2523555728211,"https://www.google.com/maps/search/?api=1&query=24.25235557,99.06930497"
MORND-FLD-147,F147,Field,147,,79.4744689093415,3,41,1,929.086222192812,942.427432012498,934.611422533462,929.669656255629,940.541827001573,10.8721707459441,21.900692073238,80.4526314048751,99.0655175916599,24.2526303957872,"https://www.google.com/maps/search/?api=1&query=24.25263040,99.06551759"
MORND-FLD-148,F148,Field,148,,52.5629293204103,4,28,1,930.88804358612,938.874951177413,935.912855388959,932.941420879629,938.566553644682,5.62513276505297,17.2335306153341,53.1936910496088,99.0650170135882,24.2526814946843,"https://www.google.com/maps/search/?api=1&query=24.25268149,99.06501701"
MORND-FLD-149,F149,Field,149,,51.2391384160862,3,27,1,931.836326742792,937.021374089103,935.212956983357,933.530046331038,936.690306280521,3.16025994948279,11.1347970640905,51.3619176913422,99.0644793949553,24.2526720044415,"https://www.google.com/maps/search/?api=1&query=24.25267200,99.06447939"
MORND-FLD-150,F150,Field,150,,42.5924664603549,4,23,1,938.046186688511,949.580434012225,943.515693031594,940.24736695857,946.795343253905,6.54797629533493,27.2248682453463,43.2215830569071,99.0707152545623,24.2526695439333,"https://www.google.com/maps/search/?api=1&query=24.25266954,99.07071525"
MORND-FLD-151,F151,Field,151,,88.1820721326422,5,46,1,932.135144872702,958.21239825756,944.994058796717,935.011964137524,955.609888720468,20.597924582944,32.0485558784245,91.0516047098385,99.0712128896938,24.2529349994955,"https://www.google.com/maps/search/?api=1&query=24.25293500,99.07121289"
MORND-FLD-152,F152,Field,152,,40.487523380834,4,22,1,951.982320154132,967.570867847348,960.389802210655,956.314863529065,964.464740892245,8.14987736318028,36.2330695948578,41.5007967939091,99.0715027451388,24.2540757962398,"https://www.google.com/maps/search/?api=1&query=24.25407580,99.07150275"
MORND-FLD-153,F153,Field,153,,54.7047327780338,3,29,1,947.706089936061,959.129703540388,952.857664381461,949.141103021136,956.866222940404,7.72511991926785,22.6676712928786,55.3295050814151,99.0698205949334,24.2534019996315,"https://www.google.com/maps/search/?api=1&query=24.25340200,99.06982059"
MORND-FLD-154,F154,Field,154,,96.6803837971594,6,50,1,948.274461700848,965.033409236948,957.122291122686,949.616607180248,964.01919997558,14.4025927953313,22.6883678087068,97.9995337963767,99.0703533193347,24.2533963763012,"https://www.google.com/maps/search/?api=1&query=24.25339638,99.07035332"
MORND-FLD-155,F155,Field,155,,73.6618631980769,7,38,1,943.733754484019,955.921838615534,949.282613382491,945.090502280992,953.905927985295,8.81542570430247,17.9805052385573,74.3536370301309,99.0696514157962,24.2529846308747,"https://www.google.com/maps/search/?api=1&query=24.25298463,99.06965142"
MORND-FLD-156,F156,Field,156,,57.4111728745081,4,30,1,947.968229055486,958.110681159683,953.305139620642,949.911006850825,956.569202943552,6.65819609272637,17.7361379917122,58.0231608498338,99.0691920132297,24.2528164948094,"https://www.google.com/maps/search/?api=1&query=24.25281649,99.06919201"
MORND-FLD-157,F157,Field,157,,64.1775866634536,3,34,1,947.358536307118,959.272197756861,954.418108252961,949.887099049889,958.451919234214,8.56482018432507,21.6598410200095,64.9097266597177,99.0686875123235,24.2528830970823,"https://www.google.com/maps/search/?api=1&query=24.25288310,99.06868751"
MORND-FLD-158,F158,Field,158,,65.000257287056,3,34,1,950.542932382252,961.837367390132,956.950937394939,952.805738700106,960.822672631845,8.01693393173923,19.0701489969453,65.6249559212869,99.0680595048049,24.2530421481759,"https://www.google.com/maps/search/?api=1&query=24.25304215,99.06805950"
MORND-FLD-159,F159,Field,159,,96.3565403229738,4,50,1,946.844982083422,962.444764214154,955.082202353625,948.86798402207,961.156088312978,12.2881042909073,16.6917213334067,97.2978443850922,99.0676336630155,24.2532702586243,"https://www.google.com/maps/search/?api=1&query=24.25327026,99.06763366"
MORND-FLD-160,F160,Field,160,,135.983713655643,5,69,1,963.053745731014,975.213101842061,969.429260284939,964.635524074911,974.105680240414,9.47015616550311,11.0150595143691,136.369056554397,99.0685348280239,24.2539281977066,"https://www.google.com/maps/search/?api=1&query=24.25392820,99.06853483"
MORND-FLD-161,F161,Field,161,,50.0655829150023,2,27,1,970.27200872588,971.236210607894,970.935605210574,970.613628385373,971.184751574083,0.571123188710089,2.24959456715012,50.0771000064073,99.0685825150274,24.2542304746346,"https://www.google.com/maps/search/?api=1&query=24.25423047,99.06858252"
MORND-FLD-162,F162,Field,162,,102.99429982903,5,53,1,960.756029351409,970.578546454067,965.682672082226,961.506996900388,969.870556973671,8.36356007328277,10.7820517817476,103.614968930703,99.0687294754356,24.2536184085983,"https://www.google.com/maps/search/?api=1&query=24.25361841,99.06872948"
MORND-FLD-163,F163,Field,163,,130.98638501505,5,67,1,957.441607961614,974.797820566102,966.124540432347,958.991388084984,973.42530428078,14.4339161957961,14.4921004057134,131.934320984071,99.0692226511704,24.2536813623421,"https://www.google.com/maps/search/?api=1&query=24.25368136,99.06922265"
MORND-FLD-164,F164,Field,164,,51.4692117015052,2,27,1,976.391492225668,981.645739186727,979.220138591201,977.543340050212,980.852529279978,3.30918922976639,10.6195840788763,51.5879798533678,99.0693880649295,24.2545139715095,"https://www.google.com/maps/search/?api=1&query=24.25451397,99.06938806"
MORND-FLD-165,F165,Field,165,,71.0732042637124,2,37,1,974.288704558482,985.24812861429,980.643736778175,976.446450708649,984.285459406872,7.83900869822332,18.2062209028178,71.5677560046335,99.0698984175386,24.2545947327677,"https://www.google.com/maps/search/?api=1&query=24.25459473,99.06989842"
MORND-FLD-166,F166,Field,166,,72.4681204947904,3,38,1,958.870428808433,975.372260100802,967.552188014437,961.157402452246,973.543202459147,12.3858000069016,24.9759974984685,73.9970131098427,99.0696916574106,24.253930550006,"https://www.google.com/maps/search/?api=1&query=24.25393055,99.06969166"
MORND-FLD-167,F167,Field,167,,45.3642412314785,3,24,1,891.933885405578,899.335107088487,895.820256179644,893.672411642245,897.953453789311,4.28104214706582,16.5677350372521,45.7496925361535,99.0595308345269,24.2524749422723,"https://www.google.com/maps/search/?api=1&query=24.25247494,99.05953083"
MORND-FLD-168,F168,Field,168,,214.164017120132,9,109,1,894.029474771665,911.808251568306,904.778075170149,894.942446566865,911.570495415788,16.6280488489226,16.9334302608182,215.7098880659,99.0602897449346,24.2529244947212,"https://www.google.com/maps/search/?api=1&query=24.25292449,99.06028974"
MORND-FLD-169,F169,Field,169,,56.3262603822386,3,30,1,894.253040510171,902.757330139916,898.442191803977,895.631695085563,901.347046736768,5.71535165120565,15.7003889940641,56.7862693646836,99.0599597107384,24.252277622684,"https://www.google.com/maps/search/?api=1&query=24.25227762,99.05995971"
MORND-FLD-170,F170,Field,170,,138.482129650448,6,71,1,880.32335368101,908.176739622275,895.19470932754,882.390159935765,906.307537240247,23.9173773044827,24.9594383297999,140.916457514442,99.0600253119276,24.2519634993113,"https://www.google.com/maps/search/?api=1&query=24.25196350,99.06002531"
MORND-FLD-171,F171,Field,171,,122.811132470285,7,63,1,892.789000302188,910.386709349104,901.944756703038,894.189992666358,909.634307998297,15.4443153319393,15.9640283914798,124.5974444013,99.0607206136942,24.2516691745008,"https://www.google.com/maps/search/?api=1&query=24.25166917,99.06072061"
MORND-FLD-172,F172,Field,172,,104.873673958183,3,54,1,890.997339121217,911.38137972315,901.095315709241,892.621588502126,909.354888967701,16.7333004655752,20.6127599192535,106.398166124213,99.0609574477223,24.2516128129261,"https://www.google.com/maps/search/?api=1&query=24.25161281,99.06095745"
MORND-FLD-173,F173,Field,173,,81.888130262243,3,42,1,887.610047561804,909.968204330494,897.918274272285,889.803806542551,906.754736180983,16.9509296384317,30.1396183266176,83.8246350700932,99.0613449685996,24.2515860255677,"https://www.google.com/maps/search/?api=1&query=24.25158603,99.06134497"
MORND-FLD-174,F174,Field,174,,40.0193517130596,2,22,1,893.385800601213,908.047368777294,901.151093593406,897.16007532517,905.142111861643,7.98203653647283,34.9084956587185,41.1011133184545,99.0617036008933,24.2516779511357,"https://www.google.com/maps/search/?api=1&query=24.25167795,99.06170360"
MORND-FLD-175,F175,Field,175,,43.9106950452633,2,23,1,907.75274802793,918.659426792388,913.650634185317,910.70104091042,916.574433042351,5.87339213193059,24.0125927512697,44.3302166542953,99.0619586479478,24.2519929282307,"https://www.google.com/maps/search/?api=1&query=24.25199293,99.06195865"
MORND-FLD-176,F176,Field,176,,77.4563809314066,4,40,1,909.840315807031,922.033444613182,916.401761261115,911.647518545939,920.958956703893,9.31143815795394,16.8541829966575,78.2356845138845,99.0624893270775,24.2519862385769,"https://www.google.com/maps/search/?api=1&query=24.25198624,99.06248933"
MORND-FLD-177,F177,Field,177,,635.645043344816,37,319,1,910.419220777956,949.534616389143,931.570822745859,912.488496923405,949.106518628117,36.6180217047117,16.422940572742,639.561008488537,99.0631875322424,24.2531305878367,"https://www.google.com/maps/search/?api=1&query=24.25313059,99.06318753"
MORND-FLD-178,F178,Field,178,,100.508267167989,7,52,1,916.484700470254,926.304341078094,923.297173330352,918.280286910188,926.080805337127,7.80051842693877,15.9216597921576,101.224774222783,99.0614044959707,24.2525113811173,"https://www.google.com/maps/search/?api=1&query=24.25251138,99.06140450"
MORND-FLD-179,F179,Field,179,,64.0286882921239,2,34,1,919.517801998218,925.629971637387,923.556214957453,921.091592489523,925.378871950568,4.28727946104505,12.6015453141875,64.2146430834551,99.0621684975822,24.2525165403503,"https://www.google.com/maps/search/?api=1&query=24.25251654,99.06216850"
MORND-FLD-180,F180,Field,180,,63.4159081525242,2,33,1,922.594947539941,924.587903908528,924.068946246111,923.612162997424,924.41443614089,0.802273143465641,4.24975207815312,63.4305761290487,99.0626661296488,24.2526637773314,"https://www.google.com/maps/search/?api=1&query=24.25266378,99.06266613"
MORND-FLD-181,F181,Field,181,,143.318136064738,4,73,1,924.58805473608,936.176790603488,931.28616949479,925.573369316313,936.058355865017,10.4849865487042,9.94386148914471,143.759021304281,99.0633219185697,24.2529099865158,"https://www.google.com/maps/search/?api=1&query=24.25290999,99.06332192"
MORND-FLD-182,F182,Field,182,,57.1971086677988,4,30,1,934.479906328251,937.912954261905,935.791187379598,934.865423870711,937.177624993606,2.31220112289532,7.63136306978573,57.3482897227817,99.0640241926998,24.2530961287352,"https://www.google.com/maps/search/?api=1&query=24.25309613,99.06402419"
MORND-FLD-183,F183,Field,183,,320.539281517123,13,162,1,945.99718890202,968.097828268592,960.855843253294,947.660750670641,967.28131145079,19.6205607801495,13.9544310020269,321.868215033309,99.0666248123103,24.254160166219,"https://www.google.com/maps/search/?api=1&query=24.25416017,99.06662481"
MORND-FLD-184,F184,Field,184,,84.5173066292268,3,44,1,947.978996505341,958.413580013738,953.82716607935,949.562234915318,957.728635526955,8.1664006116373,13.7072950106974,84.9569869252293,99.065739430574,24.2535328849528,"https://www.google.com/maps/search/?api=1&query=24.25353288,99.06573943"
MORND-FLD-185,F185,Field,185,,119.598008487869,3,61,1,945.062230766486,960.541094763287,954.852937041549,946.973415327864,960.185998302066,13.212582974202,19.0642697678123,120.600934840698,99.0660176485041,24.2535797091095,"https://www.google.com/maps/search/?api=1&query=24.25357971,99.06601765"
MORND-FLD-186,F186,Field,186,,90.6606172798935,4,47,1,951.678179519995,961.565083251853,958.008847937643,953.551422558017,961.266742658532,7.71532010051465,14.6802384949092,91.046464850046,99.0664169274838,24.2537238301898,"https://www.google.com/maps/search/?api=1&query=24.25372383,99.06641693"
MORND-FLD-187,F187,Field,187,,33.3334603665904,3,18,1,949.344550913707,951.529287110039,950.857803916984,950.476175928555,951.34096279701,0.864786868455099,4.16481376795278,33.4284759653169,99.0653815369006,24.2537513451143,"https://www.google.com/maps/search/?api=1&query=24.25375135,99.06538154"
MORND-FLD-188,F188,Field,188,,81.6024651515684,2,42,1,955.819600950767,965.13063959331,960.814175372348,956.992229777961,964.461496591196,7.46926681323487,12.6848491115917,81.984621528663,99.0669302818929,24.2538303838289,"https://www.google.com/maps/search/?api=1&query=24.25383038,99.06693028"
MORND-FLD-189,F189,Field,189,,61.8479524713799,3,32,1,959.056559594657,966.135383758251,962.943786831135,960.407756202619,965.380878058545,4.97312185592511,12.4590748482958,62.2187396358586,99.067434768705,24.2539179755577,"https://www.google.com/maps/search/?api=1&query=24.25391798,99.06743477"
MORND-FLD-190,F190,Field,190,,52.2241752219469,2,28,1,964.478151392551,969.925548416671,967.537180591773,965.799092865145,969.208997528808,3.40990466366372,10.8282164667776,52.3606204662928,99.0680694241846,24.2546062705316,"https://www.google.com/maps/search/?api=1&query=24.25460627,99.06806942"
MORND-FLD-191,F191,Field,191,,158.272506754244,7,81,1,967.416779990362,979.745509618312,971.928485915302,968.862855938561,978.005880287048,9.14302434848707,24.9484227425415,162.242144777746,99.0686115473035,24.2553250044928,"https://www.google.com/maps/search/?api=1&query=24.25532500,99.06861155"
MORND-FLD-192,F192,Field,192,,40.7840103346143,2,22,1,970.218736749428,978.029794406304,974.870330787504,972.895866828987,976.844794746021,3.94892791703467,17.8402927175422,40.9878776855679,99.0687625572442,24.2552163953191,"https://www.google.com/maps/search/?api=1&query=24.25521640,99.06876256"
MORND-FLD-193,F193,Field,193,,83.4326077960233,2,43,1,978.633730080517,985.74209653726,983.384463465736,980.079491071317,985.608248668477,5.52875759715914,12.3199898879774,83.6738856662734,99.0693752130858,24.2551945327146,"https://www.google.com/maps/search/?api=1&query=24.25519453,99.06937521"
MORND-FLD-194,F194,Field,194,,733.972527032641,40,368,0.989130434782609,914.130276537306,948.899833836711,934.355911405972,914.654668130823,948.422607748653,33.7679396178298,17.1403016268119,739.326051460618,99.0601409867077,24.2564542086782,"https://www.google.com/maps/search/?api=1&query=24.25645421,99.06014099"
MORND-FLD-195,F195,Field,195,,1104.69461539679,64,554,0.992779783393502,890.905103096304,991.457804313395,920.716666566948,891.267647597601,990.577038760569,99.3093911629684,26.7565581991482,1115.40564900222,99.0630137950401,24.2537787471124,"https://www.google.com/maps/search/?api=1&query=24.25377875,99.06301380"
MORND-FLD-196,F196,Field,196,,411.986134856858,11,207,1,973.925679492844,1010.49623935467,990.214847616709,974.348260230532,1009.04668367503,34.6984234445014,11.4735660646032,415.890758237543,99.065123092953,24.2571123271716,"https://www.google.com/maps/search/?api=1&query=24.25711233,99.06512309"
MORND-FLD-197,F197,Field,197,,311.805318639839,11,157,1,985.88292990075,993.024443631955,991.333354723342,988.119586765823,992.877220454909,4.75763368908565,9.71530403770089,312.721213912876,99.0667729170085,24.2572867013112,"https://www.google.com/maps/search/?api=1&query=24.25728670,99.06677292"
MORND-FLD-198,F198,Field,198,,471.154531661664,35,237,1,966.780706082022,984.010641895082,977.650343344069,967.425282854567,983.169043943878,15.7437610893109,13.6146763402603,473.461449296282,99.0706391588809,24.2572976564687,"https://www.google.com/maps/search/?api=1&query=24.25729766,99.07063916"
MORND-FLD-199,F199,Field,199,,306.849313532491,14,155,1,943.173375063972,966.134727008658,951.758282423212,944.209904735173,964.799750076687,20.5898453415142,20.6200757846224,309.761931268742,99.0624970690675,24.2549668212142,"https://www.google.com/maps/search/?api=1&query=24.25496682,99.06249707"
MORND-FLD-200,F200,Field,200,,42.5498751946976,2,23,1,898.119649134096,906.669945968495,902.694156233416,900.211896732565,905.140294444119,4.92839771155423,20.0277821825616,42.8781203290568,99.0603829284455,24.2530907633474,"https://www.google.com/maps/search/?api=1&query=24.25309076,99.06038293"
MORND-FLD-201,F201,Field,201,,33.7763968897799,2,18,0.777777777777778,913.929815124123,922.35675878707,918.441031055913,915.380986162384,919.464665844976,4.08367968259211,17.1444212369442,34.0800841486512,99.0582236578747,24.254977542947,"https://www.google.com/maps/search/?api=1&query=24.25497754,99.05822366"
MORND-FLD-202,F202,Field,202,,97.2324684113148,3,50,0.92,894.401470845728,919.472696836025,906.486564033102,895.331960909061,916.604754070893,21.2727931618322,29.8876052092273,99.8846042113094,99.0584276173013,24.2544665031758,"https://www.google.com/maps/search/?api=1&query=24.25446650,99.05842762"
MORND-FLD-203,F203,Field,203,,301.828382877815,13,152,1,892.312357550217,952.198861219386,925.957576253309,894.447483743457,951.669340756702,57.2218570132453,26.3474554988727,309.908542657623,99.0593939874779,24.2548606118716,"https://www.google.com/maps/search/?api=1&query=24.25486061,99.05939399"
MORND-FLD-204,F204,Field,204,,358.345019985205,16,181,0.977900552486188,937.088450898473,955.814740547664,947.19958988323,937.469498354355,955.79469254049,18.3251941861346,10.3594537817159,359.783557940305,99.0595998841489,24.2560677349085,"https://www.google.com/maps/search/?api=1&query=24.25606773,99.05959988"
MORND-FLD-205,F205,Field,205,,81.3642620068794,2,42,1,934.487509243884,943.653909621966,940.30333026111,936.389308031828,942.603179526327,6.21387149449981,18.3118741578301,81.8127210022304,99.0585278113637,24.2562918647745,"https://www.google.com/maps/search/?api=1&query=24.25629186,99.05852781"
MORND-FLD-206,F206,Field,206,,101.3755780606,3,52,1,934.954299846032,944.910245521916,941.04129053622,936.167310312695,944.544592114361,8.37728180166573,14.0102155376333,102.862299357419,99.0589279997662,24.255997627838,"https://www.google.com/maps/search/?api=1&query=24.25599763,99.05892800"
MORND-FLD-207,F207,Field,207,,134.745250486925,16,69,1,947.610223786531,957.209673729668,952.989486620246,949.024888329022,956.970600954502,7.94571262548004,10.188821202052,135.538550386765,99.0608917610839,24.2558658605366,"https://www.google.com/maps/search/?api=1&query=24.25586586,99.06089176"
MORND-FLD-208,F208,Field,208,,241.688218159042,8,122,1,946.119704680797,976.281478455633,960.99233429104,947.464718360107,974.701972614362,27.2372542542554,13.6442035837602,243.851625034848,99.0619253443467,24.2561067143841,"https://www.google.com/maps/search/?api=1&query=24.25610671,99.06192534"
MORND-FLD-209,F209,Field,209,,237.869795977458,20,120,1,974.503252961547,982.171501718266,977.317559795984,974.75838426158,981.953241757957,7.19485749637772,8.82173981103704,238.743439526051,99.0623605381385,24.2569417844956,"https://www.google.com/maps/search/?api=1&query=24.25694178,99.06236054"
MORND-FLD-210,F210,Field,210,,275.200778131759,12,139,1,945.564530880138,983.841563264106,970.128420959491,947.257187060359,983.753711610484,36.4965245501256,21.970602455745,278.73586378756,99.0619183273777,24.2569797724061,"https://www.google.com/maps/search/?api=1&query=24.25697977,99.06191833"
MORND-FLD-211,F211,Field,211,,194.003130128851,6,99,1,963.39633784252,983.27203736412,976.721750296258,965.254608018602,983.201946625732,17.9473386071304,17.0341108514743,195.88406637355,99.0626475032474,24.2569500944119,"https://www.google.com/maps/search/?api=1&query=24.25695009,99.06264750"
MORND-FLD-212,F212,Field,212,,66.5154247802851,3,35,1,974.715769504033,982.257336383954,979.223553247529,976.185442859795,981.588061695566,5.40261883577034,13.9394745414157,66.8003074707527,99.0631738208283,24.2569859478172,"https://www.google.com/maps/search/?api=1&query=24.25698595,99.06317382"
MORND-FLD-213,F213,Field,213,,76.8725667056001,2,40,1,976.792179085902,982.576256082387,979.783900799884,977.35001753869,982.363567939656,5.01355040096576,9.87614923030876,77.0604110782381,99.0634882651694,24.2572354299837,"https://www.google.com/maps/search/?api=1&query=24.25723543,99.06348827"
MORND-FLD-214,F214,Field,214,,56.1081724538235,2,30,1,979.378758976584,981.733432970295,980.516893566843,979.51727688368,981.551439957378,2.0341630736981,5.33342152061593,56.1540128670003,99.0637258601959,24.2573648219574,"https://www.google.com/maps/search/?api=1&query=24.25736482,99.06372586"
MORND-FLD-215,F215,Field,215,,240.470234492515,13,122,1,973.570540202837,985.745011276924,981.004200979774,975.21661291495,985.091978302523,9.8753653875732,20.4589603519225,243.316197066604,99.0637083331717,24.2585357507822,"https://www.google.com/maps/search/?api=1&query=24.25853575,99.06370833"
MORND-FLD-216,F216,Field,216,,218.747615504598,14,111,1,971.581023547686,984.39522009008,979.94637063059,972.243188515512,984.050222860175,11.8070343446625,14.6752184385382,220.404088550151,99.0630273505133,24.2579196333812,"https://www.google.com/maps/search/?api=1&query=24.25791963,99.06302735"
MORND-FLD-217,F217,Field,217,,36.0897314524752,4,20,1,983.732563328685,984.301644250022,983.940322424542,983.764698218997,984.094073391287,0.32937517229027,4.03612718275722,36.2135933557232,99.0628120099123,24.2578256022895,"https://www.google.com/maps/search/?api=1&query=24.25782560,99.06281201"
MORND-FLD-218,F218,Field,218,,103.531861835604,6,53,1,979.14439010692,984.802833262829,983.569754035514,980.991852740965,984.475471335985,3.48361859502006,11.3771300476254,103.824174040269,99.0631954610777,24.2583369986735,"https://www.google.com/maps/search/?api=1&query=24.25833700,99.06319546"
MORND-FLD-219,F219,Field,219,,74.3402364209615,4,39,1,979.506272452398,985.587198196348,983.083629654877,979.947428766236,985.37713137298,5.42970260674383,13.5888883150049,74.7006310288448,99.0635324825072,24.2581567879385,"https://www.google.com/maps/search/?api=1&query=24.25815679,99.06353248"
MORND-FLD-220,F220,Field,220,,56.3589637416938,3,30,1,979.29319952891,991.33696839807,985.536635926093,981.222706461817,989.730701839619,8.50799537780244,23.4207880920515,57.3428205682453,99.0642869166993,24.2580088045406,"https://www.google.com/maps/search/?api=1&query=24.25800880,99.06428692"
MORND-FLD-221,F221,Field,221,,67.1676661910791,5,35,1,999.385384766332,1001.97596659217,1001.3968668645,1000.56480583671,1001.85247434947,1.28766851276532,4.76150162125474,67.371188758643,99.0656583756427,24.2582152859357,"https://www.google.com/maps/search/?api=1&query=24.25821529,99.06565838"
MORND-FLD-222,F222,Field,222,,56.4798061493134,4,30,1,977.487551533216,978.397688876389,978.106972298287,977.79007642615,978.3545341715,0.564457745349841,1.98973388321123,56.6399637723655,99.0637492281028,24.2567512621878,"https://www.google.com/maps/search/?api=1&query=24.25675126,99.06374923"
MORND-FLD-223,F223,Field,223,,302.03596596026,7,153,1,977.928815591188,1006.71520860058,992.680196218881,978.920540000742,1005.86167838603,26.9411383852869,10.8117678883617,303.594018197844,99.0650569981489,24.2573865287133,"https://www.google.com/maps/search/?api=1&query=24.25738653,99.06505700"
MORND-FLD-224,F224,Field,224,,738.985622346272,55,371,1,943.160909484177,969.2211436938,958.47234311278,943.727326619967,967.867915374615,24.1405887546482,15.7457063835482,742.898647428085,99.0656986211069,24.2556952652794,"https://www.google.com/maps/search/?api=1&query=24.25569527,99.06569862"
MORND-FLD-225,F225,Field,225,,61.3531300961945,3,32,1,936.725770913743,956.590373575078,946.13430731843,939.443415898092,953.049960468941,13.6065445708489,33.7513040414101,63.3360248513118,99.0659061112596,24.2554982175189,"https://www.google.com/maps/search/?api=1&query=24.25549822,99.06590611"
MORND-FLD-226,F226,Field,226,,167.132686414024,4,85,1,943.998329055049,992.07131134057,969.664853563391,946.861023046794,990.43138942019,43.5703663733952,35.4740068001232,174.47039990089,99.0658322321781,24.2563192796704,"https://www.google.com/maps/search/?api=1&query=24.25631928,99.06583223"
MORND-FLD-227,F227,Field,227,,144.114698539931,5,74,1,963.722446783725,999.604675303959,983.924558111013,966.72557945795,998.093998412789,31.3684189548394,30.0750132984253,148.16627168392,99.066078596016,24.2568659622581,"https://www.google.com/maps/search/?api=1&query=24.25686596,99.06607860"
MORND-FLD-228,F228,Field,228,,252.550175069489,11,128,1,944.636883369439,1006.62280904969,978.674474625876,947.441966155457,1004.9725919933,57.530625837839,34.7409720688215,260.085015140954,99.0665850980881,24.2567739229594,"https://www.google.com/maps/search/?api=1&query=24.25677392,99.06658510"
MORND-FLD-229,F229,Field,229,,198.767247695369,9,101,1,967.176021460175,1009.86761515501,987.233435132269,969.77914217878,1007.70271997465,37.923577795867,28.8556976637777,203.053805251248,99.0670925363026,24.2570402104558,"https://www.google.com/maps/search/?api=1&query=24.25704021,99.06709254"
MORND-FLD-230,F230,Field,230,,78.7189987629578,4,41,1,945.378447038023,968.943649346073,957.489843647596,948.458455116251,966.31259199225,17.8541368759986,30.602927359591,80.9893073030905,99.0667403275607,24.2559292281852,"https://www.google.com/maps/search/?api=1&query=24.25592923,99.06674033"
MORND-FLD-231,F231,Field,231,,217.054106724058,7,110,1,967.951869461153,1012.08409873438,990.104245972263,970.47472040046,1010.111684678,39.6369642775428,22.0970976738249,221.038747339075,99.067647381495,24.256919970912,"https://www.google.com/maps/search/?api=1&query=24.25691997,99.06764738"
MORND-FLD-232,F232,Field,232,,303.82524241053,7,153,1,945.651646723625,1010.97234652993,979.096216522843,949.126182675411,1009.04989090636,59.9237082309451,24.8475815899677,310.447223348732,99.0678733157681,24.2565205777811,"https://www.google.com/maps/search/?api=1&query=24.25652058,99.06787332"
MORND-FLD-233,F233,Field,233,,191.662117446074,7,97,1,964.427557662215,1010.2875585702,988.689999508251,966.920584058951,1008.64907814882,41.7284940898654,30.6494088903071,196.996170616565,99.0686654582591,24.2570119962031,"https://www.google.com/maps/search/?api=1&query=24.25701200,99.06866546"
MORND-FLD-234,F234,Field,234,,154.727438001327,5,79,1,966.98944676121,1009.73270304291,992.193334326877,970.901421011803,1007.8328328549,36.9314118430939,38.9481004438164,159.806828505956,99.0691969864929,24.2571839160943,"https://www.google.com/maps/search/?api=1&query=24.25718392,99.06919699"
MORND-FLD-235,F235,Field,235,,154.490239734396,6,79,1,970.942284285886,1009.95397464262,991.296804729938,973.793590909297,1008.0853375637,34.2917466544044,28.0569289471009,158.958814532037,99.0696545700808,24.257224095961,"https://www.google.com/maps/search/?api=1&query=24.25722410,99.06965457"
MORND-FLD-236,F236,Field,236,,94.90133662695,4,49,1,974.879452051234,995.324559251507,985.270260135369,976.951046267522,993.545145956522,16.5940996890001,22.5256717782557,96.5287638034097,99.0700024915562,24.2571532733069,"https://www.google.com/maps/search/?api=1&query=24.25715327,99.07000249"
MORND-FLD-237,F237,Field,237,,52.6959585917142,3,28,1,995.739460753086,1008.09305127623,1001.97314932684,997.95543091938,1005.92082433522,7.96539341584059,23.830505181092,53.3935761251688,99.0699900624531,24.2577300981058,"https://www.google.com/maps/search/?api=1&query=24.25773010,99.06999006"
MORND-FLD-238,F238,Field,238,,43.5394570700928,2,23,1,996.440161540558,1007.38574189086,1001.8856684757,998.895155877018,1004.87387607947,5.97872020245165,24.4285849823469,43.9759792881353,99.0702519131842,24.2579468898332,"https://www.google.com/maps/search/?api=1&query=24.25794689,99.07025191"
MORND-FLD-239,F239,Field,239,,47.5988762613218,2,25,1,999.684793802459,1012.06630980825,1005.71673200688,1001.93755092229,1009.50932692221,7.57177599992508,26.7063341228691,48.2491547686583,99.070370595974,24.2581933866629,"https://www.google.com/maps/search/?api=1&query=24.25819339,99.07037060"
MORND-FLD-240,F240,Field,240,,124.714553457621,6,64,1,982.756172003909,1011.84610454623,996.649460941494,984.751086924765,1009.65124874419,24.9001618194237,27.8466981991246,127.745600647051,99.0707474082019,24.2578230775462,"https://www.google.com/maps/search/?api=1&query=24.25782308,99.07074741"
MORND-FLD-241,F241,Field,241,,66.8046575700182,3,35,1,983.074227794976,1000.74456184396,992.29685972492,985.865054990508,998.378918503427,12.5138635129186,27.6605975263768,68.1123882326527,99.0709958090312,24.2574154561357,"https://www.google.com/maps/search/?api=1&query=24.25741546,99.07099581"
MORND-FLD-242,F242,Field,242,,66.5302152120888,4,35,1,982.864870341904,1001.71905711478,992.751639755586,985.959030459555,999.270964863101,13.3119344035459,29.0143593654122,68.3081190119484,99.0711559880695,24.2570762219438,"https://www.google.com/maps/search/?api=1&query=24.25707622,99.07115599"
MORND-FLD-243,F243,Field,243,,56.2627103071583,3,30,1,981.560292470826,998.035725363738,989.967011506896,984.25463386508,995.742108478093,11.4874746130128,30.8697370613603,57.755735975012,99.0710719530196,24.2566882778361,"https://www.google.com/maps/search/?api=1&query=24.25668828,99.07107195"
MORND-FLD-244,F244,Field,244,,48.6752452636078,2,26,1,981.40438748923,994.073557709244,988.52912191882,984.562915127195,992.341034527018,7.77811939982291,27.1075419022656,49.3648477683611,99.0709769007615,24.2564306450966,"https://www.google.com/maps/search/?api=1&query=24.25643065,99.07097690"
MORND-FLD-245,F245,Field,245,,67.0966688217475,3,35,1,980.425396785604,992.145531354438,987.035440980106,982.514426649379,991.172821201722,8.658394552343,19.8418703280774,67.893274355245,99.0706754839497,24.2561353382954,"https://www.google.com/maps/search/?api=1&query=24.25613534,99.07067548"
MORND-FLD-246,F246,Field,246,,47.465585299125,3,25,1,981.36066403052,990.200528850588,985.677458261121,983.10268484727,988.283977202355,5.18129235508491,18.8369649097173,48.0246873751574,99.07035925426,24.256034139099,"https://www.google.com/maps/search/?api=1&query=24.25603414,99.07035925"
MORND-FLD-247,F247,Field,247,,172.813295081604,8,88,1,918.093696266551,950.349341260134,937.069538768453,920.71006684572,950.053970778641,29.3439039329214,25.3196524538551,176.053257982227,99.0593521098093,24.2552747193247,"https://www.google.com/maps/search/?api=1&query=24.25527472,99.05935211"
MORND-FLD-248,F248,Field,248,,85.9613526323651,3,44,1,892.206189137778,911.176625024693,901.040108705035,893.45196473925,908.87670986951,15.4247451302599,24.4982924869696,87.5792532527585,99.0591352620206,24.2538608437151,"https://www.google.com/maps/search/?api=1&query=24.25386084,99.05913526"
MORND-FLD-249,F249,Field,249,,191.497591122452,8,97,1,911.930533463865,951.918060963927,932.501813466319,913.983150898554,950.111965695441,36.1288147968872,22.6683236424881,195.425404424667,99.0599611887217,24.2549235889533,"https://www.google.com/maps/search/?api=1&query=24.25492359,99.05996119"
MORND-FLD-250,F250,Field,250,,86.4758010229156,2,45,1,891.847469805871,908.259862837668,899.092365299193,892.718449663974,906.285830588403,13.5673809244289,22.7987562925629,87.6986314139709,99.0595165296433,24.2536989015737,"https://www.google.com/maps/search/?api=1&query=24.25369890,99.05951653"
MORND-FLD-251,F251,Field,251,,219.720401596199,6,111,1,907.237081989352,953.695114981657,931.320229565658,909.342262851487,952.007622856417,42.6653600049294,24.0811256988951,224.46328916675,99.0604194827596,24.2547652866097,"https://www.google.com/maps/search/?api=1&query=24.25476529,99.06041948"
MORND-FLD-252,F252,Field,252,,54.7994908012156,2,29,1,894.042389520732,906.164409551572,899.692430447118,895.797537688029,903.824197184089,8.02665949605966,23.2563462052415,55.4667318322281,99.0598592366032,24.2536288361918,"https://www.google.com/maps/search/?api=1&query=24.25362884,99.05985924"
MORND-FLD-253,F253,Field,253,,229.164358538937,8,116,1,904.065551058735,950.200677809106,929.186848657159,906.932318819678,948.511586665636,41.5792678459585,25.0740320144294,234.011681394401,99.0607975311242,24.2544642750752,"https://www.google.com/maps/search/?api=1&query=24.25446428,99.06079753"
MORND-FLD-254,F254,Field,254,,52.6877400123579,2,28,1,901.247859345665,917.178667880539,909.178531558402,904.12441494603,914.302731468087,10.178316522057,30.5468008834566,53.7933149423844,99.060541236602,24.2538664151261,"https://www.google.com/maps/search/?api=1&query=24.25386642,99.06054124"
MORND-FLD-255,F255,Field,255,,69.0914011314033,3,36,1,900.832262528082,920.848589616397,910.839739656239,903.543704080139,918.350431081988,14.8067270018488,31.7295067090156,71.3180912931653,99.0609323686723,24.253920119119,"https://www.google.com/maps/search/?api=1&query=24.25392012,99.06093237"
MORND-FLD-256,F256,Field,256,,74.320765877813,4,39,1,902.561596542716,922.161104355652,910.852182952556,903.293300419816,919.186190971134,15.892890551318,31.8135285517727,76.5202727982271,99.061522003054,24.2538298986214,"https://www.google.com/maps/search/?api=1&query=24.25382990,99.06152200"
MORND-FLD-257,F257,Field,257,,65.1428124135959,2,34,1,903.999291817415,923.930432039028,912.661349273763,905.416736216035,920.468112002158,15.051375786123,35.3179552806777,67.0765633700079,99.0620038728942,24.2538299804636,"https://www.google.com/maps/search/?api=1&query=24.25382998,99.06200387"
MORND-FLD-258,F258,Field,258,,76.1101392611331,3,40,1,906.458342216941,923.599714141337,913.338903030288,906.715069966128,921.129752274518,14.4146823083902,29.3936418371422,77.8441943287227,99.0624507288818,24.2538021606014,"https://www.google.com/maps/search/?api=1&query=24.25380216,99.06245073"
MORND-FLD-259,F259,Field,259,,66.3446409681754,2,35,1,909.264922677378,922.166976769658,914.056768656132,909.79482795776,919.454711324803,9.65988336704243,25.1991281175061,67.1717739462461,99.0627434832872,24.2539074569358,"https://www.google.com/maps/search/?api=1&query=24.25390746,99.06274348"
MORND-FLD-260,F260,Field,260,,265.978344586709,8,134,1,910.137273489119,963.873266443684,939.504013490485,910.738102585579,962.804463242156,52.0663606565769,31.6572278905583,273.563141772934,99.0624025417082,24.2547374298223,"https://www.google.com/maps/search/?api=1&query=24.25473743,99.06240254"
MORND-FLD-261,F261,Field,261,,81.0390585351147,4,42,1,922.166976769658,943.514768661328,933.459370731026,924.986968301576,941.555094160181,16.5681258586045,28.457108403297,82.940259949048,99.0623983291854,24.2544441730283,"https://www.google.com/maps/search/?api=1&query=24.25444417,99.06239833"
MORND-FLD-262,F262,Field,262,,177.852476790476,10,90,1,919.442948436019,944.188447067631,934.906496289451,921.471161702206,943.628476773418,22.1573150712125,22.6991260114168,180.27836357306,99.0616268972848,24.254494120893,"https://www.google.com/maps/search/?api=1&query=24.25449412,99.06162690"
MORND-FLD-263,F263,Field,263,,154.132752687397,5,79,1,929.189002357696,970.482058798853,952.485476911339,932.261244972722,968.884791308586,36.6235463358641,32.8335240760508,159.12376352581,99.0643792215847,24.2553204162059,"https://www.google.com/maps/search/?api=1&query=24.25532042,99.06437922"
MORND-FLD-264,F264,Field,264,,120.326371052005,7,62,1,921.361748400644,955.168682515298,939.575400127443,924.23270381802,953.394532380581,29.1618285625609,35.6340784446897,124.522716186077,99.0638967292399,24.2549000466871,"https://www.google.com/maps/search/?api=1&query=24.25490005,99.06389673"
MORND-FLD-265,F265,Field,265,,97.1503029836614,9,50,1,912.760257766495,931.784138680564,919.855669850847,913.543053416387,928.340445958633,14.7973925422466,28.1570668764388,98.6981821109401,99.0635114036559,24.2543847675703,"https://www.google.com/maps/search/?api=1&query=24.25438477,99.06351140"
MORND-FLD-266,F266,Field,266,,188.172415301668,8,96,1,929.435590531404,977.116813045094,957.513562883223,932.43822875038,976.517284047997,44.0790552976166,33.4961269707129,194.384722285499,99.0630790178402,24.2558257806251,"https://www.google.com/maps/search/?api=1&query=24.25582578,99.06307902"
MORND-FLD-267,F267,Field,267,,221.35280952722,9,112,1,933.234697330549,981.549375366808,962.04967946936,935.510508061488,980.608862743842,45.0983546823541,31.8178300165226,227.53502659202,99.0637774227185,24.2558822472691,"https://www.google.com/maps/search/?api=1&query=24.25588225,99.06377742"
MORND-FLD-268,F268,Field,268,,264.223764028424,14,134,1,932.857432448752,988.449965926924,965.450398520651,936.365912541054,987.534707715054,51.1687951739995,29.3263810927293,270.78312872189,99.0646743872263,24.2558950116004,"https://www.google.com/maps/search/?api=1&query=24.25589501,99.06467439"
MORND-FLD-269,F269,Field,269,,118.94800449028,5,61,1,941.729410696426,974.358708677351,959.400434054584,945.280112576741,972.2687059813,26.9885934045584,30.5231492268628,122.293267617597,99.0650317139684,24.2556367771936,"https://www.google.com/maps/search/?api=1&query=24.25563678,99.06503171"
MORND-FLD-270,F270,Field,270,,489.730284083154,17,246,0.995934959349594,807.720069175291,821.104763911105,813.412665291161,808.489229746743,820.048262747196,11.5590330004522,13.7460848467951,491.753830988506,99.0629958033594,24.2435090762986,"https://www.google.com/maps/search/?api=1&query=24.24350908,99.06299580"
MORND-FLD-271,F271,Field,271,,291.357547125824,11,147,1,818.822931247783,835.043020479723,831.785638625043,821.285548198746,834.966309596011,13.6807613972652,16.4666519177003,292.615416703403,99.0612958991152,24.243445606732,"https://www.google.com/maps/search/?api=1&query=24.24344561,99.06129590"
MORND-FLD-272,F272,Field,272,,107.137226825867,8,55,1,813.469243335809,823.995324541306,820.724646924893,814.434215597614,823.739406397669,9.30519080005479,22.1568817968826,108.256816939572,99.0622922813983,24.245098529986,"https://www.google.com/maps/search/?api=1&query=24.24509853,99.06229228"
MORND-FLD-273,F273,Field,273,,297.69276159681,17,150,1,839.536004618834,864.111004284934,844.668623356515,840.066302912169,862.229359192143,22.1630562799737,31.9876864600469,301.278298963235,99.0625329894783,24.2456919739701,"https://www.google.com/maps/search/?api=1&query=24.24569197,99.06253299"
MORND-FLD-274,F274,Field,274,,235.940995263088,11,119,0.991596638655462,809.682191267339,818.746735802034,817.27168148805,812.771804576077,818.7317946973,5.95999012122331,12.162590026263,236.681433187772,99.0610850945826,24.2421497533451,"https://www.google.com/maps/search/?api=1&query=24.24214975,99.06108509"
MORND-FLD-275,F275,Field,275,,74.3831873944431,2,39,0.974358974358974,821.875614301856,825.951196818164,824.463404525795,822.644711247154,825.531874405099,2.88716315794488,7.75260047287329,74.4641266816018,99.0592982543853,24.2420218086477,"https://www.google.com/maps/search/?api=1&query=24.24202181,99.05929825"
MORND-FLD-276,F276,Field,276,,199.49697553506,5,101,0.97029702970297,813.997948146783,826.784301233633,820.99815009006,814.450271494161,826.422524332213,11.9722528380521,10.0659062999762,200.002365835497,99.0590437666121,24.2433487347413,"https://www.google.com/maps/search/?api=1&query=24.24334873,99.05904377"
MORND-FLD-277,F277,Field,277,,214.671236769478,6,109,1,810.341908801641,825.261201167614,817.965776860725,810.831944151625,824.6437814356,13.8118372839747,13.716849155225,215.652197602876,99.0589970824882,24.2432062817839,"https://www.google.com/maps/search/?api=1&query=24.24320628,99.05899708"
MORND-FLD-278,F278,Field,278,,82.8994209444015,3,43,1,813.156545939741,821.527252369547,816.886199394884,813.35933407519,820.824913458946,7.46557938375531,14.8332390066718,83.385553511965,99.0591354723192,24.2437579345634,"https://www.google.com/maps/search/?api=1&query=24.24375793,99.05913547"
MORND-FLD-279,F279,Field,279,,73.5452494922016,2,38,1,815.995401178569,825.713339052933,819.878632152959,816.36601652637,824.241798855249,7.8757823288795,17.8202495343857,74.0498904594475,99.059590350635,24.2438188739588,"https://www.google.com/maps/search/?api=1&query=24.24381887,99.05959035"
MORND-FLD-280,F280,Field,280,,274.995650212232,6,139,0.992805755395683,811.64739184893,834.358753652019,825.727204520114,812.536730464199,834.106290250585,21.5695597863865,18.2614386857347,278.019848014463,99.0606098156339,24.2427886027441,"https://www.google.com/maps/search/?api=1&query=24.24278860,99.06060982"
MORND-FLD-281,F281,Field,281,,132.992724104423,3,68,0.985294117647059,817.497256093918,828.8509202167,824.144415427784,818.549201265704,828.413486178433,9.86428491272829,11.3944976884751,134.143302191798,99.0601118296471,24.242194214143,"https://www.google.com/maps/search/?api=1&query=24.24219421,99.06011183"
MORND-FLD-282,F282,Field,282,,83.9337700999119,2,43,0.976744186046512,820.308399446163,825.767250035049,823.939727615976,821.248432096296,825.557889148035,4.30945705173883,9.82556368834718,84.0852210432378,99.0596844891026,24.2420379342038,"https://www.google.com/maps/search/?api=1&query=24.24203793,99.05968449"
MORND-FLD-283,F283,Field,283,,96.3786449550082,3,50,1,818.284471849475,825.552809535315,822.056706253411,819.072839050475,824.970716655592,5.89787760511717,8.06536367202,96.595425959082,99.0588496904978,24.2428431483613,"https://www.google.com/maps/search/?api=1&query=24.24284315,99.05884969"
MORND-FLD-284,F284,Field,284,,137.401427310085,4,70,0.9,810.703150713357,825.712631828768,819.828599354631,810.825346365713,825.596026826968,14.7706804612553,18.0809664629144,139.275117720371,99.0583950571492,24.2429857109532,"https://www.google.com/maps/search/?api=1&query=24.24298571,99.05839506"
MORND-FLD-285,F285,Field,285,,67.9072688558127,3,35,1,819.708027017667,830.260617545946,825.378414695836,821.157372647149,829.223436001515,8.06606335436663,18.13122465898,68.4693125690679,99.0595862007323,24.2430114649412,"https://www.google.com/maps/search/?api=1&query=24.24301146,99.05958620"
MORND-FLD-286,F286,Field,286,,125.643889255861,3,64,1,817.499786004856,834.8384741504,828.555558093108,819.805199578547,834.78386973661,14.9786701580631,19.7539021874593,126.764359604533,99.0609741974654,24.2427424055228,"https://www.google.com/maps/search/?api=1&query=24.24274241,99.06097420"
MORND-FLD-287,F287,Field,287,,105.762024798725,2,54,1,819.660104663632,835.027347430209,826.45138400401,820.196292630955,833.927575856595,13.7312832256399,20.799373950843,106.8805677682,99.0610029712932,24.2438469172869,"https://www.google.com/maps/search/?api=1&query=24.24384692,99.06100297"
MORND-FLD-288,F288,Field,288,,131.1830709701,4,67,1,818.701683434792,835.34292609405,828.246836370785,820.023735624967,835.152657033755,15.1289214087872,16.8474549488981,132.684836752563,99.0615498186186,24.2428719179506,"https://www.google.com/maps/search/?api=1&query=24.24287192,99.06154982"
MORND-FLD-289,F289,Field,289,,137.775487645409,3,70,1,809.682191267339,832.585607363925,823.49635094051,812.464022702359,832.168232526882,19.7042098245229,22.2004468109002,139.350211518738,99.0620578147489,24.2429440773535,"https://www.google.com/maps/search/?api=1&query=24.24294408,99.06205781"
MORND-FLD-290,F290,Field,290,,88.4261020926068,2,46,1,810.889940953534,831.821160063053,822.558176647372,813.77825255549,830.485795464433,16.7075429089437,26.7538575446038,90.1585481981298,99.0622469118039,24.2431250184708,"https://www.google.com/maps/search/?api=1&query=24.24312502,99.06224691"
MORND-FLD-291,F291,Field,291,,107.553743152014,4,55,1,810.052175635999,819.430767011206,816.389920115767,811.532176892607,818.759849340007,7.22767244739953,16.8641622240749,108.350020439036,99.0626994366868,24.2435877142282,"https://www.google.com/maps/search/?api=1&query=24.24358771,99.06269944"
MORND-FLD-292,F292,Field,292,,74.9526442759382,2,39,1,818.63970111045,834.019671950778,827.566984293459,820.741488281731,833.337693666545,12.5962053848137,26.2881855008499,76.170242673466,99.0615536271156,24.2438454936713,"https://www.google.com/maps/search/?api=1&query=24.24384549,99.06155363"
MORND-FLD-293,F293,Field,293,,78.3868928014207,4,41,1,819.121678277236,830.374332824577,825.713160457963,820.40754001966,830.124115522481,9.71657550282066,22.4165004940922,80.863951937479,99.0620299219284,24.2438938458601,"https://www.google.com/maps/search/?api=1&query=24.24389385,99.06202992"
MORND-FLD-294,F294,Field,294,,97.671976266742,2,50,1,814.434470431158,840.39812040416,828.09447959458,817.11569867368,838.214870432527,21.0991717588473,29.7020423258054,100.164280260819,99.062646532708,24.2449332171489,"https://www.google.com/maps/search/?api=1&query=24.24493322,99.06264653"
MORND-FLD-295,F295,Field,295,,58.739140687847,2,31,1,822.897910947895,840.969981108526,832.107282298697,825.72472135673,838.608407415767,12.883686059037,32.9748492550692,60.3076818844379,99.0624940657709,24.2452392178507,"https://www.google.com/maps/search/?api=1&query=24.24523922,99.06249407"
MORND-FLD-296,F296,Field,296,,35.3897631973418,2,19,1,840.070929874622,847.069130730158,843.511218123004,841.941592305166,845.078544904894,3.13695259972872,10.5081751467846,35.5473020998599,99.0630780854286,24.2454317239596,"https://www.google.com/maps/search/?api=1&query=24.24543172,99.06307809"
MORND-FLD-297,F297,Field,297,,95.229842876159,4,49,1,818.913805711467,840.373587960059,830.103755175818,821.393789904609,838.481048315259,17.0872584106506,23.9527389327393,97.1520654766527,99.0630283579316,24.2448721317765,"https://www.google.com/maps/search/?api=1&query=24.24487213,99.06302836"
MORND-FLD-298,F298,Field,298,,120.769918177212,7,62,1,815.812812656537,842.433699090838,828.905626024442,817.409262321921,840.65618130825,23.2469189863289,25.3411025393159,123.567657270394,99.0634324772499,24.2448648058341,"https://www.google.com/maps/search/?api=1&query=24.24486481,99.06343248"
MORND-FLD-299,F299,Field,299,,83.1987650488052,4,43,1,821.278455493707,840.864903217109,831.346155387856,823.469961295009,838.957958467192,15.4879971721829,25.5086903101966,84.912214816921,99.0638494111567,24.244975398062,"https://www.google.com/maps/search/?api=1&query=24.24497540,99.06384941"
MORND-FLD-300,F300,Field,300,,1075.24004167676,77,539,1,791.39549622915,828.792555781878,804.29116646012,792.669008061295,827.445827711435,34.7768196501406,25.7311986886433,1087.92416874663,99.0671203854535,24.2434935019143,"https://www.google.com/maps/search/?api=1&query=24.24349350,99.06712039"
MORND-FLD-301,F301,Field,301,B,1978.48639326447,145,991,1,748.684093035176,801.481361808682,778.283578675645,749.295642740371,800.625351140984,51.3297084006138,18.5231178663526,1990.63528900795,99.0697234618417,24.2442888578027,"https://www.google.com/maps/search/?api=1&query=24.24428886,99.06972346"
MORND-FLD-302,F302,Field,302,,416.871284903484,34,210,1,773.595506050743,820.131435509512,800.042734221803,774.261893208949,817.591873255288,43.3299800463395,18.9996160265442,421.653429839648,99.0696411182244,24.246096994961,"https://www.google.com/maps/search/?api=1&query=24.24609699,99.06964112"
MORND-FLD-303,F303,Field,303,,166.61439655957,5,85,1,784.41777311336,790.825035293819,788.175434476801,785.725723579654,790.796007964975,5.07028438532052,6.8730678448601,166.857669935335,99.0698853150415,24.2456303246906,"https://www.google.com/maps/search/?api=1&query=24.24563032,99.06988532"
MORND-FLD-304,F304,Field,304,,75.4064042473388,4,39,1,764.118504000346,790.033057694891,776.891324305493,767.234928113148,786.554153517994,19.3192254048465,35.3880338095255,78.2210052680852,99.0693751373268,24.245240713579,"https://www.google.com/maps/search/?api=1&query=24.24524071,99.06937514"
MORND-FLD-305,F305,Field,305,,79.096378014844,4,41,1,768.469383910926,787.357244075569,777.247948878023,770.534188389395,784.271647354401,13.7374589650059,24.6708828619542,80.4979343613337,99.0698869088029,24.2452631496139,"https://www.google.com/maps/search/?api=1&query=24.24526315,99.06988691"
MORND-FLD-306,F306,Field,306,,91.6473943267919,4,47,1,772.00243310471,787.900837775449,778.717694177063,773.417200360436,785.287768347905,11.8705679874689,21.2378976050087,92.7928925349912,99.0703166318151,24.245333527642,"https://www.google.com/maps/search/?api=1&query=24.24533353,99.07031663"
MORND-FLD-307,F307,Field,307,,150.320526631707,6,77,1,777.590447345693,800.27980635356,789.72597581543,779.226909506357,799.678055080251,20.4511455738943,20.6880756676884,152.194926062735,99.0682263251963,24.2434502925014,"https://www.google.com/maps/search/?api=1&query=24.24345029,99.06822633"
MORND-FLD-308,F308,Field,308,,145.746992797204,8,74,1,777.866630721769,798.949221629664,789.141015342367,780.570970832632,797.709342031521,17.1383711988885,17.9138579721419,147.311681710644,99.0682968437109,24.2440101293816,"https://www.google.com/maps/search/?api=1&query=24.24401013,99.06829684"
MORND-FLD-309,F309,Field,309,,400.006787876797,29,202,1,796.056150812442,824.871205878659,813.785971185508,798.827361416864,824.493279402001,25.6659179851378,12.642872945921,403.412866680384,99.0652401470768,24.2434300119117,"https://www.google.com/maps/search/?api=1&query=24.24343001,99.06524015"
MORND-FLD-310,F310,Field,310,,293.336614665309,8,148,1,788.47031764344,826.475278024818,812.484564378484,790.773166478235,826.168899815421,35.3957333371857,20.7442294583576,296.464686155464,99.0662355677121,24.2439663795866,"https://www.google.com/maps/search/?api=1&query=24.24396638,99.06623557"
MORND-FLD-311,F311,Field,311,,96.7295228654613,9,50,1,779.487697734168,796.527891087552,785.745380491194,780.079244253213,794.171591370289,14.0923471170767,26.2399520457979,98.3662474145401,99.0684687146356,24.2444236875271,"https://www.google.com/maps/search/?api=1&query=24.24442369,99.06846871"
MORND-FLD-312,F312,Field,312,,246.504456762547,15,125,1,763.328297347923,828.228858131038,794.7502211436,763.984068374698,825.873149281982,61.889080907284,40.9892561242403,256.02945840646,99.068141252422,24.2448937657292,"https://www.google.com/maps/search/?api=1&query=24.24489377,99.06814125"
MORND-FLD-313,F313,Field,313,,179.869223492889,12,91,1,800.624704503493,811.431380862359,808.745324275956,803.21484399034,811.240448574115,8.02560458377468,13.2080603419878,180.608480273487,99.0642076803861,24.2426899660363,"https://www.google.com/maps/search/?api=1&query=24.24268997,99.06420768"
MORND-FLD-314,F314,Field,314,,73.0176042631784,3,38,1,797.021650112101,810.388727944423,805.199185913581,799.75252180593,809.77728516467,10.0247633587405,22.0824667301357,73.8050154617187,99.0641441052656,24.2422304702033,"https://www.google.com/maps/search/?api=1&query=24.24223047,99.06414411"
MORND-FLD-315,F315,Field,315,,50.2675267947438,3,27,1,805.028202624737,811.011866955096,808.529961063508,806.590721327496,810.350411761292,3.75969043379632,12.7764399613713,50.5517358031245,99.0645738412937,24.242543611094,"https://www.google.com/maps/search/?api=1&query=24.24254361,99.06457384"
MORND-FLD-316,F316,Field,316,,38.3623643347431,2,21,1,809.434916724855,810.332201664515,809.847566646386,809.576180918369,810.109742156556,0.533561238187417,2.09522472988536,38.3667715913541,99.0647099948332,24.2429189667274,"https://www.google.com/maps/search/?api=1&query=24.24291897,99.06470999"
MORND-FLD-317,F317,Field,317,,307.825669360466,18,155,1,800.152547357364,812.566990118083,807.888557299379,800.538061456275,812.276318534449,11.7382570781748,12.8302754969086,309.7704623132,99.0665568561292,24.2438947002891,"https://www.google.com/maps/search/?api=1&query=24.24389470,99.06655686"
MORND-FLD-318,F318,Field,318,,258.209107588442,22,131,1,793.452495856888,824.245790492183,810.850504343116,794.594835220348,823.630396542905,29.0355613225579,18.6413131135952,260.598154641509,99.0645298299496,24.2442671681454,"https://www.google.com/maps/search/?api=1&query=24.24426717,99.06452983"
MORND-FLD-319,F319,Field,319,,88.6010645796851,3,46,1,808.484980124399,818.59550594489,814.968121045569,809.926700614123,818.427730643228,8.50103002910407,17.6797655962474,89.3278449712331,99.0648132746108,24.2440479763377,"https://www.google.com/maps/search/?api=1&query=24.24404798,99.06481327"
MORND-FLD-320,F320,Field,320,,136.449429605409,8,70,1,807.843945218077,810.913515446918,809.633045619595,808.002279588915,810.57649811117,2.57421852225434,4.48944052579398,136.826154907993,99.0643978613062,24.243561297367,"https://www.google.com/maps/search/?api=1&query=24.24356130,99.06439786"
MORND-FLD-321,F321,Field,321,,62.961812290976,4,33,1,810.248244184991,813.1641980442,812.342353798742,811.299725631721,812.979539282625,1.67981365090372,5.9226404696251,63.3166469568041,99.0649615536143,24.2433180403664,"https://www.google.com/maps/search/?api=1&query=24.24331804,99.06496155"
MORND-FLD-322,F322,Field,322,,79.7286823178158,3,41,1,810.138617145444,815.950941713019,814.344661464802,811.742905476256,815.776904136613,4.03399866035704,11.5783132422005,79.8902106863237,99.0647674192449,24.2436569866325,"https://www.google.com/maps/search/?api=1&query=24.24365699,99.06476742"
MORND-FLD-323,F323,Field,323,,266.718627036597,12,135,1,814.052242776412,824.244144070561,819.132124602963,814.675435417965,822.408708327814,7.73327290984867,12.6118720130078,268.636163500299,99.0661931876314,24.2444208297069,"https://www.google.com/maps/search/?api=1&query=24.24442083,99.06619319"
MORND-FLD-324,F324,Field,324,,61.9828781495661,3,32,1,805.477842020904,814.268801669375,808.597303245609,805.691031882521,812.201249313175,6.51021743065394,19.1287269545278,62.5483510452126,99.0666570921132,24.2445395717967,"https://www.google.com/maps/search/?api=1&query=24.24453957,99.06665709"
MORND-FLD-325,F325,Field,325,,137.601003975574,4,70,1,801.639829358714,817.599007076462,809.558479069607,803.588857084141,815.788033134644,12.1991760505033,13.755564916592,138.355323028569,99.0666500351029,24.2439857838028,"https://www.google.com/maps/search/?api=1&query=24.24398578,99.06665004"
MORND-FLD-326,F326,Field,326,,75.5296368528612,3,39,1,785.776036178497,801.683980514372,793.921829599309,788.159989911317,799.461401390126,11.3014114788094,21.1730186831201,76.6198606992012,99.0671661121819,24.2431436213993,"https://www.google.com/maps/search/?api=1&query=24.24314362,99.06716611"
MORND-FLD-327,F327,Field,327,,84.6776340094358,3,44,1,784.481572702469,801.318730520394,794.140305373772,787.406366101752,799.805377245245,12.399011143493,24.2044447557731,85.7228543120487,99.0675593898752,24.2432715474152,"https://www.google.com/maps/search/?api=1&query=24.24327155,99.06755939"
MORND-FLD-328,F328,Field,328,,66.3360438255511,3,35,1,800.705934639373,811.525857306563,806.787731029036,802.908606746963,810.350136825207,7.44153007824434,17.4887700737872,67.1152734104054,99.066002721197,24.2432095897975,"https://www.google.com/maps/search/?api=1&query=24.24320959,99.06600272"
MORND-FLD-329,F329,Field,329,,75.7596658036131,3,39,1,803.22003000134,811.620645381846,807.759633532551,804.676345149647,810.679662922553,6.00331777290603,11.7119279040314,76.2080486733049,99.0656673377311,24.2431860018102,"https://www.google.com/maps/search/?api=1&query=24.24318600,99.06566734"
MORND-FLD-330,F330,Field,330,,83.6200303504695,2,43,1,812.08397626123,820.759819600328,816.542800141153,813.384957777308,819.611686750164,6.22672897285588,10.2897459001185,83.8734385806349,99.0657690098458,24.2439003450894,"https://www.google.com/maps/search/?api=1&query=24.24390035,99.06576901"
MORND-FLD-331,F331,Field,331,,408.548719118225,41,206,1,775.317557147847,793.442423366212,787.298819250482,776.4937947193,793.192239979481,16.6984452601812,15.583513764272,410.907197698084,99.0710912955301,24.2465811058214,"https://www.google.com/maps/search/?api=1&query=24.24658111,99.07109130"
MORND-FLD-332,F332,Field,332,,109.558674625951,3,56,1,777.333946581753,801.190503655326,788.069006014077,778.955158763123,798.045416733023,19.0902579699007,24.6683423029163,111.422167967439,99.0718067317759,24.2467781041908,"https://www.google.com/maps/search/?api=1&query=24.24677810,99.07180673"
MORND-FLD-333,F333,Field,333,,503.588488655093,32,253,1,751.127410924827,776.274919015383,760.723880815013,751.702789137566,774.953614472833,23.2508253352667,18.5529199671943,508.127727050679,99.0734827065494,24.2456482678332,"https://www.google.com/maps/search/?api=1&query=24.24564827,99.07348271"
MORND-FLD-334,F334,Field,334,,168.84208892618,3,86,1,755.25170017129,773.60489607942,763.066518023384,756.469244080096,771.897232233121,15.4279881530241,15.7417734859898,170.312183174136,99.0730355092803,24.245839252959,"https://www.google.com/maps/search/?api=1&query=24.24583925,99.07303551"
MORND-FLD-335,F335,Field,335,,55.3618846018428,2,29,1,792.230216633204,810.284669062094,801.868221384075,796.065076221611,807.559788273127,11.4947120515168,33.0696954828876,56.6788190372739,99.0710450530313,24.2468303887732,"https://www.google.com/maps/search/?api=1&query=24.24683039,99.07104505"
MORND-FLD-336,F336,Field,336,,56.0838451803294,2,30,1,793.334952307164,814.921807797768,803.758430462863,796.369748132296,811.142967986657,14.7732198543609,39.2006511021208,58.4149370050868,99.0705257622624,24.2468838432324,"https://www.google.com/maps/search/?api=1&query=24.24688384,99.07052576"
