ScaleR,InstanceNumber,InstanceID,MethodOrder,MethodID,MethodLabel,Run,Seed,J,L3D_m,Hplus_m,FlightTime_s,TransferEnergy_kJ,TransferLength_m,DetourCount,UnsafeStraightCount,MinimumTransferClearance_m,ImprovementVsFixed_pct,GapToExact_pct,Runtime_s,Generations,OrderLibraryIndices,OrderRouteIDs,Directions,Feasible,OptimalityCertified,ExactSolverGap_pct
5,1,R05_I01,1,FIXED,Fixed order + fixed direction,1,NaN,255.062434601415,6722.49523264759,386.117880355365,913.480498981728,95.2772612794328,4308.14389794514,5,5,25,0,9.60303978596864,8.72e-05,0,24-14-3-6-10,M007_S007800|M009_S005000|M009_S010000|F021_S005000|F300_S005000,+++++,1,0,NaN
5,1,R05_I01,2,NN_DP,Nearest neighbour-DP,1,NaN,239.517470087463,5980.18769933321,354.45159493301,855.042283950989,79.7805615503188,3565.83636463077,4,4,25,6.0945723105968,2.9232032716006,0.0039528,0,10-6-24-14-3,F300_S005000|F021_S005000|M007_S007800|M009_S005000|M009_S010000,+-+++,1,0,NaN
5,1,R05_I01,3,JOINT_GA,Joint-encoding GA,1,20763001,232.714745046759,5834.31836575755,289.436287099597,841.678173057203,73.0856591808328,3419.96703105511,4,4,25,8.76165460804858,0,0.4009764,150,10-24-14-3-6,F300_S005000|M007_S007800|M009_S005000|M009_S010000|F021_S005000,-+++-,1,0,NaN
5,1,R05_I01,3,JOINT_GA,Joint-encoding GA,2,20763002,232.714745046759,5834.31836575755,289.436287099597,841.678173057203,73.0856591808328,3419.96703105511,4,4,25,8.76165460804858,0,0.2681736,150,10-24-14-3-6,F300_S005000|M007_S007800|M009_S005000|M009_S010000|F021_S005000,-+++-,1,0,NaN
5,1,R05_I01,3,JOINT_GA,Joint-encoding GA,3,20763003,232.714745046759,5834.31836575755,289.436287099597,841.678173057203,73.0856591808328,3419.96703105511,4,4,25,8.76165460804858,0,0.2653799,150,10-24-14-3-6,F300_S005000|M007_S007800|M009_S005000|M009_S010000|F021_S005000,-+++-,1,0,NaN
5,1,R05_I01,3,JOINT_GA,Joint-encoding GA,4,20763004,232.714745046759,5834.31836575755,289.436287099597,841.678173057203,73.0856591808328,3419.96703105511,4,4,25,8.76165460804858,0,0.2601836,150,10-24-14-3-6,F300_S005000|M007_S007800|M009_S005000|M009_S010000|F021_S005000,-+++-,1,0,NaN
5,1,R05_I01,3,JOINT_GA,Joint-encoding GA,5,20763005,232.714745046759,5834.31836575755,289.436287099597,841.678173057203,73.0856591808328,3419.96703105511,4,4,25,8.76165460804858,0,0.254326,150,10-24-14-3-6,F300_S005000|M007_S007800|M009_S005000|M009_S010000|F021_S005000,-+++-,1,0,NaN
5,1,R05_I01,3,JOINT_GA,Joint-encoding GA,6,20763006,232.714745046759,5834.31836575755,289.436287099597,841.678173057203,73.0856591808328,3419.96703105511,4,4,25,8.76165460804858,0,0.2750412,150,10-24-14-3-6,F300_S005000|M007_S007800|M009_S005000|M009_S010000|F021_S005000,-+++-,1,0,NaN
5,1,R05_I01,3,JOINT_GA,Joint-encoding GA,7,20763007,232.714745046759,5834.31836575755,289.436287099597,841.678173057203,73.0856591808328,3419.96703105511,4,4,25,8.76165460804858,0,0.2518944,150,10-24-14-3-6,F300_S005000|M007_S007800|M009_S005000|M009_S010000|F021_S005000,-+++-,1,0,NaN
5,1,R05_I01,3,JOINT_GA,Joint-encoding GA,8,20763008,232.714745046759,5834.31836575755,289.436287099597,841.678173057203,73.0856591808328,3419.96703105511,4,4,25,8.76165460804858,0,0.2560678,150,10-24-14-3-6,F300_S005000|M007_S007800|M009_S005000|M009_S010000|F021_S005000,-+++-,1,0,NaN
5,1,R05_I01,3,JOINT_GA,Joint-encoding GA,9,20763009,232.714745046759,5834.31836575755,289.436287099597,841.678173057203,73.0856591808328,3419.96703105511,4,4,25,8.76165460804858,0,0.257294,150,10-24-14-3-6,F300_S005000|M007_S007800|M009_S005000|M009_S010000|F021_S005000,-+++-,1,0,NaN
5,1,R05_I01,3,JOINT_GA,Joint-encoding GA,10,20763010,232.714745046759,5834.31836575755,289.436287099597,841.678173057203,73.0856591808328,3419.96703105511,4,4,25,8.76165460804858,0,0.2612351,150,10-24-14-3-6,F300_S005000|M007_S007800|M009_S005000|M009_S010000|F021_S005000,-+++-,1,0,NaN
5,1,R05_I01,3,JOINT_GA,Joint-encoding GA,11,20763011,232.714745046759,5834.31836575755,289.436287099597,841.678173057203,73.0856591808328,3419.96703105511,4,4,25,8.76165460804858,0,0.2579742,150,10-24-14-3-6,F300_S005000|M007_S007800|M009_S005000|M009_S010000|F021_S005000,-+++-,1,0,NaN
5,1,R05_I01,3,JOINT_GA,Joint-encoding GA,12,20763012,232.714745046759,5834.31836575755,289.436287099597,841.678173057203,73.0856591808328,3419.96703105511,4,4,25,8.76165460804858,0,0.2536948,150,10-24-14-3-6,F300_S005000|M007_S007800|M009_S005000|M009_S010000|F021_S005000,-+++-,1,0,NaN
5,1,R05_I01,3,JOINT_GA,Joint-encoding GA,13,20763013,232.714745046759,5834.31836575755,289.436287099597,841.678173057203,73.0856591808328,3419.96703105511,4,4,25,8.76165460804858,0,0.2605013,150,10-24-14-3-6,F300_S005000|M007_S007800|M009_S005000|M009_S010000|F021_S005000,-+++-,1,0,NaN
5,1,R05_I01,3,JOINT_GA,Joint-encoding GA,14,20763014,232.714745046759,5834.31836575755,289.436287099597,841.678173057203,73.0856591808328,3419.96703105511,4,4,25,8.76165460804858,0,0.2601649,150,10-24-14-3-6,F300_S005000|M007_S007800|M009_S005000|M009_S010000|F021_S005000,-+++-,1,0,NaN
5,1,R05_I01,3,JOINT_GA,Joint-encoding GA,15,20763015,232.714745046759,5834.31836575755,289.436287099597,841.678173057203,73.0856591808328,3419.96703105511,4,4,25,8.76165460804858,0,0.2472917,150,10-24-14-3-6,F300_S005000|M007_S007800|M009_S005000|M009_S010000|F021_S005000,-+++-,1,0,NaN
5,1,R05_I01,3,JOINT_GA,Joint-encoding GA,16,20763016,232.714745046759,5834.31836575755,289.436287099597,841.678173057203,73.0856591808328,3419.96703105511,4,4,25,8.76165460804858,0,0.2602611,150,10-24-14-3-6,F300_S005000|M007_S007800|M009_S005000|M009_S010000|F021_S005000,-+++-,1,0,NaN
5,1,R05_I01,3,JOINT_GA,Joint-encoding GA,17,20763017,232.714745046759,5834.31836575755,289.436287099597,841.678173057203,73.0856591808328,3419.96703105511,4,4,25,8.76165460804858,0,0.2522784,150,10-24-14-3-6,F300_S005000|M007_S007800|M009_S005000|M009_S010000|F021_S005000,-+++-,1,0,NaN
5,1,R05_I01,3,JOINT_GA,Joint-encoding GA,18,20763018,232.714745046759,5834.31836575755,289.436287099597,841.678173057203,73.0856591808328,3419.96703105511,4,4,25,8.76165460804858,0,0.2526809,150,10-24-14-3-6,F300_S005000|M007_S007800|M009_S005000|M009_S010000|F021_S005000,-+++-,1,0,NaN
5,1,R05_I01,3,JOINT_GA,Joint-encoding GA,19,20763019,232.714745046759,5834.31836575755,289.436287099597,841.678173057203,73.0856591808328,3419.96703105511,4,4,25,8.76165460804858,0,0.2643649,150,10-24-14-3-6,F300_S005000|M007_S007800|M009_S005000|M009_S010000|F021_S005000,-+++-,1,0,NaN
5,1,R05_I01,3,JOINT_GA,Joint-encoding GA,20,20763020,232.714745046759,5834.31836575755,289.436287099597,841.678173057203,73.0856591808328,3419.96703105511,4,4,25,8.76165460804858,0,0.2494807,150,10-24-14-3-6,F300_S005000|M007_S007800|M009_S005000|M009_S010000|F021_S005000,-+++-,1,0,NaN
5,1,R05_I01,4,GA_DP,Proposed GA-DP,1,20763501,232.714745046759,5834.31836575755,289.436287099597,841.678173057203,73.0856591808328,3419.96703105511,4,4,25,8.76165460804858,0,0.1759473,150,10-24-14-3-6,F300_S005000|M007_S007800|M009_S005000|M009_S010000|F021_S005000,-+++-,1,0,NaN
5,1,R05_I01,4,GA_DP,Proposed GA-DP,2,20763502,232.714745046759,5834.31836575755,289.436287099597,841.678173057203,73.0856591808328,3419.96703105511,4,4,25,8.76165460804858,0,0.1421603,150,10-24-14-3-6,F300_S005000|M007_S007800|M009_S005000|M009_S010000|F021_S005000,-+++-,1,0,NaN
5,1,R05_I01,4,GA_DP,Proposed GA-DP,3,20763503,232.714745046759,5834.31836575755,289.436287099597,841.678173057203,73.0856591808328,3419.96703105511,4,4,25,8.76165460804858,0,0.1408319,150,10-24-14-3-6,F300_S005000|M007_S007800|M009_S005000|M009_S010000|F021_S005000,-+++-,1,0,NaN
5,1,R05_I01,4,GA_DP,Proposed GA-DP,4,20763504,232.714745046759,5834.31836575755,289.436287099597,841.678173057203,73.0856591808328,3419.96703105511,4,4,25,8.76165460804858,0,0.1319884,150,10-24-14-3-6,F300_S005000|M007_S007800|M009_S005000|M009_S010000|F021_S005000,-+++-,1,0,NaN
5,1,R05_I01,4,GA_DP,Proposed GA-DP,5,20763505,232.714745046759,5834.31836575755,289.436287099597,841.678173057203,73.0856591808328,3419.96703105511,4,4,25,8.76165460804858,0,0.1477946,150,10-24-14-3-6,F300_S005000|M007_S007800|M009_S005000|M009_S010000|F021_S005000,-+++-,1,0,NaN
5,1,R05_I01,4,GA_DP,Proposed GA-DP,6,20763506,232.714745046759,5834.31836575755,289.436287099597,841.678173057203,73.0856591808328,3419.96703105511,4,4,25,8.76165460804858,0,0.1331139,150,10-24-14-3-6,F300_S005000|M007_S007800|M009_S005000|M009_S010000|F021_S005000,-+++-,1,0,NaN
5,1,R05_I01,4,GA_DP,Proposed GA-DP,7,20763507,232.714745046759,5834.31836575755,289.436287099597,841.678173057203,73.0856591808328,3419.96703105511,4,4,25,8.76165460804858,0,0.1329813,150,10-24-14-3-6,F300_S005000|M007_S007800|M009_S005000|M009_S010000|F021_S005000,-+++-,1,0,NaN
5,1,R05_I01,4,GA_DP,Proposed GA-DP,8,20763508,232.714745046759,5834.31836575755,289.436287099597,841.678173057203,73.0856591808328,3419.96703105511,4,4,25,8.76165460804858,0,0.1393068,150,10-24-14-3-6,F300_S005000|M007_S007800|M009_S005000|M009_S010000|F021_S005000,-+++-,1,0,NaN
5,1,R05_I01,4,GA_DP,Proposed GA-DP,9,20763509,232.714745046759,5834.31836575755,289.436287099597,841.678173057203,73.0856591808328,3419.96703105511,4,4,25,8.76165460804858,0,0.1324698,150,10-24-14-3-6,F300_S005000|M007_S007800|M009_S005000|M009_S010000|F021_S005000,-+++-,1,0,NaN
5,1,R05_I01,4,GA_DP,Proposed GA-DP,10,20763510,232.714745046759,5834.31836575755,289.436287099597,841.678173057203,73.0856591808328,3419.96703105511,4,4,25,8.76165460804858,0,0.1337711,150,10-24-14-3-6,F300_S005000|M007_S007800|M009_S005000|M009_S010000|F021_S005000,-+++-,1,0,NaN
5,1,R05_I01,4,GA_DP,Proposed GA-DP,11,20763511,232.714745046759,5834.31836575755,289.436287099597,841.678173057203,73.0856591808328,3419.96703105511,4,4,25,8.76165460804858,0,0.1302579,150,10-24-14-3-6,F300_S005000|M007_S007800|M009_S005000|M009_S010000|F021_S005000,-+++-,1,0,NaN
5,1,R05_I01,4,GA_DP,Proposed GA-DP,12,20763512,232.714745046759,5834.31836575755,289.436287099597,841.678173057203,73.0856591808328,3419.96703105511,4,4,25,8.76165460804858,0,0.137167,150,10-24-14-3-6,F300_S005000|M007_S007800|M009_S005000|M009_S010000|F021_S005000,-+++-,1,0,NaN
5,1,R05_I01,4,GA_DP,Proposed GA-DP,13,20763513,232.714745046759,5834.31836575755,289.436287099597,841.678173057203,73.0856591808328,3419.96703105511,4,4,25,8.76165460804858,0,0.1378699,150,10-24-14-3-6,F300_S005000|M007_S007800|M009_S005000|M009_S010000|F021_S005000,-+++-,1,0,NaN
5,1,R05_I01,4,GA_DP,Proposed GA-DP,14,20763514,232.714745046759,5834.31836575755,289.436287099597,841.678173057203,73.0856591808328,3419.96703105511,4,4,25,8.76165460804858,0,0.1351141,150,10-24-14-3-6,F300_S005000|M007_S007800|M009_S005000|M009_S010000|F021_S005000,-+++-,1,0,NaN
5,1,R05_I01,4,GA_DP,Proposed GA-DP,15,20763515,232.714745046759,5834.31836575755,289.436287099597,841.678173057203,73.0856591808328,3419.96703105511,4,4,25,8.76165460804858,0,0.1339224,150,10-24-14-3-6,F300_S005000|M007_S007800|M009_S005000|M009_S010000|F021_S005000,-+++-,1,0,NaN
5,1,R05_I01,4,GA_DP,Proposed GA-DP,16,20763516,232.714745046759,5834.31836575755,289.436287099597,841.678173057203,73.0856591808328,3419.96703105511,4,4,25,8.76165460804858,0,0.1415424,150,10-24-14-3-6,F300_S005000|M007_S007800|M009_S005000|M009_S010000|F021_S005000,-+++-,1,0,NaN
5,1,R05_I01,4,GA_DP,Proposed GA-DP,17,20763517,232.714745046759,5834.31836575755,289.436287099597,841.678173057203,73.0856591808328,3419.96703105511,4,4,25,8.76165460804858,0,0.1724815,150,10-24-14-3-6,F300_S005000|M007_S007800|M009_S005000|M009_S010000|F021_S005000,-+++-,1,0,NaN
5,1,R05_I01,4,GA_DP,Proposed GA-DP,18,20763518,232.714745046759,5834.31836575755,289.436287099597,841.678173057203,73.0856591808328,3419.96703105511,4,4,25,8.76165460804858,0,0.1320851,150,10-24-14-3-6,F300_S005000|M007_S007800|M009_S005000|M009_S010000|F021_S005000,-+++-,1,0,NaN
5,1,R05_I01,4,GA_DP,Proposed GA-DP,19,20763519,232.714745046759,5834.31836575755,289.436287099597,841.678173057203,73.0856591808328,3419.96703105511,4,4,25,8.76165460804858,0,0.1352226,150,10-24-14-3-6,F300_S005000|M007_S007800|M009_S005000|M009_S010000|F021_S005000,-+++-,1,0,NaN
5,1,R05_I01,4,GA_DP,Proposed GA-DP,20,20763520,232.714745046759,5834.31836575755,289.436287099597,841.678173057203,73.0856591808328,3419.96703105511,4,4,25,8.76165460804858,0,0.1317544,150,10-24-14-3-6,F300_S005000|M007_S007800|M009_S005000|M009_S010000|F021_S005000,-+++-,1,0,NaN
5,1,R05_I01,5,EXACT,Exact optimum,1,NaN,232.714745046759,5834.31836575755,289.436287099597,841.678173057203,73.0856591808328,3419.96703105511,4,4,25,8.76165460804858,0,0.0278539,0,10-24-14-3-6,F300_S005000|M007_S007800|M009_S005000|M009_S010000|F021_S005000,-+++-,1,1,0
5,2,R05_I02,1,FIXED,Fixed order + fixed direction,1,NaN,241.48726498885,6399.13867258781,252.774128671458,907.528345208486,82.3057590356318,3992.23042277678,5,4,28.2695353204216,0,10.7457535422222,6.69e-05,0,4-21-20-24-12,M001_S001200|M002_S011200|M005_S006200|M007_S007800|F132_S000000,+++++,1,0,NaN
5,2,R05_I02,2,NN_DP,Nearest neighbour-DP,1,NaN,224.703169685233,5587.97217287817,208.774955201094,833.484854083825,65.575926503683,3181.06392306713,4,2,25.204433963884,6.95030245358553,3.04858871653533,0.0003288,0,4-12-21-20-24,M001_S001200|F132_S000000|M002_S011200|M005_S006200|M007_S007800,--+--,1,0,NaN
5,2,R05_I02,3,JOINT_GA,Joint-encoding GA,1,20764001,218.055552709551,5144.75470431962,252.024796891146,790.837849177117,58.9051966921588,2737.84645450859,3,2,25.204433963884,9.70308404477589,0,0.2598261,150,4-24-20-12-21,M001_S001200|M007_S007800|M005_S006200|F132_S000000|M002_S011200,-+---,1,0,NaN
5,2,R05_I02,3,JOINT_GA,Joint-encoding GA,2,20764002,218.055552709551,5144.75470431962,252.024796891146,790.837849177117,58.9051966921588,2737.84645450859,3,2,25.204433963884,9.70308404477589,0,0.2586463,150,4-24-20-12-21,M001_S001200|M007_S007800|M005_S006200|F132_S000000|M002_S011200,-+---,1,0,NaN
5,2,R05_I02,3,JOINT_GA,Joint-encoding GA,3,20764003,218.055552709551,5144.75470431962,252.024796891146,790.837849177117,58.9051966921588,2737.84645450859,3,2,25.204433963884,9.70308404477589,0,0.2697807,150,4-24-20-12-21,M001_S001200|M007_S007800|M005_S006200|F132_S000000|M002_S011200,-+---,1,0,NaN
5,2,R05_I02,3,JOINT_GA,Joint-encoding GA,4,20764004,218.055552709551,5144.75470431962,252.024796891146,790.837849177117,58.9051966921588,2737.84645450859,3,2,25.204433963884,9.70308404477589,0,0.3284586,150,4-24-20-12-21,M001_S001200|M007_S007800|M005_S006200|F132_S000000|M002_S011200,-+---,1,0,NaN
5,2,R05_I02,3,JOINT_GA,Joint-encoding GA,5,20764005,219.74986492537,5308.43028335086,208.774955201094,815.399556558143,60.5110495614049,2901.52203353982,3,3,25.204433963884,9.00146848923194,0.777009433956589,0.2522721,150,4-12-24-20-21,M001_S001200|F132_S000000|M007_S007800|M005_S006200|M002_S011200,--++-,1,0,NaN
5,2,R05_I02,3,JOINT_GA,Joint-encoding GA,6,20764006,218.055552709551,5144.75470431962,252.024796891146,790.837849177117,58.9051966921588,2737.84645450859,3,2,25.204433963884,9.70308404477589,0,0.2512822,150,4-24-20-12-21,M001_S001200|M007_S007800|M005_S006200|F132_S000000|M002_S011200,-+---,1,0,NaN
5,2,R05_I02,3,JOINT_GA,Joint-encoding GA,7,20764007,218.055552709551,5144.75470431962,252.024796891146,790.837849177117,58.9051966921588,2737.84645450859,3,2,25.204433963884,9.70308404477589,0,0.2509908,150,4-24-20-12-21,M001_S001200|M007_S007800|M005_S006200|F132_S000000|M002_S011200,-+---,1,0,NaN
5,2,R05_I02,3,JOINT_GA,Joint-encoding GA,8,20764008,218.055552709551,5144.75470431962,252.024796891146,790.837849177117,58.9051966921588,2737.84645450859,3,2,25.204433963884,9.70308404477589,0,0.2505491,150,4-24-20-12-21,M001_S001200|M007_S007800|M005_S006200|F132_S000000|M002_S011200,-+---,1,0,NaN
5,2,R05_I02,3,JOINT_GA,Joint-encoding GA,9,20764009,218.055552709551,5144.75470431962,252.024796891146,790.837849177117,58.9051966921588,2737.84645450859,3,2,25.204433963884,9.70308404477589,0,0.251852,150,4-24-20-12-21,M001_S001200|M007_S007800|M005_S006200|F132_S000000|M002_S011200,-+---,1,0,NaN
5,2,R05_I02,3,JOINT_GA,Joint-encoding GA,10,20764010,218.055552709551,5144.75470431962,252.024796891146,790.837849177117,58.9051966921588,2737.84645450859,3,2,25.204433963884,9.70308404477589,0,0.2492182,150,4-24-20-12-21,M001_S001200|M007_S007800|M005_S006200|F132_S000000|M002_S011200,-+---,1,0,NaN
5,2,R05_I02,3,JOINT_GA,Joint-encoding GA,11,20764011,218.055552709551,5144.75470431962,252.024796891146,790.837849177117,58.9051966921588,2737.84645450859,3,2,25.204433963884,9.70308404477589,0,0.2493421,150,4-24-20-12-21,M001_S001200|M007_S007800|M005_S006200|F132_S000000|M002_S011200,-+---,1,0,NaN
5,2,R05_I02,3,JOINT_GA,Joint-encoding GA,12,20764012,218.055552709551,5144.75470431962,252.024796891146,790.837849177117,58.9051966921588,2737.84645450859,3,2,25.204433963884,9.70308404477589,0,0.2473756,150,4-24-20-12-21,M001_S001200|M007_S007800|M005_S006200|F132_S000000|M002_S011200,-+---,1,0,NaN
5,2,R05_I02,3,JOINT_GA,Joint-encoding GA,13,20764013,218.055552709551,5144.75470431962,252.024796891146,790.837849177117,58.9051966921588,2737.84645450859,3,2,25.204433963884,9.70308404477589,0,0.2496532,150,4-24-20-12-21,M001_S001200|M007_S007800|M005_S006200|F132_S000000|M002_S011200,-+---,1,0,NaN
5,2,R05_I02,3,JOINT_GA,Joint-encoding GA,14,20764014,218.055552709551,5144.75470431962,252.024796891146,790.837849177117,58.9051966921588,2737.84645450859,3,2,25.204433963884,9.70308404477589,0,0.2498694,150,4-24-20-12-21,M001_S001200|M007_S007800|M005_S006200|F132_S000000|M002_S011200,-+---,1,0,NaN
5,2,R05_I02,3,JOINT_GA,Joint-encoding GA,15,20764015,218.055552709551,5144.75470431962,252.024796891146,790.837849177117,58.9051966921588,2737.84645450859,3,2,25.204433963884,9.70308404477589,0,0.2537122,150,4-24-20-12-21,M001_S001200|M007_S007800|M005_S006200|F132_S000000|M002_S011200,-+---,1,0,NaN
5,2,R05_I02,3,JOINT_GA,Joint-encoding GA,16,20764016,218.055552709551,5144.75470431962,252.024796891146,790.837849177117,58.9051966921588,2737.84645450859,3,2,25.204433963884,9.70308404477589,0,0.2525365,150,4-24-20-12-21,M001_S001200|M007_S007800|M005_S006200|F132_S000000|M002_S011200,-+---,1,0,NaN
5,2,R05_I02,3,JOINT_GA,Joint-encoding GA,17,20764017,219.74986492537,5308.43028335086,208.774955201094,815.399556558143,60.5110495614049,2901.52203353982,3,3,25.204433963884,9.00146848923194,0.777009433956589,0.2492021,150,4-12-24-20-21,M001_S001200|F132_S000000|M007_S007800|M005_S006200|M002_S011200,--++-,1,0,NaN
5,2,R05_I02,3,JOINT_GA,Joint-encoding GA,18,20764018,218.055552709551,5144.75470431962,252.024796891146,790.837849177117,58.9051966921588,2737.84645450859,3,2,25.204433963884,9.70308404477589,0,0.2539987,150,4-24-20-12-21,M001_S001200|M007_S007800|M005_S006200|F132_S000000|M002_S011200,-+---,1,0,NaN
5,2,R05_I02,3,JOINT_GA,Joint-encoding GA,19,20764019,218.055552709551,5144.75470431962,252.024796891146,790.837849177117,58.9051966921588,2737.84645450859,3,2,25.204433963884,9.70308404477589,0,0.2527773,150,4-24-20-12-21,M001_S001200|M007_S007800|M005_S006200|F132_S000000|M002_S011200,-+---,1,0,NaN
5,2,R05_I02,3,JOINT_GA,Joint-encoding GA,20,20764020,218.055552709551,5144.75470431962,252.024796891146,790.837849177117,58.9051966921588,2737.84645450859,3,2,25.204433963884,9.70308404477589,0,0.2518406,150,4-24-20-12-21,M001_S001200|M007_S007800|M005_S006200|F132_S000000|M002_S011200,-+---,1,0,NaN
5,2,R05_I02,4,GA_DP,Proposed GA-DP,1,20764501,218.055552709551,5144.75470431962,252.024796891146,790.837849177117,58.9051966921588,2737.84645450859,3,2,25.204433963884,9.70308404477589,0,0.1345622,150,4-24-20-12-21,M001_S001200|M007_S007800|M005_S006200|F132_S000000|M002_S011200,-+---,1,0,NaN
5,2,R05_I02,4,GA_DP,Proposed GA-DP,2,20764502,218.055552709551,5144.75470431962,252.024796891146,790.837849177117,58.9051966921588,2737.84645450859,3,2,25.204433963884,9.70308404477589,0,0.1348821,150,4-24-20-12-21,M001_S001200|M007_S007800|M005_S006200|F132_S000000|M002_S011200,-+---,1,0,NaN
5,2,R05_I02,4,GA_DP,Proposed GA-DP,3,20764503,218.055552709551,5144.75470431962,252.024796891146,790.837849177117,58.9051966921588,2737.84645450859,3,2,25.204433963884,9.70308404477589,0,0.1742728,150,4-24-20-12-21,M001_S001200|M007_S007800|M005_S006200|F132_S000000|M002_S011200,-+---,1,0,NaN
5,2,R05_I02,4,GA_DP,Proposed GA-DP,4,20764504,218.055552709551,5144.75470431962,252.024796891146,790.837849177117,58.9051966921588,2737.84645450859,3,2,25.204433963884,9.70308404477589,0,0.1352976,150,4-24-20-12-21,M001_S001200|M007_S007800|M005_S006200|F132_S000000|M002_S011200,-+---,1,0,NaN
5,2,R05_I02,4,GA_DP,Proposed GA-DP,5,20764505,218.055552709551,5144.75470431962,252.024796891146,790.837849177117,58.9051966921588,2737.84645450859,3,2,25.204433963884,9.70308404477589,0,0.1316667,150,4-24-20-12-21,M001_S001200|M007_S007800|M005_S006200|F132_S000000|M002_S011200,-+---,1,0,NaN
5,2,R05_I02,4,GA_DP,Proposed GA-DP,6,20764506,218.055552709551,5144.75470431962,252.024796891146,790.837849177117,58.9051966921588,2737.84645450859,3,2,25.204433963884,9.70308404477589,0,0.1339567,150,4-24-20-12-21,M001_S001200|M007_S007800|M005_S006200|F132_S000000|M002_S011200,-+---,1,0,NaN
5,2,R05_I02,4,GA_DP,Proposed GA-DP,7,20764507,218.055552709551,5144.75470431962,252.024796891146,790.837849177117,58.9051966921588,2737.84645450859,3,2,25.204433963884,9.70308404477589,0,0.1304368,150,4-24-20-12-21,M001_S001200|M007_S007800|M005_S006200|F132_S000000|M002_S011200,-+---,1,0,NaN
5,2,R05_I02,4,GA_DP,Proposed GA-DP,8,20764508,218.055552709551,5144.75470431962,252.024796891146,790.837849177117,58.9051966921588,2737.84645450859,3,2,25.204433963884,9.70308404477589,0,0.1340224,150,4-24-20-12-21,M001_S001200|M007_S007800|M005_S006200|F132_S000000|M002_S011200,-+---,1,0,NaN
5,2,R05_I02,4,GA_DP,Proposed GA-DP,9,20764509,218.055552709551,5144.75470431962,252.024796891146,790.837849177117,58.9051966921588,2737.84645450859,3,2,25.204433963884,9.70308404477589,0,0.1313424,150,4-24-20-12-21,M001_S001200|M007_S007800|M005_S006200|F132_S000000|M002_S011200,-+---,1,0,NaN
5,2,R05_I02,4,GA_DP,Proposed GA-DP,10,20764510,218.055552709551,5144.75470431962,252.024796891146,790.837849177117,58.9051966921588,2737.84645450859,3,2,25.204433963884,9.70308404477589,0,0.1341714,150,4-24-20-12-21,M001_S001200|M007_S007800|M005_S006200|F132_S000000|M002_S011200,-+---,1,0,NaN
5,2,R05_I02,4,GA_DP,Proposed GA-DP,11,20764511,218.055552709551,5144.75470431962,252.024796891146,790.837849177117,58.9051966921588,2737.84645450859,3,2,25.204433963884,9.70308404477589,0,0.1328669,150,4-24-20-12-21,M001_S001200|M007_S007800|M005_S006200|F132_S000000|M002_S011200,-+---,1,0,NaN
5,2,R05_I02,4,GA_DP,Proposed GA-DP,12,20764512,218.055552709551,5144.75470431962,252.024796891146,790.837849177117,58.9051966921588,2737.84645450859,3,2,25.204433963884,9.70308404477589,0,0.132822,150,4-24-20-12-21,M001_S001200|M007_S007800|M005_S006200|F132_S000000|M002_S011200,-+---,1,0,NaN
5,2,R05_I02,4,GA_DP,Proposed GA-DP,13,20764513,218.055552709551,5144.75470431962,252.024796891146,790.837849177117,58.9051966921588,2737.84645450859,3,2,25.204433963884,9.70308404477589,0,0.1315279,150,4-24-20-12-21,M001_S001200|M007_S007800|M005_S006200|F132_S000000|M002_S011200,-+---,1,0,NaN
5,2,R05_I02,4,GA_DP,Proposed GA-DP,14,20764514,218.055552709551,5144.75470431962,252.024796891146,790.837849177117,58.9051966921588,2737.84645450859,3,2,25.204433963884,9.70308404477589,0,0.1322277,150,4-24-20-12-21,M001_S001200|M007_S007800|M005_S006200|F132_S000000|M002_S011200,-+---,1,0,NaN
5,2,R05_I02,4,GA_DP,Proposed GA-DP,15,20764515,218.055552709551,5144.75470431962,252.024796891146,790.837849177117,58.9051966921588,2737.84645450859,3,2,25.204433963884,9.70308404477589,0,0.1374772,150,4-24-20-12-21,M001_S001200|M007_S007800|M005_S006200|F132_S000000|M002_S011200,-+---,1,0,NaN
5,2,R05_I02,4,GA_DP,Proposed GA-DP,16,20764516,218.055552709551,5144.75470431962,252.024796891146,790.837849177117,58.9051966921588,2737.84645450859,3,2,25.204433963884,9.70308404477589,0,0.1375367,150,4-24-20-12-21,M001_S001200|M007_S007800|M005_S006200|F132_S000000|M002_S011200,-+---,1,0,NaN
5,2,R05_I02,4,GA_DP,Proposed GA-DP,17,20764517,218.055552709551,5144.75470431962,252.024796891146,790.837849177117,58.9051966921588,2737.84645450859,3,2,25.204433963884,9.70308404477589,0,0.1339403,150,4-24-20-12-21,M001_S001200|M007_S007800|M005_S006200|F132_S000000|M002_S011200,-+---,1,0,NaN
5,2,R05_I02,4,GA_DP,Proposed GA-DP,18,20764518,218.055552709551,5144.75470431962,252.024796891146,790.837849177117,58.9051966921588,2737.84645450859,3,2,25.204433963884,9.70308404477589,0,0.1334878,150,4-24-20-12-21,M001_S001200|M007_S007800|M005_S006200|F132_S000000|M002_S011200,-+---,1,0,NaN
5,2,R05_I02,4,GA_DP,Proposed GA-DP,19,20764519,218.055552709551,5144.75470431962,252.024796891146,790.837849177117,58.9051966921588,2737.84645450859,3,2,25.204433963884,9.70308404477589,0,0.132411,150,4-24-20-12-21,M001_S001200|M007_S007800|M005_S006200|F132_S000000|M002_S011200,-+---,1,0,NaN
5,2,R05_I02,4,GA_DP,Proposed GA-DP,20,20764520,218.055552709551,5144.75470431962,252.024796891146,790.837849177117,58.9051966921588,2737.84645450859,3,2,25.204433963884,9.70308404477589,0,0.1326582,150,4-24-20-12-21,M001_S001200|M007_S007800|M005_S006200|F132_S000000|M002_S011200,-+---,1,0,NaN
5,2,R05_I02,5,EXACT,Exact optimum,1,NaN,218.055552709551,5144.75470431962,252.024796891146,790.837849177117,58.9051966921588,2737.84645450859,3,2,25.204433963884,9.70308404477589,0,0.0036783,0,4-24-20-12-21,M001_S001200|M007_S007800|M005_S006200|F132_S000000|M002_S011200,-+---,1,1,0
5,3,R05_I03,1,FIXED,Fixed order + fixed direction,1,NaN,235.684298738876,5759.96765663558,315.404947414444,858.306554328194,76.8640941824317,3356.38936945403,5,5,25,0,14.9636970637436,3.71e-05,0,18-20-6-12-15,M001_S006200|M005_S006200|F021_S005000|F132_S000000|F195_S001400,+++++,1,0,NaN
5,3,R05_I03,2,NN_DP,Nearest neighbour-DP,1,NaN,210.280098481579,4712.39016128914,240.304392928931,761.703537297883,51.559286206541,2308.81187410759,2,2,26.5358989847173,10.7789107688686,2.5718627406502,0.0001072,0,18-12-20-6-15,M001_S006200|F132_S000000|M005_S006200|F021_S005000|F195_S001400,+++--,1,0,NaN
5,3,R05_I03,3,JOINT_GA,Joint-encoding GA,1,20765001,205.007584792787,4583.27710440209,197.623441271669,757.822153669169,46.1544671436744,2179.69881722054,2,1,25,13.0160193573513,0,0.2507651,150,18-15-6-20-12,M001_S006200|F195_S001400|F021_S005000|M005_S006200|F132_S000000,-++--,1,0,NaN
5,3,R05_I03,3,JOINT_GA,Joint-encoding GA,2,20765002,205.007584792787,4583.27710440209,197.623441271669,757.822153669169,46.1544671436744,2179.69881722054,2,1,25,13.0160193573513,0,0.2493624,150,18-15-6-20-12,M001_S006200|F195_S001400|F021_S005000|M005_S006200|F132_S000000,-++--,1,0,NaN
5,3,R05_I03,3,JOINT_GA,Joint-encoding GA,3,20765003,205.007584792787,4583.27710440209,197.623441271669,757.822153669169,46.1544671436744,2179.69881722054,2,1,25,13.0160193573513,0,0.2482935,150,18-15-6-20-12,M001_S006200|F195_S001400|F021_S005000|M005_S006200|F132_S000000,-++--,1,0,NaN
5,3,R05_I03,3,JOINT_GA,Joint-encoding GA,4,20765004,205.007584792787,4583.27710440209,197.623441271669,757.822153669169,46.1544671436744,2179.69881722054,2,1,25,13.0160193573513,0,0.2473362,150,18-15-6-20-12,M001_S006200|F195_S001400|F021_S005000|M005_S006200|F132_S000000,-++--,1,0,NaN
5,3,R05_I03,3,JOINT_GA,Joint-encoding GA,5,20765005,205.007584792787,4583.27710440209,197.623441271669,757.822153669169,46.1544671436744,2179.69881722054,2,1,25,13.0160193573513,0,0.2492833,150,18-15-6-20-12,M001_S006200|F195_S001400|F021_S005000|M005_S006200|F132_S000000,-++--,1,0,NaN
5,3,R05_I03,3,JOINT_GA,Joint-encoding GA,6,20765006,205.007584792787,4583.27710440209,197.623441271669,757.822153669169,46.1544671436744,2179.69881722054,2,1,25,13.0160193573513,0,0.2500012,150,18-15-6-20-12,M001_S006200|F195_S001400|F021_S005000|M005_S006200|F132_S000000,-++--,1,0,NaN
5,3,R05_I03,3,JOINT_GA,Joint-encoding GA,7,20765007,205.007584792787,4583.27710440209,197.623441271669,757.822153669169,46.1544671436744,2179.69881722054,2,1,25,13.0160193573513,0,0.2507615,150,18-15-6-20-12,M001_S006200|F195_S001400|F021_S005000|M005_S006200|F132_S000000,-++--,1,0,NaN
5,3,R05_I03,3,JOINT_GA,Joint-encoding GA,8,20765008,205.007584792787,4583.27710440209,197.623441271669,757.822153669169,46.1544671436744,2179.69881722054,2,1,25,13.0160193573513,0,0.2490051,150,18-15-6-20-12,M001_S006200|F195_S001400|F021_S005000|M005_S006200|F132_S000000,-++--,1,0,NaN
5,3,R05_I03,3,JOINT_GA,Joint-encoding GA,9,20765009,205.007584792787,4583.27710440209,197.623441271669,757.822153669169,46.1544671436744,2179.69881722054,2,1,25,13.0160193573513,0,0.2497819,150,18-15-6-20-12,M001_S006200|F195_S001400|F021_S005000|M005_S006200|F132_S000000,-++--,1,0,NaN
5,3,R05_I03,3,JOINT_GA,Joint-encoding GA,10,20765010,205.007584792787,4583.27710440209,197.623441271669,757.822153669169,46.1544671436744,2179.69881722054,2,1,25,13.0160193573513,0,0.249536,150,18-15-6-20-12,M001_S006200|F195_S001400|F021_S005000|M005_S006200|F132_S000000,-++--,1,0,NaN
5,3,R05_I03,3,JOINT_GA,Joint-encoding GA,11,20765011,205.007584792787,4583.27710440209,197.623441271669,757.822153669169,46.1544671436744,2179.69881722054,2,1,25,13.0160193573513,0,0.2516399,150,18-15-6-20-12,M001_S006200|F195_S001400|F021_S005000|M005_S006200|F132_S000000,-++--,1,0,NaN
5,3,R05_I03,3,JOINT_GA,Joint-encoding GA,12,20765012,205.007584792787,4583.27710440209,197.623441271669,757.822153669169,46.1544671436744,2179.69881722054,2,1,25,13.0160193573513,0,0.2507152,150,18-15-6-20-12,M001_S006200|F195_S001400|F021_S005000|M005_S006200|F132_S000000,-++--,1,0,NaN
5,3,R05_I03,3,JOINT_GA,Joint-encoding GA,13,20765013,205.007584792787,4583.27710440209,197.623441271669,757.822153669169,46.1544671436744,2179.69881722054,2,1,25,13.0160193573513,0,0.2494321,150,18-15-6-20-12,M001_S006200|F195_S001400|F021_S005000|M005_S006200|F132_S000000,-++--,1,0,NaN
5,3,R05_I03,3,JOINT_GA,Joint-encoding GA,14,20765014,205.007584792787,4583.27710440209,197.623441271669,757.822153669169,46.1544671436744,2179.69881722054,2,1,25,13.0160193573513,0,0.2508333,150,18-15-6-20-12,M001_S006200|F195_S001400|F021_S005000|M005_S006200|F132_S000000,-++--,1,0,NaN
5,3,R05_I03,3,JOINT_GA,Joint-encoding GA,15,20765015,205.007584792787,4583.27710440209,197.623441271669,757.822153669169,46.1544671436744,2179.69881722054,2,1,25,13.0160193573513,0,0.2498236,150,18-15-6-20-12,M001_S006200|F195_S001400|F021_S005000|M005_S006200|F132_S000000,-++--,1,0,NaN
5,3,R05_I03,3,JOINT_GA,Joint-encoding GA,16,20765016,205.007584792787,4583.27710440209,197.623441271669,757.822153669169,46.1544671436744,2179.69881722054,2,1,25,13.0160193573513,0,0.2494037,150,18-15-6-20-12,M001_S006200|F195_S001400|F021_S005000|M005_S006200|F132_S000000,-++--,1,0,NaN
5,3,R05_I03,3,JOINT_GA,Joint-encoding GA,17,20765017,209.298479253964,4614.92151734856,232.14401255117,764.302276710331,50.5667340440927,2211.34323016701,3,2,25,11.1954082754346,2.09304180892362,0.2484058,150,18-12-15-6-20,M001_S006200|F132_S000000|F195_S001400|F021_S005000|M005_S006200,++++-,1,0,NaN
5,3,R05_I03,3,JOINT_GA,Joint-encoding GA,18,20765018,205.007584792787,4583.27710440209,197.623441271669,757.822153669169,46.1544671436744,2179.69881722054,2,1,25,13.0160193573513,0,0.2482752,150,18-15-6-20-12,M001_S006200|F195_S001400|F021_S005000|M005_S006200|F132_S000000,-++--,1,0,NaN
5,3,R05_I03,3,JOINT_GA,Joint-encoding GA,19,20765019,205.007584792787,4583.27710440209,197.623441271669,757.822153669169,46.1544671436744,2179.69881722054,2,1,25,13.0160193573513,0,0.2483772,150,18-15-6-20-12,M001_S006200|F195_S001400|F021_S005000|M005_S006200|F132_S000000,-++--,1,0,NaN
5,3,R05_I03,3,JOINT_GA,Joint-encoding GA,20,20765020,205.007584792787,4583.27710440209,197.623441271669,757.822153669169,46.1544671436744,2179.69881722054,2,1,25,13.0160193573513,0,0.2498699,150,18-15-6-20-12,M001_S006200|F195_S001400|F021_S005000|M005_S006200|F132_S000000,-++--,1,0,NaN
5,3,R05_I03,4,GA_DP,Proposed GA-DP,1,20765501,205.007584792787,4583.27710440209,197.623441271669,757.822153669169,46.1544671436744,2179.69881722054,2,1,25,13.0160193573513,0,0.1319657,150,18-15-6-20-12,M001_S006200|F195_S001400|F021_S005000|M005_S006200|F132_S000000,-++--,1,0,NaN
5,3,R05_I03,4,GA_DP,Proposed GA-DP,2,20765502,205.007584792787,4583.27710440209,197.623441271669,757.822153669169,46.1544671436744,2179.69881722054,2,1,25,13.0160193573513,0,0.1317138,150,18-15-6-20-12,M001_S006200|F195_S001400|F021_S005000|M005_S006200|F132_S000000,-++--,1,0,NaN
5,3,R05_I03,4,GA_DP,Proposed GA-DP,3,20765503,205.007584792787,4583.27710440209,197.623441271669,757.822153669169,46.1544671436744,2179.69881722054,2,1,25,13.0160193573513,0,0.1326332,150,18-15-6-20-12,M001_S006200|F195_S001400|F021_S005000|M005_S006200|F132_S000000,-++--,1,0,NaN
5,3,R05_I03,4,GA_DP,Proposed GA-DP,4,20765504,205.007584792787,4583.27710440209,197.623441271669,757.822153669169,46.1544671436744,2179.69881722054,2,1,25,13.0160193573513,0,0.1331874,150,18-15-6-20-12,M001_S006200|F195_S001400|F021_S005000|M005_S006200|F132_S000000,-++--,1,0,NaN
5,3,R05_I03,4,GA_DP,Proposed GA-DP,5,20765505,205.007584792787,4583.27710440209,197.623441271669,757.822153669169,46.1544671436744,2179.69881722054,2,1,25,13.0160193573513,0,0.1320865,150,18-15-6-20-12,M001_S006200|F195_S001400|F021_S005000|M005_S006200|F132_S000000,-++--,1,0,NaN
5,3,R05_I03,4,GA_DP,Proposed GA-DP,6,20765506,205.007584792787,4583.27710440209,197.623441271669,757.822153669169,46.1544671436744,2179.69881722054,2,1,25,13.0160193573513,0,0.1296423,150,18-15-6-20-12,M001_S006200|F195_S001400|F021_S005000|M005_S006200|F132_S000000,-++--,1,0,NaN
5,3,R05_I03,4,GA_DP,Proposed GA-DP,7,20765507,205.007584792787,4583.27710440209,197.623441271669,757.822153669169,46.1544671436744,2179.69881722054,2,1,25,13.0160193573513,0,0.1331561,150,18-15-6-20-12,M001_S006200|F195_S001400|F021_S005000|M005_S006200|F132_S000000,-++--,1,0,NaN
5,3,R05_I03,4,GA_DP,Proposed GA-DP,8,20765508,205.007584792787,4583.27710440209,197.623441271669,757.822153669169,46.1544671436744,2179.69881722054,2,1,25,13.0160193573513,0,0.1332498,150,18-15-6-20-12,M001_S006200|F195_S001400|F021_S005000|M005_S006200|F132_S000000,-++--,1,0,NaN
5,3,R05_I03,4,GA_DP,Proposed GA-DP,9,20765509,205.007584792787,4583.27710440209,197.623441271669,757.822153669169,46.1544671436744,2179.69881722054,2,1,25,13.0160193573513,0,0.1319635,150,18-15-6-20-12,M001_S006200|F195_S001400|F021_S005000|M005_S006200|F132_S000000,-++--,1,0,NaN
5,3,R05_I03,4,GA_DP,Proposed GA-DP,10,20765510,205.007584792787,4583.27710440209,197.623441271669,757.822153669169,46.1544671436744,2179.69881722054,2,1,25,13.0160193573513,0,0.1331662,150,18-15-6-20-12,M001_S006200|F195_S001400|F021_S005000|M005_S006200|F132_S000000,-++--,1,0,NaN
5,3,R05_I03,4,GA_DP,Proposed GA-DP,11,20765511,205.007584792787,4583.27710440209,197.623441271669,757.822153669169,46.1544671436744,2179.69881722054,2,1,25,13.0160193573513,0,0.1334915,150,18-15-6-20-12,M001_S006200|F195_S001400|F021_S005000|M005_S006200|F132_S000000,-++--,1,0,NaN
5,3,R05_I03,4,GA_DP,Proposed GA-DP,12,20765512,205.007584792787,4583.27710440209,197.623441271669,757.822153669169,46.1544671436744,2179.69881722054,2,1,25,13.0160193573513,0,0.1323431,150,18-15-6-20-12,M001_S006200|F195_S001400|F021_S005000|M005_S006200|F132_S000000,-++--,1,0,NaN
5,3,R05_I03,4,GA_DP,Proposed GA-DP,13,20765513,205.007584792787,4583.27710440209,197.623441271669,757.822153669169,46.1544671436744,2179.69881722054,2,1,25,13.0160193573513,0,0.1314576,150,18-15-6-20-12,M001_S006200|F195_S001400|F021_S005000|M005_S006200|F132_S000000,-++--,1,0,NaN
5,3,R05_I03,4,GA_DP,Proposed GA-DP,14,20765514,205.007584792787,4583.27710440209,197.623441271669,757.822153669169,46.1544671436744,2179.69881722054,2,1,25,13.0160193573513,0,0.1331982,150,18-15-6-20-12,M001_S006200|F195_S001400|F021_S005000|M005_S006200|F132_S000000,-++--,1,0,NaN
5,3,R05_I03,4,GA_DP,Proposed GA-DP,15,20765515,205.007584792787,4583.27710440209,197.623441271669,757.822153669169,46.1544671436744,2179.69881722054,2,1,25,13.0160193573513,0,0.1320885,150,18-15-6-20-12,M001_S006200|F195_S001400|F021_S005000|M005_S006200|F132_S000000,-++--,1,0,NaN
5,3,R05_I03,4,GA_DP,Proposed GA-DP,16,20765516,205.007584792787,4583.27710440209,197.623441271669,757.822153669169,46.1544671436744,2179.69881722054,2,1,25,13.0160193573513,0,0.1310802,150,18-15-6-20-12,M001_S006200|F195_S001400|F021_S005000|M005_S006200|F132_S000000,-++--,1,0,NaN
5,3,R05_I03,4,GA_DP,Proposed GA-DP,17,20765517,205.007584792787,4583.27710440209,197.623441271669,757.822153669169,46.1544671436744,2179.69881722054,2,1,25,13.0160193573513,0,0.1326607,150,18-15-6-20-12,M001_S006200|F195_S001400|F021_S005000|M005_S006200|F132_S000000,-++--,1,0,NaN
5,3,R05_I03,4,GA_DP,Proposed GA-DP,18,20765518,205.007584792787,4583.27710440209,197.623441271669,757.822153669169,46.1544671436744,2179.69881722054,2,1,25,13.0160193573513,0,0.1337154,150,18-15-6-20-12,M001_S006200|F195_S001400|F021_S005000|M005_S006200|F132_S000000,-++--,1,0,NaN
5,3,R05_I03,4,GA_DP,Proposed GA-DP,19,20765519,205.007584792787,4583.27710440209,197.623441271669,757.822153669169,46.1544671436744,2179.69881722054,2,1,25,13.0160193573513,0,0.1302227,150,18-15-6-20-12,M001_S006200|F195_S001400|F021_S005000|M005_S006200|F132_S000000,-++--,1,0,NaN
5,3,R05_I03,4,GA_DP,Proposed GA-DP,20,20765520,205.007584792787,4583.27710440209,197.623441271669,757.822153669169,46.1544671436744,2179.69881722054,2,1,25,13.0160193573513,0,0.1347255,150,18-15-6-20-12,M001_S006200|F195_S001400|F021_S005000|M005_S006200|F132_S000000,-++--,1,0,NaN
5,3,R05_I03,5,EXACT,Exact optimum,1,NaN,205.007584792787,4583.27710440209,197.623441271669,757.822153669169,46.1544671436744,2179.69881722054,2,1,25,13.0160193573513,0,0.0011352,0,18-15-6-20-12,M001_S006200|F195_S001400|F021_S005000|M005_S006200|F132_S000000,-++--,1,1,0
5,4,R05_I04,1,FIXED,Fixed order + fixed direction,1,NaN,260.451771683464,6968.58760853055,411.63524584514,927.396574088252,101.052981965371,4559.60199498767,5,5,25,0,23.8055336055629,4.99e-05,0,13-21-25-15-10,M002_S000000|M002_S011200|F003_S000000|F195_S001400|F300_S005000,+++++,1,0,NaN
5,4,R05_I04,2,NN_DP,Nearest neighbour-DP,1,NaN,218.556911977577,5288.18999011283,217.21300723871,806.166008484631,59.3170724272714,2879.20437656996,3,3,25,16.085457754844,3.89084679928079,9.96e-05,0,25-10-13-21-15,F003_S000000|F300_S005000|M002_S000000|M002_S011200|F195_S001400,+-++-,1,0,NaN
5,4,R05_I04,3,JOINT_GA,Joint-encoding GA,1,20766001,210.371672491835,4931.67240802744,183.264602236482,780.619842248856,51.1438903412191,2522.68679448456,2,2,25,19.2281660700287,0,0.2504066,150,25-10-13-15-21,F003_S000000|F300_S005000|M002_S000000|F195_S001400|M002_S011200,+-++-,1,0,NaN
5,4,R05_I04,3,JOINT_GA,Joint-encoding GA,2,20766002,210.371672491835,4931.67240802744,183.264602236482,780.619842248856,51.1438903412191,2522.68679448456,2,2,25,19.2281660700287,0,0.251386,150,25-10-13-15-21,F003_S000000|F300_S005000|M002_S000000|F195_S001400|M002_S011200,+-++-,1,0,NaN
5,4,R05_I04,3,JOINT_GA,Joint-encoding GA,3,20766003,210.371672491835,4931.67240802744,183.264602236482,780.619842248856,51.1438903412191,2522.68679448456,2,2,25,19.2281660700287,0,0.2523306,150,25-10-13-15-21,F003_S000000|F300_S005000|M002_S000000|F195_S001400|M002_S011200,+-++-,1,0,NaN
5,4,R05_I04,3,JOINT_GA,Joint-encoding GA,4,20766004,210.371672491835,4931.67240802744,183.264602236482,780.619842248856,51.1438903412191,2522.68679448456,2,2,25,19.2281660700287,0,0.2493868,150,25-10-13-15-21,F003_S000000|F300_S005000|M002_S000000|F195_S001400|M002_S011200,+-++-,1,0,NaN
5,4,R05_I04,3,JOINT_GA,Joint-encoding GA,5,20766005,210.371672491835,4931.67240802744,183.264602236482,780.619842248856,51.1438903412191,2522.68679448456,2,2,25,19.2281660700287,0,0.2512202,150,25-10-13-15-21,F003_S000000|F300_S005000|M002_S000000|F195_S001400|M002_S011200,+-++-,1,0,NaN
5,4,R05_I04,3,JOINT_GA,Joint-encoding GA,6,20766006,210.371672491835,4931.67240802744,183.264602236482,780.619842248856,51.1438903412191,2522.68679448456,2,2,25,19.2281660700287,0,0.2502683,150,25-10-13-15-21,F003_S000000|F300_S005000|M002_S000000|F195_S001400|M002_S011200,+-++-,1,0,NaN
5,4,R05_I04,3,JOINT_GA,Joint-encoding GA,7,20766007,210.371672491835,4931.67240802744,183.264602236482,780.619842248856,51.1438903412191,2522.68679448456,2,2,25,19.2281660700287,0,0.2496249,150,25-10-13-15-21,F003_S000000|F300_S005000|M002_S000000|F195_S001400|M002_S011200,+-++-,1,0,NaN
5,4,R05_I04,3,JOINT_GA,Joint-encoding GA,8,20766008,210.371672491835,4931.67240802744,183.264602236482,780.619842248856,51.1438903412191,2522.68679448456,2,2,25,19.2281660700287,0,0.2494578,150,25-10-13-15-21,F003_S000000|F300_S005000|M002_S000000|F195_S001400|M002_S011200,+-++-,1,0,NaN
5,4,R05_I04,3,JOINT_GA,Joint-encoding GA,9,20766009,210.371672491835,4931.67240802744,183.264602236482,780.619842248856,51.1438903412191,2522.68679448456,2,2,25,19.2281660700287,0,0.2479151,150,25-10-13-15-21,F003_S000000|F300_S005000|M002_S000000|F195_S001400|M002_S011200,+-++-,1,0,NaN
5,4,R05_I04,3,JOINT_GA,Joint-encoding GA,10,20766010,210.371672491835,4931.67240802744,183.264602236482,780.619842248856,51.1438903412191,2522.68679448456,2,2,25,19.2281660700287,0,0.2495188,150,25-10-13-15-21,F003_S000000|F300_S005000|M002_S000000|F195_S001400|M002_S011200,+-++-,1,0,NaN
5,4,R05_I04,3,JOINT_GA,Joint-encoding GA,11,20766011,210.371672491835,4931.67240802744,183.264602236482,780.619842248856,51.1438903412191,2522.68679448456,2,2,25,19.2281660700287,0,0.2471742,150,25-10-13-15-21,F003_S000000|F300_S005000|M002_S000000|F195_S001400|M002_S011200,+-++-,1,0,NaN
5,4,R05_I04,3,JOINT_GA,Joint-encoding GA,12,20766012,210.371672491835,4931.67240802744,183.264602236482,780.619842248856,51.1438903412191,2522.68679448456,2,2,25,19.2281660700287,0,0.2481577,150,25-10-13-15-21,F003_S000000|F300_S005000|M002_S000000|F195_S001400|M002_S011200,+-++-,1,0,NaN
5,4,R05_I04,3,JOINT_GA,Joint-encoding GA,13,20766013,210.371672491835,4931.67240802744,183.264602236482,780.619842248856,51.1438903412191,2522.68679448456,2,2,25,19.2281660700287,0,0.250968,150,25-10-13-15-21,F003_S000000|F300_S005000|M002_S000000|F195_S001400|M002_S011200,+-++-,1,0,NaN
5,4,R05_I04,3,JOINT_GA,Joint-encoding GA,14,20766014,210.371672491835,4931.67240802744,183.264602236482,780.619842248856,51.1438903412191,2522.68679448456,2,2,25,19.2281660700287,0,0.2486888,150,25-10-13-15-21,F003_S000000|F300_S005000|M002_S000000|F195_S001400|M002_S011200,+-++-,1,0,NaN
5,4,R05_I04,3,JOINT_GA,Joint-encoding GA,15,20766015,210.371672491835,4931.67240802744,183.264602236482,780.619842248856,51.1438903412191,2522.68679448456,2,2,25,19.2281660700287,0,0.2519606,150,25-10-13-15-21,F003_S000000|F300_S005000|M002_S000000|F195_S001400|M002_S011200,+-++-,1,0,NaN
5,4,R05_I04,3,JOINT_GA,Joint-encoding GA,16,20766016,210.371672491835,4931.67240802744,183.264602236482,780.619842248856,51.1438903412191,2522.68679448456,2,2,25,19.2281660700287,0,0.2503932,150,25-10-13-15-21,F003_S000000|F300_S005000|M002_S000000|F195_S001400|M002_S011200,+-++-,1,0,NaN
5,4,R05_I04,3,JOINT_GA,Joint-encoding GA,17,20766017,210.371672491835,4931.67240802744,183.264602236482,780.619842248856,51.1438903412191,2522.68679448456,2,2,25,19.2281660700287,0,0.249782,150,25-10-13-15-21,F003_S000000|F300_S005000|M002_S000000|F195_S001400|M002_S011200,+-++-,1,0,NaN
5,4,R05_I04,3,JOINT_GA,Joint-encoding GA,18,20766018,210.371672491835,4931.67240802744,183.264602236482,780.619842248856,51.1438903412191,2522.68679448456,2,2,25,19.2281660700287,0,0.2470609,150,25-10-13-15-21,F003_S000000|F300_S005000|M002_S000000|F195_S001400|M002_S011200,+-++-,1,0,NaN
5,4,R05_I04,3,JOINT_GA,Joint-encoding GA,19,20766019,210.371672491835,4931.67240802744,183.264602236482,780.619842248856,51.1438903412191,2522.68679448456,2,2,25,19.2281660700287,0,0.2484881,150,25-10-13-15-21,F003_S000000|F300_S005000|M002_S000000|F195_S001400|M002_S011200,+-++-,1,0,NaN
5,4,R05_I04,3,JOINT_GA,Joint-encoding GA,20,20766020,210.371672491835,4931.67240802744,183.264602236482,780.619842248856,51.1438903412191,2522.68679448456,2,2,25,19.2281660700287,0,0.2502257,150,25-10-13-15-21,F003_S000000|F300_S005000|M002_S000000|F195_S001400|M002_S011200,+-++-,1,0,NaN
5,4,R05_I04,4,GA_DP,Proposed GA-DP,1,20766501,210.371672491835,4931.67240802744,183.264602236482,780.619842248856,51.1438903412191,2522.68679448456,2,2,25,19.2281660700287,0,0.1292827,150,25-10-13-15-21,F003_S000000|F300_S005000|M002_S000000|F195_S001400|M002_S011200,+-++-,1,0,NaN
5,4,R05_I04,4,GA_DP,Proposed GA-DP,2,20766502,210.371672491835,4931.67240802744,183.264602236482,780.619842248856,51.1438903412191,2522.68679448456,2,2,25,19.2281660700287,0,0.1305984,150,25-10-13-15-21,F003_S000000|F300_S005000|M002_S000000|F195_S001400|M002_S011200,+-++-,1,0,NaN
5,4,R05_I04,4,GA_DP,Proposed GA-DP,3,20766503,210.371672491835,4931.67240802744,183.264602236482,780.619842248856,51.1438903412191,2522.68679448456,2,2,25,19.2281660700287,0,0.1313656,150,25-10-13-15-21,F003_S000000|F300_S005000|M002_S000000|F195_S001400|M002_S011200,+-++-,1,0,NaN
5,4,R05_I04,4,GA_DP,Proposed GA-DP,4,20766504,210.371672491835,4931.67240802744,183.264602236482,780.619842248856,51.1438903412191,2522.68679448456,2,2,25,19.2281660700287,0,0.1324164,150,25-10-13-15-21,F003_S000000|F300_S005000|M002_S000000|F195_S001400|M002_S011200,+-++-,1,0,NaN
5,4,R05_I04,4,GA_DP,Proposed GA-DP,5,20766505,210.371672491835,4931.67240802744,183.264602236482,780.619842248856,51.1438903412191,2522.68679448456,2,2,25,19.2281660700287,0,0.1332406,150,25-10-13-15-21,F003_S000000|F300_S005000|M002_S000000|F195_S001400|M002_S011200,+-++-,1,0,NaN
5,4,R05_I04,4,GA_DP,Proposed GA-DP,6,20766506,210.371672491835,4931.67240802744,183.264602236482,780.619842248856,51.1438903412191,2522.68679448456,2,2,25,19.2281660700287,0,0.1310486,150,25-10-13-15-21,F003_S000000|F300_S005000|M002_S000000|F195_S001400|M002_S011200,+-++-,1,0,NaN
5,4,R05_I04,4,GA_DP,Proposed GA-DP,7,20766507,210.371672491835,4931.67240802744,183.264602236482,780.619842248856,51.1438903412191,2522.68679448456,2,2,25,19.2281660700287,0,0.1306826,150,25-10-13-15-21,F003_S000000|F300_S005000|M002_S000000|F195_S001400|M002_S011200,+-++-,1,0,NaN
5,4,R05_I04,4,GA_DP,Proposed GA-DP,8,20766508,210.371672491835,4931.67240802744,183.264602236482,780.619842248856,51.1438903412191,2522.68679448456,2,2,25,19.2281660700287,0,0.1322643,150,25-10-13-15-21,F003_S000000|F300_S005000|M002_S000000|F195_S001400|M002_S011200,+-++-,1,0,NaN
5,4,R05_I04,4,GA_DP,Proposed GA-DP,9,20766509,210.371672491835,4931.67240802744,183.264602236482,780.619842248856,51.1438903412191,2522.68679448456,2,2,25,19.2281660700287,0,0.1335482,150,25-10-13-15-21,F003_S000000|F300_S005000|M002_S000000|F195_S001400|M002_S011200,+-++-,1,0,NaN
5,4,R05_I04,4,GA_DP,Proposed GA-DP,10,20766510,210.371672491835,4931.67240802744,183.264602236482,780.619842248856,51.1438903412191,2522.68679448456,2,2,25,19.2281660700287,0,0.1322566,150,25-10-13-15-21,F003_S000000|F300_S005000|M002_S000000|F195_S001400|M002_S011200,+-++-,1,0,NaN
5,4,R05_I04,4,GA_DP,Proposed GA-DP,11,20766511,210.371672491835,4931.67240802744,183.264602236482,780.619842248856,51.1438903412191,2522.68679448456,2,2,25,19.2281660700287,0,0.1307535,150,25-10-13-15-21,F003_S000000|F300_S005000|M002_S000000|F195_S001400|M002_S011200,+-++-,1,0,NaN
5,4,R05_I04,4,GA_DP,Proposed GA-DP,12,20766512,210.371672491835,4931.67240802744,183.264602236482,780.619842248856,51.1438903412191,2522.68679448456,2,2,25,19.2281660700287,0,0.1320617,150,25-10-13-15-21,F003_S000000|F300_S005000|M002_S000000|F195_S001400|M002_S011200,+-++-,1,0,NaN
5,4,R05_I04,4,GA_DP,Proposed GA-DP,13,20766513,210.371672491835,4931.67240802744,183.264602236482,780.619842248856,51.1438903412191,2522.68679448456,2,2,25,19.2281660700287,0,0.1335104,150,25-10-13-15-21,F003_S000000|F300_S005000|M002_S000000|F195_S001400|M002_S011200,+-++-,1,0,NaN
5,4,R05_I04,4,GA_DP,Proposed GA-DP,14,20766514,210.371672491835,4931.67240802744,183.264602236482,780.619842248856,51.1438903412191,2522.68679448456,2,2,25,19.2281660700287,0,0.1348679,150,25-10-13-15-21,F003_S000000|F300_S005000|M002_S000000|F195_S001400|M002_S011200,+-++-,1,0,NaN
5,4,R05_I04,4,GA_DP,Proposed GA-DP,15,20766515,210.371672491835,4931.67240802744,183.264602236482,780.619842248856,51.1438903412191,2522.68679448456,2,2,25,19.2281660700287,0,0.1316176,150,25-10-13-15-21,F003_S000000|F300_S005000|M002_S000000|F195_S001400|M002_S011200,+-++-,1,0,NaN
5,4,R05_I04,4,GA_DP,Proposed GA-DP,16,20766516,210.371672491835,4931.67240802744,183.264602236482,780.619842248856,51.1438903412191,2522.68679448456,2,2,25,19.2281660700287,0,0.1312771,150,25-10-13-15-21,F003_S000000|F300_S005000|M002_S000000|F195_S001400|M002_S011200,+-++-,1,0,NaN
5,4,R05_I04,4,GA_DP,Proposed GA-DP,17,20766517,210.371672491835,4931.67240802744,183.264602236482,780.619842248856,51.1438903412191,2522.68679448456,2,2,25,19.2281660700287,0,0.1319726,150,25-10-13-15-21,F003_S000000|F300_S005000|M002_S000000|F195_S001400|M002_S011200,+-++-,1,0,NaN
5,4,R05_I04,4,GA_DP,Proposed GA-DP,18,20766518,210.371672491835,4931.67240802744,183.264602236482,780.619842248856,51.1438903412191,2522.68679448456,2,2,25,19.2281660700287,0,0.1325196,150,25-10-13-15-21,F003_S000000|F300_S005000|M002_S000000|F195_S001400|M002_S011200,+-++-,1,0,NaN
5,4,R05_I04,4,GA_DP,Proposed GA-DP,19,20766519,210.371672491835,4931.67240802744,183.264602236482,780.619842248856,51.1438903412191,2522.68679448456,2,2,25,19.2281660700287,0,0.1308269,150,25-10-13-15-21,F003_S000000|F300_S005000|M002_S000000|F195_S001400|M002_S011200,+-++-,1,0,NaN
5,4,R05_I04,4,GA_DP,Proposed GA-DP,20,20766520,210.371672491835,4931.67240802744,183.264602236482,780.619842248856,51.1438903412191,2522.68679448456,2,2,25,19.2281660700287,0,0.1320212,150,25-10-13-15-21,F003_S000000|F300_S005000|M002_S000000|F195_S001400|M002_S011200,+-++-,1,0,NaN
5,4,R05_I04,5,EXACT,Exact optimum,1,NaN,210.371672491835,4931.67240802744,183.264602236482,780.619842248856,51.1438903412191,2522.68679448456,2,2,25,19.2281660700287,0,0.0009185,0,25-10-13-15-21,F003_S000000|F300_S005000|M002_S000000|F195_S001400|M002_S011200,+-++-,1,1,0
5,5,R05_I05,1,FIXED,Fixed order + fixed direction,1,NaN,289.171006435731,8224.36606712463,502.958494461959,1018.93615849834,128.707037091463,5800.92346293986,5,5,25,0,28.8417347365258,0.0001461,0,13-16-17-14-11,M002_S000000|M005_S011200|M008_S005000|M009_S005000|F005_S005000,+++++,1,0,NaN
5,5,R05_I05,2,NN_DP,Nearest neighbour-DP,1,NaN,229.737670869628,5794.57485139433,223.508530450431,850.813539356963,69.621625509397,3371.13224720955,3,3,25,20.5530064368026,2.36088470283957,0.0003659,0,13-11-17-16-14,M002_S000000|F005_S005000|M008_S005000|M005_S011200|M009_S005000,-+-+-,1,0,NaN
5,5,R05_I05,3,JOINT_GA,Joint-encoding GA,1,20767001,224.438926584673,5350.85394141111,292.798666158726,805.690737517421,64.2398621499139,2927.41133722634,3,3,26.0520858374807,22.3853977094499,0,0.2480451,150,13-11-16-14-17,M002_S000000|F005_S005000|M005_S011200|M009_S005000|M008_S005000,-++-+,1,0,NaN
5,5,R05_I05,3,JOINT_GA,Joint-encoding GA,2,20767002,224.438926584673,5350.85394141111,292.798666158726,805.690737517421,64.2398621499139,2927.41133722634,3,3,26.0520858374807,22.3853977094499,0,0.2489901,150,13-11-16-14-17,M002_S000000|F005_S005000|M005_S011200|M009_S005000|M008_S005000,-++-+,1,0,NaN
5,5,R05_I05,3,JOINT_GA,Joint-encoding GA,3,20767003,224.438926584673,5350.85394141111,292.798666158726,805.690737517421,64.2398621499139,2927.41133722634,3,3,26.0520858374807,22.3853977094499,0,0.2484671,150,13-11-16-14-17,M002_S000000|F005_S005000|M005_S011200|M009_S005000|M008_S005000,-++-+,1,0,NaN
5,5,R05_I05,3,JOINT_GA,Joint-encoding GA,4,20767004,224.438926584673,5350.85394141111,292.798666158726,805.690737517421,64.2398621499139,2927.41133722634,3,3,26.0520858374807,22.3853977094499,0,0.249332,150,13-11-16-14-17,M002_S000000|F005_S005000|M005_S011200|M009_S005000|M008_S005000,-++-+,1,0,NaN
5,5,R05_I05,3,JOINT_GA,Joint-encoding GA,5,20767005,224.438926584673,5350.85394141111,292.798666158726,805.690737517421,64.2398621499139,2927.41133722634,3,3,26.0520858374807,22.3853977094499,0,0.2481017,150,13-11-16-14-17,M002_S000000|F005_S005000|M005_S011200|M009_S005000|M008_S005000,-++-+,1,0,NaN
5,5,R05_I05,3,JOINT_GA,Joint-encoding GA,6,20767006,224.438926584673,5350.85394141111,292.798666158726,805.690737517421,64.2398621499139,2927.41133722634,3,3,26.0520858374807,22.3853977094499,0,0.245336,150,13-11-16-14-17,M002_S000000|F005_S005000|M005_S011200|M009_S005000|M008_S005000,-++-+,1,0,NaN
5,5,R05_I05,3,JOINT_GA,Joint-encoding GA,7,20767007,224.438926584673,5350.85394141111,292.798666158726,805.690737517421,64.2398621499139,2927.41133722634,3,3,26.0520858374807,22.3853977094499,0,0.2529957,150,13-11-16-14-17,M002_S000000|F005_S005000|M005_S011200|M009_S005000|M008_S005000,-++-+,1,0,NaN
5,5,R05_I05,3,JOINT_GA,Joint-encoding GA,8,20767008,224.438926584673,5350.85394141111,292.798666158726,805.690737517421,64.2398621499139,2927.41133722634,3,3,26.0520858374807,22.3853977094499,0,0.2499322,150,13-11-16-14-17,M002_S000000|F005_S005000|M005_S011200|M009_S005000|M008_S005000,-++-+,1,0,NaN
5,5,R05_I05,3,JOINT_GA,Joint-encoding GA,9,20767009,224.438926584673,5350.85394141111,292.798666158726,805.690737517421,64.2398621499139,2927.41133722634,3,3,26.0520858374807,22.3853977094499,0,0.2524356,150,13-11-16-14-17,M002_S000000|F005_S005000|M005_S011200|M009_S005000|M008_S005000,-++-+,1,0,NaN
5,5,R05_I05,3,JOINT_GA,Joint-encoding GA,10,20767010,226.269202669651,5496.5367551616,219.791127552163,829.957942160048,66.0807796094268,3073.09415097683,3,3,25.1226104446986,21.7524587064919,0.815489591235194,0.2502517,150,13-11-17-14-16,M002_S000000|F005_S005000|M008_S005000|M009_S005000|M005_S011200,-+-+-,1,0,NaN
5,5,R05_I05,3,JOINT_GA,Joint-encoding GA,11,20767011,224.438926584673,5350.85394141111,292.798666158726,805.690737517421,64.2398621499139,2927.41133722634,3,3,26.0520858374807,22.3853977094499,0,0.2471471,150,13-11-16-14-17,M002_S000000|F005_S005000|M005_S011200|M009_S005000|M008_S005000,-++-+,1,0,NaN
5,5,R05_I05,3,JOINT_GA,Joint-encoding GA,12,20767012,224.438926584673,5350.85394141111,292.798666158726,805.690737517421,64.2398621499139,2927.41133722634,3,3,26.0520858374807,22.3853977094499,0,0.2476765,150,13-11-16-14-17,M002_S000000|F005_S005000|M005_S011200|M009_S005000|M008_S005000,-++-+,1,0,NaN
5,5,R05_I05,3,JOINT_GA,Joint-encoding GA,13,20767013,224.438926584673,5350.85394141111,292.798666158726,805.690737517421,64.2398621499139,2927.41133722634,3,3,26.0520858374807,22.3853977094499,0,0.2492377,150,13-11-16-14-17,M002_S000000|F005_S005000|M005_S011200|M009_S005000|M008_S005000,-++-+,1,0,NaN
5,5,R05_I05,3,JOINT_GA,Joint-encoding GA,14,20767014,226.27556743488,5536.91339074852,240.328249904557,835.443215454647,66.1595220746489,3113.47078656375,4,4,25,21.7502576679759,0.818325447441421,0.2489793,150,17-13-11-16-14,M008_S005000|M002_S000000|F005_S005000|M005_S011200|M009_S005000,--++-,1,0,NaN
5,5,R05_I05,3,JOINT_GA,Joint-encoding GA,15,20767015,224.438926584673,5350.85394141111,292.798666158726,805.690737517421,64.2398621499139,2927.41133722634,3,3,26.0520858374807,22.3853977094499,0,0.2472693,150,13-11-16-14-17,M002_S000000|F005_S005000|M005_S011200|M009_S005000|M008_S005000,-++-+,1,0,NaN
5,5,R05_I05,3,JOINT_GA,Joint-encoding GA,16,20767016,224.438926584673,5350.85394141111,292.798666158726,805.690737517421,64.2398621499139,2927.41133722634,3,3,26.0520858374807,22.3853977094499,0,0.2506735,150,13-11-16-14-17,M002_S000000|F005_S005000|M005_S011200|M009_S005000|M008_S005000,-++-+,1,0,NaN
5,5,R05_I05,3,JOINT_GA,Joint-encoding GA,17,20767017,224.438926584673,5350.85394141111,292.798666158726,805.690737517421,64.2398621499139,2927.41133722634,3,3,26.0520858374807,22.3853977094499,0,0.2611418,150,13-11-16-14-17,M002_S000000|F005_S005000|M005_S011200|M009_S005000|M008_S005000,-++-+,1,0,NaN
5,5,R05_I05,3,JOINT_GA,Joint-encoding GA,18,20767018,224.438926584673,5350.85394141111,292.798666158726,805.690737517421,64.2398621499139,2927.41133722634,3,3,26.0520858374807,22.3853977094499,0,0.2530529,150,13-11-16-14-17,M002_S000000|F005_S005000|M005_S011200|M009_S005000|M008_S005000,-++-+,1,0,NaN
5,5,R05_I05,3,JOINT_GA,Joint-encoding GA,19,20767019,224.438926584673,5350.85394141111,292.798666158726,805.690737517421,64.2398621499139,2927.41133722634,3,3,26.0520858374807,22.3853977094499,0,0.2521765,150,13-11-16-14-17,M002_S000000|F005_S005000|M005_S011200|M009_S005000|M008_S005000,-++-+,1,0,NaN
5,5,R05_I05,3,JOINT_GA,Joint-encoding GA,20,20767020,224.438926584673,5350.85394141111,292.798666158726,805.690737517421,64.2398621499139,2927.41133722634,3,3,26.0520858374807,22.3853977094499,0,0.2496662,150,13-11-16-14-17,M002_S000000|F005_S005000|M005_S011200|M009_S005000|M008_S005000,-++-+,1,0,NaN
5,5,R05_I05,4,GA_DP,Proposed GA-DP,1,20767501,224.438926584673,5350.85394141111,292.798666158726,805.690737517421,64.2398621499139,2927.41133722634,3,3,26.0520858374807,22.3853977094499,0,0.1295131,150,13-11-16-14-17,M002_S000000|F005_S005000|M005_S011200|M009_S005000|M008_S005000,-++-+,1,0,NaN
5,5,R05_I05,4,GA_DP,Proposed GA-DP,2,20767502,224.438926584673,5350.85394141111,292.798666158726,805.690737517421,64.2398621499139,2927.41133722634,3,3,26.0520858374807,22.3853977094499,0,0.1322453,150,13-11-16-14-17,M002_S000000|F005_S005000|M005_S011200|M009_S005000|M008_S005000,-++-+,1,0,NaN
5,5,R05_I05,4,GA_DP,Proposed GA-DP,3,20767503,224.438926584673,5350.85394141111,292.798666158726,805.690737517421,64.2398621499139,2927.41133722634,3,3,26.0520858374807,22.3853977094499,0,0.1309158,150,13-11-16-14-17,M002_S000000|F005_S005000|M005_S011200|M009_S005000|M008_S005000,-++-+,1,0,NaN
5,5,R05_I05,4,GA_DP,Proposed GA-DP,4,20767504,224.438926584673,5350.85394141111,292.798666158726,805.690737517421,64.2398621499139,2927.41133722634,3,3,26.0520858374807,22.3853977094499,0,0.1322854,150,13-11-16-14-17,M002_S000000|F005_S005000|M005_S011200|M009_S005000|M008_S005000,-++-+,1,0,NaN
5,5,R05_I05,4,GA_DP,Proposed GA-DP,5,20767505,224.438926584673,5350.85394141111,292.798666158726,805.690737517421,64.2398621499139,2927.41133722634,3,3,26.0520858374807,22.3853977094499,0,0.1313482,150,13-11-16-14-17,M002_S000000|F005_S005000|M005_S011200|M009_S005000|M008_S005000,-++-+,1,0,NaN
5,5,R05_I05,4,GA_DP,Proposed GA-DP,6,20767506,224.438926584673,5350.85394141111,292.798666158726,805.690737517421,64.2398621499139,2927.41133722634,3,3,26.0520858374807,22.3853977094499,0,0.1335131,150,13-11-16-14-17,M002_S000000|F005_S005000|M005_S011200|M009_S005000|M008_S005000,-++-+,1,0,NaN
5,5,R05_I05,4,GA_DP,Proposed GA-DP,7,20767507,224.438926584673,5350.85394141111,292.798666158726,805.690737517421,64.2398621499139,2927.41133722634,3,3,26.0520858374807,22.3853977094499,0,0.1327613,150,13-11-16-14-17,M002_S000000|F005_S005000|M005_S011200|M009_S005000|M008_S005000,-++-+,1,0,NaN
5,5,R05_I05,4,GA_DP,Proposed GA-DP,8,20767508,224.438926584673,5350.85394141111,292.798666158726,805.690737517421,64.2398621499139,2927.41133722634,3,3,26.0520858374807,22.3853977094499,0,0.1317231,150,13-11-16-14-17,M002_S000000|F005_S005000|M005_S011200|M009_S005000|M008_S005000,-++-+,1,0,NaN
5,5,R05_I05,4,GA_DP,Proposed GA-DP,9,20767509,224.438926584673,5350.85394141111,292.798666158726,805.690737517421,64.2398621499139,2927.41133722634,3,3,26.0520858374807,22.3853977094499,0,0.1329729,150,13-11-16-14-17,M002_S000000|F005_S005000|M005_S011200|M009_S005000|M008_S005000,-++-+,1,0,NaN
5,5,R05_I05,4,GA_DP,Proposed GA-DP,10,20767510,224.438926584673,5350.85394141111,292.798666158726,805.690737517421,64.2398621499139,2927.41133722634,3,3,26.0520858374807,22.3853977094499,0,0.1323339,150,13-11-16-14-17,M002_S000000|F005_S005000|M005_S011200|M009_S005000|M008_S005000,-++-+,1,0,NaN
5,5,R05_I05,4,GA_DP,Proposed GA-DP,11,20767511,224.438926584673,5350.85394141111,292.798666158726,805.690737517421,64.2398621499139,2927.41133722634,3,3,26.0520858374807,22.3853977094499,0,0.1334885,150,13-11-16-14-17,M002_S000000|F005_S005000|M005_S011200|M009_S005000|M008_S005000,-++-+,1,0,NaN
5,5,R05_I05,4,GA_DP,Proposed GA-DP,12,20767512,224.438926584673,5350.85394141111,292.798666158726,805.690737517421,64.2398621499139,2927.41133722634,3,3,26.0520858374807,22.3853977094499,0,0.1328361,150,13-11-16-14-17,M002_S000000|F005_S005000|M005_S011200|M009_S005000|M008_S005000,-++-+,1,0,NaN
5,5,R05_I05,4,GA_DP,Proposed GA-DP,13,20767513,224.438926584673,5350.85394141111,292.798666158726,805.690737517421,64.2398621499139,2927.41133722634,3,3,26.0520858374807,22.3853977094499,0,0.1324534,150,13-11-16-14-17,M002_S000000|F005_S005000|M005_S011200|M009_S005000|M008_S005000,-++-+,1,0,NaN
5,5,R05_I05,4,GA_DP,Proposed GA-DP,14,20767514,224.438926584673,5350.85394141111,292.798666158726,805.690737517421,64.2398621499139,2927.41133722634,3,3,26.0520858374807,22.3853977094499,0,0.1303557,150,13-11-16-14-17,M002_S000000|F005_S005000|M005_S011200|M009_S005000|M008_S005000,-++-+,1,0,NaN
5,5,R05_I05,4,GA_DP,Proposed GA-DP,15,20767515,224.438926584673,5350.85394141111,292.798666158726,805.690737517421,64.2398621499139,2927.41133722634,3,3,26.0520858374807,22.3853977094499,0,0.1294201,150,13-11-16-14-17,M002_S000000|F005_S005000|M005_S011200|M009_S005000|M008_S005000,-++-+,1,0,NaN
5,5,R05_I05,4,GA_DP,Proposed GA-DP,16,20767516,224.438926584673,5350.85394141111,292.798666158726,805.690737517421,64.2398621499139,2927.41133722634,3,3,26.0520858374807,22.3853977094499,0,0.1337209,150,13-11-16-14-17,M002_S000000|F005_S005000|M005_S011200|M009_S005000|M008_S005000,-++-+,1,0,NaN
5,5,R05_I05,4,GA_DP,Proposed GA-DP,17,20767517,224.438926584673,5350.85394141111,292.798666158726,805.690737517421,64.2398621499139,2927.41133722634,3,3,26.0520858374807,22.3853977094499,0,0.1362849,150,13-11-16-14-17,M002_S000000|F005_S005000|M005_S011200|M009_S005000|M008_S005000,-++-+,1,0,NaN
5,5,R05_I05,4,GA_DP,Proposed GA-DP,18,20767518,224.438926584673,5350.85394141111,292.798666158726,805.690737517421,64.2398621499139,2927.41133722634,3,3,26.0520858374807,22.3853977094499,0,0.1319906,150,13-11-16-14-17,M002_S000000|F005_S005000|M005_S011200|M009_S005000|M008_S005000,-++-+,1,0,NaN
5,5,R05_I05,4,GA_DP,Proposed GA-DP,19,20767519,224.438926584673,5350.85394141111,292.798666158726,805.690737517421,64.2398621499139,2927.41133722634,3,3,26.0520858374807,22.3853977094499,0,0.1313017,150,13-11-16-14-17,M002_S000000|F005_S005000|M005_S011200|M009_S005000|M008_S005000,-++-+,1,0,NaN
5,5,R05_I05,4,GA_DP,Proposed GA-DP,20,20767520,224.438926584673,5350.85394141111,292.798666158726,805.690737517421,64.2398621499139,2927.41133722634,3,3,26.0520858374807,22.3853977094499,0,0.1306002,150,13-11-16-14-17,M002_S000000|F005_S005000|M005_S011200|M009_S005000|M008_S005000,-++-+,1,0,NaN
5,5,R05_I05,5,EXACT,Exact optimum,1,NaN,224.438926584673,5350.85394141111,292.798666158726,805.690737517421,64.2398621499139,2927.41133722634,3,3,26.0520858374807,22.3853977094499,0,0.0030636,0,13-11-16-14-17,M002_S000000|F005_S005000|M005_S011200|M009_S005000|M008_S005000,-++-+,1,1,0
5,6,R05_I06,1,FIXED,Fixed order + fixed direction,1,NaN,280.363690699516,7744.92196840069,376.370480745548,1032.14680592837,120.786719885528,5329.50400706174,5,5,25,0,21.9477601434271,1.72e-05,0,4-2-11-9-15,M001_S001200|M009_S000000|F005_S005000|F010_S000000|F195_S001400,+++++,1,0,NaN
5,6,R05_I06,2,NN_DP,Nearest neighbour-DP,1,NaN,246.775104577662,6176.30008803692,380.28185955868,870.029254098398,87.2883346350116,3760.88212669797,4,4,25.2727867387227,11.9803623778993,7.33797656651309,8.65e-05,0,11-9-15-2-4,F005_S005000|F010_S000000|F195_S001400|M009_S000000|M001_S001200,++--+,1,0,NaN
5,6,R05_I06,3,JOINT_GA,Joint-encoding GA,1,20768001,229.904748041104,5618.4579233879,276.592278307257,838.329633039052,70.3986346859192,3203.03996204895,3,3,25,17.997673854455,0,0.2513077,150,4-15-2-9-11,M001_S001200|F195_S001400|M009_S000000|F010_S000000|F005_S005000,-++--,1,0,NaN
5,6,R05_I06,3,JOINT_GA,Joint-encoding GA,2,20768002,229.904748041104,5618.4579233879,276.592278307257,838.329633039052,70.3986346859192,3203.03996204895,3,3,25,17.997673854455,0,0.2533935,150,4-15-2-9-11,M001_S001200|F195_S001400|M009_S000000|F010_S000000|F005_S005000,-++--,1,0,NaN
5,6,R05_I06,3,JOINT_GA,Joint-encoding GA,3,20768003,229.904748041104,5618.4579233879,276.592278307257,838.329633039052,70.3986346859192,3203.03996204895,3,3,25,17.997673854455,0,0.2502057,150,4-15-2-9-11,M001_S001200|F195_S001400|M009_S000000|F010_S000000|F005_S005000,-++--,1,0,NaN
5,6,R05_I06,3,JOINT_GA,Joint-encoding GA,4,20768004,229.904748041104,5618.4579233879,276.592278307257,838.329633039052,70.3986346859192,3203.03996204895,3,3,25,17.997673854455,0,0.2492527,150,4-15-2-9-11,M001_S001200|F195_S001400|M009_S000000|F010_S000000|F005_S005000,-++--,1,0,NaN
5,6,R05_I06,3,JOINT_GA,Joint-encoding GA,5,20768005,230.817235804247,5907.39829495701,229.24303071211,852.251072372207,71.3460050051604,3491.98033361806,3,3,25,17.6722081135576,0.396898181058603,0.2541959,150,4-11-9-2-15,M001_S001200|F005_S005000|F010_S000000|M009_S000000|F195_S001400,-++--,1,0,NaN
5,6,R05_I06,3,JOINT_GA,Joint-encoding GA,6,20768006,229.904748041104,5618.4579233879,276.592278307257,838.329633039052,70.3986346859192,3203.03996204895,3,3,25,17.997673854455,0,0.248829,150,4-15-2-9-11,M001_S001200|F195_S001400|M009_S000000|F010_S000000|F005_S005000,-++--,1,0,NaN
5,6,R05_I06,3,JOINT_GA,Joint-encoding GA,7,20768007,229.904748041104,5618.4579233879,276.592278307257,838.329633039052,70.3986346859192,3203.03996204895,3,3,25,17.997673854455,0,0.2437288,150,4-15-2-9-11,M001_S001200|F195_S001400|M009_S000000|F010_S000000|F005_S005000,-++--,1,0,NaN
5,6,R05_I06,3,JOINT_GA,Joint-encoding GA,8,20768008,229.904748041104,5618.4579233879,276.592278307257,838.329633039052,70.3986346859192,3203.03996204895,3,3,25,17.997673854455,0,0.2373331,150,4-15-2-9-11,M001_S001200|F195_S001400|M009_S000000|F010_S000000|F005_S005000,-++--,1,0,NaN
5,6,R05_I06,3,JOINT_GA,Joint-encoding GA,9,20768009,229.904748041104,5618.4579233879,276.592278307257,838.329633039052,70.3986346859192,3203.03996204895,3,3,25,17.997673854455,0,0.2485501,150,4-15-2-9-11,M001_S001200|F195_S001400|M009_S000000|F010_S000000|F005_S005000,-++--,1,0,NaN
5,6,R05_I06,3,JOINT_GA,Joint-encoding GA,10,20768010,229.904748041104,5618.4579233879,276.592278307257,838.329633039052,70.3986346859192,3203.03996204895,3,3,25,17.997673854455,0,0.247928,150,4-15-2-9-11,M001_S001200|F195_S001400|M009_S000000|F010_S000000|F005_S005000,-++--,1,0,NaN
5,6,R05_I06,3,JOINT_GA,Joint-encoding GA,11,20768011,229.904748041104,5618.4579233879,276.592278307257,838.329633039052,70.3986346859192,3203.03996204895,3,3,25,17.997673854455,0,0.2509801,150,4-15-2-9-11,M001_S001200|F195_S001400|M009_S000000|F010_S000000|F005_S005000,-++--,1,0,NaN
5,6,R05_I06,3,JOINT_GA,Joint-encoding GA,12,20768012,229.904748041104,5618.4579233879,276.592278307257,838.329633039052,70.3986346859192,3203.03996204895,3,3,25,17.997673854455,0,0.2516676,150,4-15-2-9-11,M001_S001200|F195_S001400|M009_S000000|F010_S000000|F005_S005000,-++--,1,0,NaN
5,6,R05_I06,3,JOINT_GA,Joint-encoding GA,13,20768013,229.904748041104,5618.4579233879,276.592278307257,838.329633039052,70.3986346859192,3203.03996204895,3,3,25,17.997673854455,0,0.2517395,150,4-15-2-9-11,M001_S001200|F195_S001400|M009_S000000|F010_S000000|F005_S005000,-++--,1,0,NaN
5,6,R05_I06,3,JOINT_GA,Joint-encoding GA,14,20768014,229.904748041104,5618.4579233879,276.592278307257,838.329633039052,70.3986346859192,3203.03996204895,3,3,25,17.997673854455,0,0.2490374,150,4-15-2-9-11,M001_S001200|F195_S001400|M009_S000000|F010_S000000|F005_S005000,-++--,1,0,NaN
5,6,R05_I06,3,JOINT_GA,Joint-encoding GA,15,20768015,229.904748041104,5618.4579233879,276.592278307257,838.329633039052,70.3986346859192,3203.03996204895,3,3,25,17.997673854455,0,0.2496329,150,4-15-2-9-11,M001_S001200|F195_S001400|M009_S000000|F010_S000000|F005_S005000,-++--,1,0,NaN
5,6,R05_I06,3,JOINT_GA,Joint-encoding GA,16,20768016,229.904748041104,5618.4579233879,276.592278307257,838.329633039052,70.3986346859192,3203.03996204895,3,3,25,17.997673854455,0,0.250274,150,4-15-2-9-11,M001_S001200|F195_S001400|M009_S000000|F010_S000000|F005_S005000,-++--,1,0,NaN
5,6,R05_I06,3,JOINT_GA,Joint-encoding GA,17,20768017,229.904748041104,5618.4579233879,276.592278307257,838.329633039052,70.3986346859192,3203.03996204895,3,3,25,17.997673854455,0,0.2473899,150,4-15-2-9-11,M001_S001200|F195_S001400|M009_S000000|F010_S000000|F005_S005000,-++--,1,0,NaN
5,6,R05_I06,3,JOINT_GA,Joint-encoding GA,18,20768018,229.904748041104,5618.4579233879,276.592278307257,838.329633039052,70.3986346859192,3203.03996204895,3,3,25,17.997673854455,0,0.2466593,150,4-15-2-9-11,M001_S001200|F195_S001400|M009_S000000|F010_S000000|F005_S005000,-++--,1,0,NaN
5,6,R05_I06,3,JOINT_GA,Joint-encoding GA,19,20768019,229.904748041104,5618.4579233879,276.592278307257,838.329633039052,70.3986346859192,3203.03996204895,3,3,25,17.997673854455,0,0.2498419,150,4-15-2-9-11,M001_S001200|F195_S001400|M009_S000000|F010_S000000|F005_S005000,-++--,1,0,NaN
5,6,R05_I06,3,JOINT_GA,Joint-encoding GA,20,20768020,229.904748041104,5618.4579233879,276.592278307257,838.329633039052,70.3986346859192,3203.03996204895,3,3,25,17.997673854455,0,0.2505143,150,4-15-2-9-11,M001_S001200|F195_S001400|M009_S000000|F010_S000000|F005_S005000,-++--,1,0,NaN
5,6,R05_I06,4,GA_DP,Proposed GA-DP,1,20768501,229.904748041104,5618.4579233879,276.592278307257,838.329633039052,70.3986346859192,3203.03996204895,3,3,25,17.997673854455,0,0.1328795,150,4-15-2-9-11,M001_S001200|F195_S001400|M009_S000000|F010_S000000|F005_S005000,-++--,1,0,NaN
5,6,R05_I06,4,GA_DP,Proposed GA-DP,2,20768502,229.904748041104,5618.4579233879,276.592278307257,838.329633039052,70.3986346859192,3203.03996204895,3,3,25,17.997673854455,0,0.1320606,150,4-15-2-9-11,M001_S001200|F195_S001400|M009_S000000|F010_S000000|F005_S005000,-++--,1,0,NaN
5,6,R05_I06,4,GA_DP,Proposed GA-DP,3,20768503,229.904748041104,5618.4579233879,276.592278307257,838.329633039052,70.3986346859192,3203.03996204895,3,3,25,17.997673854455,0,0.131868,150,4-15-2-9-11,M001_S001200|F195_S001400|M009_S000000|F010_S000000|F005_S005000,-++--,1,0,NaN
5,6,R05_I06,4,GA_DP,Proposed GA-DP,4,20768504,229.904748041104,5618.4579233879,276.592278307257,838.329633039052,70.3986346859192,3203.03996204895,3,3,25,17.997673854455,0,0.1316869,150,4-15-2-9-11,M001_S001200|F195_S001400|M009_S000000|F010_S000000|F005_S005000,-++--,1,0,NaN
5,6,R05_I06,4,GA_DP,Proposed GA-DP,5,20768505,229.904748041104,5618.4579233879,276.592278307257,838.329633039052,70.3986346859192,3203.03996204895,3,3,25,17.997673854455,0,0.1310178,150,4-15-2-9-11,M001_S001200|F195_S001400|M009_S000000|F010_S000000|F005_S005000,-++--,1,0,NaN
5,6,R05_I06,4,GA_DP,Proposed GA-DP,6,20768506,229.904748041104,5618.4579233879,276.592278307257,838.329633039052,70.3986346859192,3203.03996204895,3,3,25,17.997673854455,0,0.1297097,150,4-15-2-9-11,M001_S001200|F195_S001400|M009_S000000|F010_S000000|F005_S005000,-++--,1,0,NaN
5,6,R05_I06,4,GA_DP,Proposed GA-DP,7,20768507,229.904748041104,5618.4579233879,276.592278307257,838.329633039052,70.3986346859192,3203.03996204895,3,3,25,17.997673854455,0,0.1261757,150,4-15-2-9-11,M001_S001200|F195_S001400|M009_S000000|F010_S000000|F005_S005000,-++--,1,0,NaN
5,6,R05_I06,4,GA_DP,Proposed GA-DP,8,20768508,229.904748041104,5618.4579233879,276.592278307257,838.329633039052,70.3986346859192,3203.03996204895,3,3,25,17.997673854455,0,0.1302021,150,4-15-2-9-11,M001_S001200|F195_S001400|M009_S000000|F010_S000000|F005_S005000,-++--,1,0,NaN
5,6,R05_I06,4,GA_DP,Proposed GA-DP,9,20768509,229.904748041104,5618.4579233879,276.592278307257,838.329633039052,70.3986346859192,3203.03996204895,3,3,25,17.997673854455,0,0.1314013,150,4-15-2-9-11,M001_S001200|F195_S001400|M009_S000000|F010_S000000|F005_S005000,-++--,1,0,NaN
5,6,R05_I06,4,GA_DP,Proposed GA-DP,10,20768510,229.904748041104,5618.4579233879,276.592278307257,838.329633039052,70.3986346859192,3203.03996204895,3,3,25,17.997673854455,0,0.131462,150,4-15-2-9-11,M001_S001200|F195_S001400|M009_S000000|F010_S000000|F005_S005000,-++--,1,0,NaN
5,6,R05_I06,4,GA_DP,Proposed GA-DP,11,20768511,229.904748041104,5618.4579233879,276.592278307257,838.329633039052,70.3986346859192,3203.03996204895,3,3,25,17.997673854455,0,0.131391,150,4-15-2-9-11,M001_S001200|F195_S001400|M009_S000000|F010_S000000|F005_S005000,-++--,1,0,NaN
5,6,R05_I06,4,GA_DP,Proposed GA-DP,12,20768512,229.904748041104,5618.4579233879,276.592278307257,838.329633039052,70.3986346859192,3203.03996204895,3,3,25,17.997673854455,0,0.1316585,150,4-15-2-9-11,M001_S001200|F195_S001400|M009_S000000|F010_S000000|F005_S005000,-++--,1,0,NaN
5,6,R05_I06,4,GA_DP,Proposed GA-DP,13,20768513,229.904748041104,5618.4579233879,276.592278307257,838.329633039052,70.3986346859192,3203.03996204895,3,3,25,17.997673854455,0,0.1306634,150,4-15-2-9-11,M001_S001200|F195_S001400|M009_S000000|F010_S000000|F005_S005000,-++--,1,0,NaN
5,6,R05_I06,4,GA_DP,Proposed GA-DP,14,20768514,229.904748041104,5618.4579233879,276.592278307257,838.329633039052,70.3986346859192,3203.03996204895,3,3,25,17.997673854455,0,0.1339536,150,4-15-2-9-11,M001_S001200|F195_S001400|M009_S000000|F010_S000000|F005_S005000,-++--,1,0,NaN
5,6,R05_I06,4,GA_DP,Proposed GA-DP,15,20768515,229.904748041104,5618.4579233879,276.592278307257,838.329633039052,70.3986346859192,3203.03996204895,3,3,25,17.997673854455,0,0.131015,150,4-15-2-9-11,M001_S001200|F195_S001400|M009_S000000|F010_S000000|F005_S005000,-++--,1,0,NaN
5,6,R05_I06,4,GA_DP,Proposed GA-DP,16,20768516,229.904748041104,5618.4579233879,276.592278307257,838.329633039052,70.3986346859192,3203.03996204895,3,3,25,17.997673854455,0,0.1314507,150,4-15-2-9-11,M001_S001200|F195_S001400|M009_S000000|F010_S000000|F005_S005000,-++--,1,0,NaN
5,6,R05_I06,4,GA_DP,Proposed GA-DP,17,20768517,229.904748041104,5618.4579233879,276.592278307257,838.329633039052,70.3986346859192,3203.03996204895,3,3,25,17.997673854455,0,0.1323547,150,4-15-2-9-11,M001_S001200|F195_S001400|M009_S000000|F010_S000000|F005_S005000,-++--,1,0,NaN
5,6,R05_I06,4,GA_DP,Proposed GA-DP,18,20768518,229.904748041104,5618.4579233879,276.592278307257,838.329633039052,70.3986346859192,3203.03996204895,3,3,25,17.997673854455,0,0.1327033,150,4-15-2-9-11,M001_S001200|F195_S001400|M009_S000000|F010_S000000|F005_S005000,-++--,1,0,NaN
5,6,R05_I06,4,GA_DP,Proposed GA-DP,19,20768519,229.904748041104,5618.4579233879,276.592278307257,838.329633039052,70.3986346859192,3203.03996204895,3,3,25,17.997673854455,0,0.1311701,150,4-15-2-9-11,M001_S001200|F195_S001400|M009_S000000|F010_S000000|F005_S005000,-++--,1,0,NaN
5,6,R05_I06,4,GA_DP,Proposed GA-DP,20,20768520,229.904748041104,5618.4579233879,276.592278307257,838.329633039052,70.3986346859192,3203.03996204895,3,3,25,17.997673854455,0,0.1339801,150,4-15-2-9-11,M001_S001200|F195_S001400|M009_S000000|F010_S000000|F005_S005000,-++--,1,0,NaN
5,6,R05_I06,5,EXACT,Exact optimum,1,NaN,229.904748041104,5618.4579233879,276.592278307257,838.329633039052,70.3986346859192,3203.03996204895,3,3,25,17.997673854455,0,0.000748,0,4-15-2-9-11,M001_S001200|F195_S001400|M009_S000000|F010_S000000|F005_S005000,-++--,1,1,0
5,7,R05_I07,1,FIXED,Fixed order + fixed direction,1,NaN,267.019280138012,7206.06926787373,440.076191697322,945.690784942312,105.966144506426,4772.9664852404,4,4,25.8913888061952,0,14.2860922705622,1.86e-05,0,16-14-11-19-5,M005_S011200|M009_S005000|F005_S005000|F301_S005000|F301_S010000,+++++,1,0,NaN
5,7,R05_I07,2,NN_DP,Nearest neighbour-DP,1,NaN,238.021770033851,5938.64107556468,313.989163447175,868.417098909039,77.0574972161726,3505.53829293135,3,3,25,10.8597064935438,1.8749580870385,8.91e-05,0,11-5-19-16-14,F005_S005000|F301_S010000|F301_S005000|M005_S011200|M009_S005000,+--+-,1,0,NaN
5,7,R05_I07,3,JOINT_GA,Joint-encoding GA,1,20769001,233.641097383808,5813.28690384913,298.195564337596,850.430725694287,72.7487215784382,3380.1841212158,3,3,25,12.5002893936921,0,0.2489736,150,19-5-11-16-14,F301_S005000|F301_S010000|F005_S005000|M005_S011200|M009_S005000,++++-,1,0,NaN
5,7,R05_I07,3,JOINT_GA,Joint-encoding GA,2,20769002,233.641097383808,5813.28690384913,298.195564337596,850.430725694287,72.7487215784382,3380.1841212158,3,3,25,12.5002893936921,0,0.2479018,150,19-5-11-16-14,F301_S005000|F301_S010000|F005_S005000|M005_S011200|M009_S005000,++++-,1,0,NaN
5,7,R05_I07,3,JOINT_GA,Joint-encoding GA,3,20769003,233.641097383808,5813.28690384913,298.195564337596,850.430725694287,72.7487215784382,3380.1841212158,3,3,25,12.5002893936921,0,0.2478701,150,19-5-11-16-14,F301_S005000|F301_S010000|F005_S005000|M005_S011200|M009_S005000,++++-,1,0,NaN
5,7,R05_I07,3,JOINT_GA,Joint-encoding GA,4,20769004,233.641097383808,5813.28690384913,298.195564337596,850.430725694287,72.7487215784382,3380.1841212158,3,3,25,12.5002893936921,0,0.2466508,150,19-5-11-16-14,F301_S005000|F301_S010000|F005_S005000|M005_S011200|M009_S005000,++++-,1,0,NaN
5,7,R05_I07,3,JOINT_GA,Joint-encoding GA,5,20769005,233.641097383808,5813.28690384913,298.195564337596,850.430725694287,72.7487215784382,3380.1841212158,3,3,25,12.5002893936921,0,0.2495484,150,19-5-11-16-14,F301_S005000|F301_S010000|F005_S005000|M005_S011200|M009_S005000,++++-,1,0,NaN
5,7,R05_I07,3,JOINT_GA,Joint-encoding GA,6,20769006,233.641097383808,5813.28690384913,298.195564337596,850.430725694287,72.7487215784382,3380.1841212158,3,3,25,12.5002893936921,0,0.252543,150,19-5-11-16-14,F301_S005000|F301_S010000|F005_S005000|M005_S011200|M009_S005000,++++-,1,0,NaN
5,7,R05_I07,3,JOINT_GA,Joint-encoding GA,7,20769007,233.641097383808,5813.28690384913,298.195564337596,850.430725694287,72.7487215784382,3380.1841212158,3,3,25,12.5002893936921,0,0.2509238,150,19-5-11-16-14,F301_S005000|F301_S010000|F005_S005000|M005_S011200|M009_S005000,++++-,1,0,NaN
5,7,R05_I07,3,JOINT_GA,Joint-encoding GA,8,20769008,233.641097383808,5813.28690384913,298.195564337596,850.430725694287,72.7487215784382,3380.1841212158,3,3,25,12.5002893936921,0,0.2493478,150,19-5-11-16-14,F301_S005000|F301_S010000|F005_S005000|M005_S011200|M009_S005000,++++-,1,0,NaN
5,7,R05_I07,3,JOINT_GA,Joint-encoding GA,9,20769009,233.641097383808,5813.28690384913,298.195564337596,850.430725694287,72.7487215784382,3380.1841212158,3,3,25,12.5002893936921,0,0.2498946,150,19-5-11-16-14,F301_S005000|F301_S010000|F005_S005000|M005_S011200|M009_S005000,++++-,1,0,NaN
5,7,R05_I07,3,JOINT_GA,Joint-encoding GA,10,20769010,233.641097383808,5813.28690384913,298.195564337596,850.430725694287,72.7487215784382,3380.1841212158,3,3,25,12.5002893936921,0,0.2405763,150,19-5-11-16-14,F301_S005000|F301_S010000|F005_S005000|M005_S011200|M009_S005000,++++-,1,0,NaN
5,7,R05_I07,3,JOINT_GA,Joint-encoding GA,11,20769011,233.641097383808,5813.28690384913,298.195564337596,850.430725694287,72.7487215784382,3380.1841212158,3,3,25,12.5002893936921,0,0.2525216,150,19-5-11-16-14,F301_S005000|F301_S010000|F005_S005000|M005_S011200|M009_S005000,++++-,1,0,NaN
5,7,R05_I07,3,JOINT_GA,Joint-encoding GA,12,20769012,233.641097383808,5813.28690384913,298.195564337596,850.430725694287,72.7487215784382,3380.1841212158,3,3,25,12.5002893936921,0,0.2430062,150,19-5-11-16-14,F301_S005000|F301_S010000|F005_S005000|M005_S011200|M009_S005000,++++-,1,0,NaN
5,7,R05_I07,3,JOINT_GA,Joint-encoding GA,13,20769013,233.641097383808,5813.28690384913,298.195564337596,850.430725694287,72.7487215784382,3380.1841212158,3,3,25,12.5002893936921,0,0.2441866,150,19-5-11-16-14,F301_S005000|F301_S010000|F005_S005000|M005_S011200|M009_S005000,++++-,1,0,NaN
5,7,R05_I07,3,JOINT_GA,Joint-encoding GA,14,20769014,233.641097383808,5813.28690384913,298.195564337596,850.430725694287,72.7487215784382,3380.1841212158,3,3,25,12.5002893936921,0,0.2496961,150,19-5-11-16-14,F301_S005000|F301_S010000|F005_S005000|M005_S011200|M009_S005000,++++-,1,0,NaN
5,7,R05_I07,3,JOINT_GA,Joint-encoding GA,15,20769015,233.641097383808,5813.28690384913,298.195564337596,850.430725694287,72.7487215784382,3380.1841212158,3,3,25,12.5002893936921,0,0.2485585,150,19-5-11-16-14,F301_S005000|F301_S010000|F005_S005000|M005_S011200|M009_S005000,++++-,1,0,NaN
5,7,R05_I07,3,JOINT_GA,Joint-encoding GA,16,20769016,233.641097383808,5813.28690384913,298.195564337596,850.430725694287,72.7487215784382,3380.1841212158,3,3,25,12.5002893936921,0,0.2498709,150,19-5-11-16-14,F301_S005000|F301_S010000|F005_S005000|M005_S011200|M009_S005000,++++-,1,0,NaN
5,7,R05_I07,3,JOINT_GA,Joint-encoding GA,17,20769017,233.641097383808,5813.28690384913,298.195564337596,850.430725694287,72.7487215784382,3380.1841212158,3,3,25,12.5002893936921,0,0.2470588,150,19-5-11-16-14,F301_S005000|F301_S010000|F005_S005000|M005_S011200|M009_S005000,++++-,1,0,NaN
5,7,R05_I07,3,JOINT_GA,Joint-encoding GA,18,20769018,233.641097383808,5813.28690384913,298.195564337596,850.430725694287,72.7487215784382,3380.1841212158,3,3,25,12.5002893936921,0,0.2491801,150,19-5-11-16-14,F301_S005000|F301_S010000|F005_S005000|M005_S011200|M009_S005000,++++-,1,0,NaN
5,7,R05_I07,3,JOINT_GA,Joint-encoding GA,19,20769019,233.641097383808,5813.28690384913,298.195564337596,850.430725694287,72.7487215784382,3380.1841212158,3,3,25,12.5002893936921,0,0.2522952,150,19-5-11-16-14,F301_S005000|F301_S010000|F005_S005000|M005_S011200|M009_S005000,++++-,1,0,NaN
5,7,R05_I07,3,JOINT_GA,Joint-encoding GA,20,20769020,233.641097383808,5813.28690384913,298.195564337596,850.430725694287,72.7487215784382,3380.1841212158,3,3,25,12.5002893936921,0,0.2462778,150,19-5-11-16-14,F301_S005000|F301_S010000|F005_S005000|M005_S011200|M009_S005000,++++-,1,0,NaN
5,7,R05_I07,4,GA_DP,Proposed GA-DP,1,20769501,233.641097383808,5813.28690384913,298.195564337596,850.430725694287,72.7487215784382,3380.1841212158,3,3,25,12.5002893936921,0,0.1317466,150,19-5-11-16-14,F301_S005000|F301_S010000|F005_S005000|M005_S011200|M009_S005000,++++-,1,0,NaN
5,7,R05_I07,4,GA_DP,Proposed GA-DP,2,20769502,233.641097383808,5813.28690384913,298.195564337596,850.430725694287,72.7487215784382,3380.1841212158,3,3,25,12.5002893936921,0,0.1289262,150,19-5-11-16-14,F301_S005000|F301_S010000|F005_S005000|M005_S011200|M009_S005000,++++-,1,0,NaN
5,7,R05_I07,4,GA_DP,Proposed GA-DP,3,20769503,233.641097383808,5813.28690384913,298.195564337596,850.430725694287,72.7487215784382,3380.1841212158,3,3,25,12.5002893936921,0,0.1316473,150,19-5-11-16-14,F301_S005000|F301_S010000|F005_S005000|M005_S011200|M009_S005000,++++-,1,0,NaN
5,7,R05_I07,4,GA_DP,Proposed GA-DP,4,20769504,233.641097383808,5813.28690384913,298.195564337596,850.430725694287,72.7487215784382,3380.1841212158,3,3,25,12.5002893936921,0,0.1306585,150,19-5-11-16-14,F301_S005000|F301_S010000|F005_S005000|M005_S011200|M009_S005000,++++-,1,0,NaN
5,7,R05_I07,4,GA_DP,Proposed GA-DP,5,20769505,233.641097383808,5813.28690384913,298.195564337596,850.430725694287,72.7487215784382,3380.1841212158,3,3,25,12.5002893936921,0,0.1319457,150,19-5-11-16-14,F301_S005000|F301_S010000|F005_S005000|M005_S011200|M009_S005000,++++-,1,0,NaN
5,7,R05_I07,4,GA_DP,Proposed GA-DP,6,20769506,233.641097383808,5813.28690384913,298.195564337596,850.430725694287,72.7487215784382,3380.1841212158,3,3,25,12.5002893936921,0,0.1303534,150,19-5-11-16-14,F301_S005000|F301_S010000|F005_S005000|M005_S011200|M009_S005000,++++-,1,0,NaN
5,7,R05_I07,4,GA_DP,Proposed GA-DP,7,20769507,233.641097383808,5813.28690384913,298.195564337596,850.430725694287,72.7487215784382,3380.1841212158,3,3,25,12.5002893936921,0,0.1314767,150,19-5-11-16-14,F301_S005000|F301_S010000|F005_S005000|M005_S011200|M009_S005000,++++-,1,0,NaN
5,7,R05_I07,4,GA_DP,Proposed GA-DP,8,20769508,233.641097383808,5813.28690384913,298.195564337596,850.430725694287,72.7487215784382,3380.1841212158,3,3,25,12.5002893936921,0,0.1324137,150,19-5-11-16-14,F301_S005000|F301_S010000|F005_S005000|M005_S011200|M009_S005000,++++-,1,0,NaN
5,7,R05_I07,4,GA_DP,Proposed GA-DP,9,20769509,233.641097383808,5813.28690384913,298.195564337596,850.430725694287,72.7487215784382,3380.1841212158,3,3,25,12.5002893936921,0,0.1281225,150,19-5-11-16-14,F301_S005000|F301_S010000|F005_S005000|M005_S011200|M009_S005000,++++-,1,0,NaN
5,7,R05_I07,4,GA_DP,Proposed GA-DP,10,20769510,233.641097383808,5813.28690384913,298.195564337596,850.430725694287,72.7487215784382,3380.1841212158,3,3,25,12.5002893936921,0,0.1312026,150,19-5-11-16-14,F301_S005000|F301_S010000|F005_S005000|M005_S011200|M009_S005000,++++-,1,0,NaN
5,7,R05_I07,4,GA_DP,Proposed GA-DP,11,20769511,233.641097383808,5813.28690384913,298.195564337596,850.430725694287,72.7487215784382,3380.1841212158,3,3,25,12.5002893936921,0,0.1319982,150,19-5-11-16-14,F301_S005000|F301_S010000|F005_S005000|M005_S011200|M009_S005000,++++-,1,0,NaN
5,7,R05_I07,4,GA_DP,Proposed GA-DP,12,20769512,233.641097383808,5813.28690384913,298.195564337596,850.430725694287,72.7487215784382,3380.1841212158,3,3,25,12.5002893936921,0,0.1263132,150,19-5-11-16-14,F301_S005000|F301_S010000|F005_S005000|M005_S011200|M009_S005000,++++-,1,0,NaN
5,7,R05_I07,4,GA_DP,Proposed GA-DP,13,20769513,233.641097383808,5813.28690384913,298.195564337596,850.430725694287,72.7487215784382,3380.1841212158,3,3,25,12.5002893936921,0,0.1351112,150,19-5-11-16-14,F301_S005000|F301_S010000|F005_S005000|M005_S011200|M009_S005000,++++-,1,0,NaN
5,7,R05_I07,4,GA_DP,Proposed GA-DP,14,20769514,233.641097383808,5813.28690384913,298.195564337596,850.430725694287,72.7487215784382,3380.1841212158,3,3,25,12.5002893936921,0,0.1313978,150,19-5-11-16-14,F301_S005000|F301_S010000|F005_S005000|M005_S011200|M009_S005000,++++-,1,0,NaN
5,7,R05_I07,4,GA_DP,Proposed GA-DP,15,20769515,233.641097383808,5813.28690384913,298.195564337596,850.430725694287,72.7487215784382,3380.1841212158,3,3,25,12.5002893936921,0,0.1310225,150,19-5-11-16-14,F301_S005000|F301_S010000|F005_S005000|M005_S011200|M009_S005000,++++-,1,0,NaN
5,7,R05_I07,4,GA_DP,Proposed GA-DP,16,20769516,233.641097383808,5813.28690384913,298.195564337596,850.430725694287,72.7487215784382,3380.1841212158,3,3,25,12.5002893936921,0,0.1305055,150,19-5-11-16-14,F301_S005000|F301_S010000|F005_S005000|M005_S011200|M009_S005000,++++-,1,0,NaN
5,7,R05_I07,4,GA_DP,Proposed GA-DP,17,20769517,233.641097383808,5813.28690384913,298.195564337596,850.430725694287,72.7487215784382,3380.1841212158,3,3,25,12.5002893936921,0,0.1326111,150,19-5-11-16-14,F301_S005000|F301_S010000|F005_S005000|M005_S011200|M009_S005000,++++-,1,0,NaN
5,7,R05_I07,4,GA_DP,Proposed GA-DP,18,20769518,233.641097383808,5813.28690384913,298.195564337596,850.430725694287,72.7487215784382,3380.1841212158,3,3,25,12.5002893936921,0,0.133938,150,19-5-11-16-14,F301_S005000|F301_S010000|F005_S005000|M005_S011200|M009_S005000,++++-,1,0,NaN
5,7,R05_I07,4,GA_DP,Proposed GA-DP,19,20769519,233.641097383808,5813.28690384913,298.195564337596,850.430725694287,72.7487215784382,3380.1841212158,3,3,25,12.5002893936921,0,0.1315343,150,19-5-11-16-14,F301_S005000|F301_S010000|F005_S005000|M005_S011200|M009_S005000,++++-,1,0,NaN
5,7,R05_I07,4,GA_DP,Proposed GA-DP,20,20769520,233.641097383808,5813.28690384913,298.195564337596,850.430725694287,72.7487215784382,3380.1841212158,3,3,25,12.5002893936921,0,0.131394,150,19-5-11-16-14,F301_S005000|F301_S010000|F005_S005000|M005_S011200|M009_S005000,++++-,1,0,NaN
5,7,R05_I07,5,EXACT,Exact optimum,1,NaN,233.641097383808,5813.28690384913,298.195564337596,850.430725694287,72.7487215784382,3380.1841212158,3,3,25,12.5002893936921,0,0.0005287,0,19-5-11-16-14,F301_S005000|F301_S010000|F005_S005000|M005_S011200|M009_S005000,++++-,1,1,0
5,8,R05_I08,1,FIXED,Fixed order + fixed direction,1,NaN,224.715944262356,5307.63798371272,266.22436015254,812.976302349044,64.7438112437402,2883.98192569939,5,4,25,0,11.2567816523206,1.74e-05,0,17-23-25-8-19,M008_S005000|F002_S000000|F003_S000000|F301_S000000|F301_S005000,+++++,1,0,NaN
5,8,R05_I08,2,NN_DP,Nearest neighbour-DP,1,NaN,208.70129897322,4404.86728957725,268.23586819713,748.958047506006,48.7946756365376,1981.21123156391,4,2,25,7.12661726861678,3.32793663857907,8.56e-05,0,25-23-17-8-19,F003_S000000|F002_S000000|M008_S005000|F301_S000000|F301_S005000,+--++,1,0,NaN
5,8,R05_I08,3,JOINT_GA,Joint-encoding GA,1,20770001,201.979547606004,4217.53408798864,246.917680320645,734.146583229178,41.787469364363,1793.8780299753,3,2,25,10.1178386478033,0,0.2484963,150,19-8-17-25-23,F301_S005000|F301_S000000|M008_S005000|F003_S000000|F002_S000000,--++-,1,0,NaN
5,8,R05_I08,3,JOINT_GA,Joint-encoding GA,2,20770002,201.979547606004,4217.53408798864,246.917680320645,734.146583229178,41.787469364363,1793.8780299753,3,2,25,10.1178386478033,0,0.2479908,150,19-8-17-25-23,F301_S005000|F301_S000000|M008_S005000|F003_S000000|F002_S000000,--++-,1,0,NaN
5,8,R05_I08,3,JOINT_GA,Joint-encoding GA,3,20770003,201.979547606004,4217.53408798864,246.917680320645,734.146583229178,41.787469364363,1793.8780299753,3,2,25,10.1178386478033,0,0.2472626,150,19-8-17-25-23,F301_S005000|F301_S000000|M008_S005000|F003_S000000|F002_S000000,--++-,1,0,NaN
5,8,R05_I08,3,JOINT_GA,Joint-encoding GA,4,20770004,202.314252764554,4242.72152442065,255.017342470014,736.932596008193,42.1221745229135,1819.06546640731,2,1,25.7785443968074,9.96889275985161,0.165712401338515,0.2486765,150,25-23-19-8-17,F003_S000000|F002_S000000|F301_S005000|F301_S000000|M008_S005000,+---+,1,0,NaN
5,8,R05_I08,3,JOINT_GA,Joint-encoding GA,5,20770005,201.979547606004,4217.53408798864,246.917680320645,734.146583229178,41.787469364363,1793.8780299753,3,2,25,10.1178386478033,0,0.2475735,150,19-8-17-25-23,F301_S005000|F301_S000000|M008_S005000|F003_S000000|F002_S000000,--++-,1,0,NaN
5,8,R05_I08,3,JOINT_GA,Joint-encoding GA,6,20770006,201.979547606004,4217.53408798864,246.917680320645,734.146583229178,41.787469364363,1793.8780299753,3,2,25,10.1178386478033,0,0.2490265,150,19-8-17-25-23,F301_S005000|F301_S000000|M008_S005000|F003_S000000|F002_S000000,--++-,1,0,NaN
5,8,R05_I08,3,JOINT_GA,Joint-encoding GA,7,20770007,201.979547606004,4217.53408798864,246.917680320645,734.146583229178,41.787469364363,1793.8780299753,3,2,25,10.1178386478033,0,0.2486732,150,19-8-17-25-23,F301_S005000|F301_S000000|M008_S005000|F003_S000000|F002_S000000,--++-,1,0,NaN
5,8,R05_I08,3,JOINT_GA,Joint-encoding GA,8,20770008,201.979547606004,4217.53408798864,246.917680320645,734.146583229178,41.787469364363,1793.8780299753,3,2,25,10.1178386478033,0,0.2518091,150,19-8-17-25-23,F301_S005000|F301_S000000|M008_S005000|F003_S000000|F002_S000000,--++-,1,0,NaN
5,8,R05_I08,3,JOINT_GA,Joint-encoding GA,9,20770009,201.979547606004,4217.53408798864,246.917680320645,734.146583229178,41.787469364363,1793.8780299753,3,2,25,10.1178386478033,0,0.2489816,150,19-8-17-25-23,F301_S005000|F301_S000000|M008_S005000|F003_S000000|F002_S000000,--++-,1,0,NaN
5,8,R05_I08,3,JOINT_GA,Joint-encoding GA,10,20770010,201.979547606004,4217.53408798864,246.917680320645,734.146583229178,41.787469364363,1793.8780299753,3,2,25,10.1178386478033,0,0.2471059,150,19-8-17-25-23,F301_S005000|F301_S000000|M008_S005000|F003_S000000|F002_S000000,--++-,1,0,NaN
5,8,R05_I08,3,JOINT_GA,Joint-encoding GA,11,20770011,203.152312620587,4329.8841836558,233.282021997891,734.906537879477,43.1632059762888,1906.22812564247,2,1,25,9.59595088481761,0.580635528935168,0.2498381,150,8-19-23-25-17,F301_S000000|F301_S005000|F002_S000000|F003_S000000|M008_S005000,+++-+,1,0,NaN
5,8,R05_I08,3,JOINT_GA,Joint-encoding GA,12,20770012,201.979547606004,4217.53408798864,246.917680320645,734.146583229178,41.787469364363,1793.8780299753,3,2,25,10.1178386478033,0,0.2531717,150,19-8-17-25-23,F301_S005000|F301_S000000|M008_S005000|F003_S000000|F002_S000000,--++-,1,0,NaN
5,8,R05_I08,3,JOINT_GA,Joint-encoding GA,13,20770013,201.979547606004,4217.53408798864,246.917680320645,734.146583229178,41.787469364363,1793.8780299753,3,2,25,10.1178386478033,0,0.3135051,150,19-8-17-25-23,F301_S005000|F301_S000000|M008_S005000|F003_S000000|F002_S000000,--++-,1,0,NaN
5,8,R05_I08,3,JOINT_GA,Joint-encoding GA,14,20770014,201.979547606004,4217.53408798864,246.917680320645,734.146583229178,41.787469364363,1793.8780299753,3,2,25,10.1178386478033,0,0.2597094,150,19-8-17-25-23,F301_S005000|F301_S000000|M008_S005000|F003_S000000|F002_S000000,--++-,1,0,NaN
5,8,R05_I08,3,JOINT_GA,Joint-encoding GA,15,20770015,202.314252764554,4242.72152442065,255.017342470014,736.932596008193,42.1221745229135,1819.06546640731,2,1,25.7785443968074,9.96889275985161,0.165712401338515,0.2583813,150,25-23-19-8-17,F003_S000000|F002_S000000|F301_S005000|F301_S000000|M008_S005000,+---+,1,0,NaN
5,8,R05_I08,3,JOINT_GA,Joint-encoding GA,16,20770016,201.979547606004,4217.53408798864,246.917680320645,734.146583229178,41.787469364363,1793.8780299753,3,2,25,10.1178386478033,0,0.2668161,150,19-8-17-25-23,F301_S005000|F301_S000000|M008_S005000|F003_S000000|F002_S000000,--++-,1,0,NaN
5,8,R05_I08,3,JOINT_GA,Joint-encoding GA,17,20770017,201.979547606004,4217.53408798864,246.917680320645,734.146583229178,41.787469364363,1793.8780299753,3,2,25,10.1178386478033,0,0.2471452,150,19-8-17-25-23,F301_S005000|F301_S000000|M008_S005000|F003_S000000|F002_S000000,--++-,1,0,NaN
5,8,R05_I08,3,JOINT_GA,Joint-encoding GA,18,20770018,203.152312620587,4329.8841836558,233.282021997891,734.906537879477,43.1632059762888,1906.22812564247,2,1,25,9.59595088481761,0.580635528935168,0.267377,150,8-19-23-25-17,F301_S000000|F301_S005000|F002_S000000|F003_S000000|M008_S005000,+++-+,1,0,NaN
5,8,R05_I08,3,JOINT_GA,Joint-encoding GA,19,20770019,201.979547606004,4217.53408798864,246.917680320645,734.146583229178,41.787469364363,1793.8780299753,3,2,25,10.1178386478033,0,0.2581068,150,19-8-17-25-23,F301_S005000|F301_S000000|M008_S005000|F003_S000000|F002_S000000,--++-,1,0,NaN
5,8,R05_I08,3,JOINT_GA,Joint-encoding GA,20,20770020,203.152312620587,4329.8841836558,233.282021997891,734.906537879477,43.1632059762888,1906.22812564247,2,1,25,9.59595088481761,0.580635528935168,0.2544328,150,8-19-23-25-17,F301_S000000|F301_S005000|F002_S000000|F003_S000000|M008_S005000,+++-+,1,0,NaN
5,8,R05_I08,4,GA_DP,Proposed GA-DP,1,20770501,201.979547606004,4217.53408798864,246.917680320645,734.146583229178,41.787469364363,1793.8780299753,3,2,25,10.1178386478033,0,0.1315756,150,19-8-17-25-23,F301_S005000|F301_S000000|M008_S005000|F003_S000000|F002_S000000,--++-,1,0,NaN
5,8,R05_I08,4,GA_DP,Proposed GA-DP,2,20770502,201.979547606004,4217.53408798864,246.917680320645,734.146583229178,41.787469364363,1793.8780299753,3,2,25,10.1178386478033,0,0.1313895,150,19-8-17-25-23,F301_S005000|F301_S000000|M008_S005000|F003_S000000|F002_S000000,--++-,1,0,NaN
5,8,R05_I08,4,GA_DP,Proposed GA-DP,3,20770503,201.979547606004,4217.53408798864,246.917680320645,734.146583229178,41.787469364363,1793.8780299753,3,2,25,10.1178386478033,0,0.1317215,150,19-8-17-25-23,F301_S005000|F301_S000000|M008_S005000|F003_S000000|F002_S000000,--++-,1,0,NaN
5,8,R05_I08,4,GA_DP,Proposed GA-DP,4,20770504,201.979547606004,4217.53408798864,246.917680320645,734.146583229178,41.787469364363,1793.8780299753,3,2,25,10.1178386478033,0,0.1311872,150,19-8-17-25-23,F301_S005000|F301_S000000|M008_S005000|F003_S000000|F002_S000000,--++-,1,0,NaN
5,8,R05_I08,4,GA_DP,Proposed GA-DP,5,20770505,201.979547606004,4217.53408798864,246.917680320645,734.146583229178,41.787469364363,1793.8780299753,3,2,25,10.1178386478033,0,0.1314192,150,19-8-17-25-23,F301_S005000|F301_S000000|M008_S005000|F003_S000000|F002_S000000,--++-,1,0,NaN
5,8,R05_I08,4,GA_DP,Proposed GA-DP,6,20770506,201.979547606004,4217.53408798864,246.917680320645,734.146583229178,41.787469364363,1793.8780299753,3,2,25,10.1178386478033,0,0.1348469,150,19-8-17-25-23,F301_S005000|F301_S000000|M008_S005000|F003_S000000|F002_S000000,--++-,1,0,NaN
5,8,R05_I08,4,GA_DP,Proposed GA-DP,7,20770507,201.979547606004,4217.53408798864,246.917680320645,734.146583229178,41.787469364363,1793.8780299753,3,2,25,10.1178386478033,0,0.1320252,150,19-8-17-25-23,F301_S005000|F301_S000000|M008_S005000|F003_S000000|F002_S000000,--++-,1,0,NaN
5,8,R05_I08,4,GA_DP,Proposed GA-DP,8,20770508,201.979547606004,4217.53408798864,246.917680320645,734.146583229178,41.787469364363,1793.8780299753,3,2,25,10.1178386478033,0,0.1308104,150,19-8-17-25-23,F301_S005000|F301_S000000|M008_S005000|F003_S000000|F002_S000000,--++-,1,0,NaN
5,8,R05_I08,4,GA_DP,Proposed GA-DP,9,20770509,201.979547606004,4217.53408798864,246.917680320645,734.146583229178,41.787469364363,1793.8780299753,3,2,25,10.1178386478033,0,0.1313726,150,19-8-17-25-23,F301_S005000|F301_S000000|M008_S005000|F003_S000000|F002_S000000,--++-,1,0,NaN
5,8,R05_I08,4,GA_DP,Proposed GA-DP,10,20770510,201.979547606004,4217.53408798864,246.917680320645,734.146583229178,41.787469364363,1793.8780299753,3,2,25,10.1178386478033,0,0.1310264,150,19-8-17-25-23,F301_S005000|F301_S000000|M008_S005000|F003_S000000|F002_S000000,--++-,1,0,NaN
5,8,R05_I08,4,GA_DP,Proposed GA-DP,11,20770511,201.979547606004,4217.53408798864,246.917680320645,734.146583229178,41.787469364363,1793.8780299753,3,2,25,10.1178386478033,0,0.172254,150,19-8-17-25-23,F301_S005000|F301_S000000|M008_S005000|F003_S000000|F002_S000000,--++-,1,0,NaN
5,8,R05_I08,4,GA_DP,Proposed GA-DP,12,20770512,201.979547606004,4217.53408798864,246.917680320645,734.146583229178,41.787469364363,1793.8780299753,3,2,25,10.1178386478033,0,0.1948219,150,19-8-17-25-23,F301_S005000|F301_S000000|M008_S005000|F003_S000000|F002_S000000,--++-,1,0,NaN
5,8,R05_I08,4,GA_DP,Proposed GA-DP,13,20770513,201.979547606004,4217.53408798864,246.917680320645,734.146583229178,41.787469364363,1793.8780299753,3,2,25,10.1178386478033,0,0.1356997,150,19-8-17-25-23,F301_S005000|F301_S000000|M008_S005000|F003_S000000|F002_S000000,--++-,1,0,NaN
5,8,R05_I08,4,GA_DP,Proposed GA-DP,14,20770514,201.979547606004,4217.53408798864,246.917680320645,734.146583229178,41.787469364363,1793.8780299753,3,2,25,10.1178386478033,0,0.1344452,150,19-8-17-25-23,F301_S005000|F301_S000000|M008_S005000|F003_S000000|F002_S000000,--++-,1,0,NaN
5,8,R05_I08,4,GA_DP,Proposed GA-DP,15,20770515,201.979547606004,4217.53408798864,246.917680320645,734.146583229178,41.787469364363,1793.8780299753,3,2,25,10.1178386478033,0,0.1408618,150,19-8-17-25-23,F301_S005000|F301_S000000|M008_S005000|F003_S000000|F002_S000000,--++-,1,0,NaN
5,8,R05_I08,4,GA_DP,Proposed GA-DP,16,20770516,201.979547606004,4217.53408798864,246.917680320645,734.146583229178,41.787469364363,1793.8780299753,3,2,25,10.1178386478033,0,0.1356232,150,19-8-17-25-23,F301_S005000|F301_S000000|M008_S005000|F003_S000000|F002_S000000,--++-,1,0,NaN
5,8,R05_I08,4,GA_DP,Proposed GA-DP,17,20770517,201.979547606004,4217.53408798864,246.917680320645,734.146583229178,41.787469364363,1793.8780299753,3,2,25,10.1178386478033,0,0.1528254,150,19-8-17-25-23,F301_S005000|F301_S000000|M008_S005000|F003_S000000|F002_S000000,--++-,1,0,NaN
5,8,R05_I08,4,GA_DP,Proposed GA-DP,18,20770518,201.979547606004,4217.53408798864,246.917680320645,734.146583229178,41.787469364363,1793.8780299753,3,2,25,10.1178386478033,0,0.1386859,150,19-8-17-25-23,F301_S005000|F301_S000000|M008_S005000|F003_S000000|F002_S000000,--++-,1,0,NaN
5,8,R05_I08,4,GA_DP,Proposed GA-DP,19,20770519,201.979547606004,4217.53408798864,246.917680320645,734.146583229178,41.787469364363,1793.8780299753,3,2,25,10.1178386478033,0,0.1399839,150,19-8-17-25-23,F301_S005000|F301_S000000|M008_S005000|F003_S000000|F002_S000000,--++-,1,0,NaN
5,8,R05_I08,4,GA_DP,Proposed GA-DP,20,20770520,201.979547606004,4217.53408798864,246.917680320645,734.146583229178,41.787469364363,1793.8780299753,3,2,25,10.1178386478033,0,0.1383983,150,19-8-17-25-23,F301_S005000|F301_S000000|M008_S005000|F003_S000000|F002_S000000,--++-,1,0,NaN
5,8,R05_I08,5,EXACT,Exact optimum,1,NaN,201.979547606004,4217.53408798864,246.917680320645,734.146583229178,41.787469364363,1793.8780299753,3,2,25,10.1178386478033,0,0.0005989,0,19-8-17-25-23,F301_S005000|F301_S000000|M008_S005000|F003_S000000|F002_S000000,--++-,1,1,0
5,9,R05_I09,1,FIXED,Fixed order + fixed direction,1,NaN,267.154658669867,7047.40942104504,421.558316526323,948.455927682016,106.251763484236,4615.12487111527,5,4,25,0,11.9921243031446,1.79e-05,0,14-11-10-8-19,M009_S005000|F005_S005000|F300_S005000|F301_S000000|F301_S005000,+++++,1,0,NaN
5,9,R05_I09,2,NN_DP,Nearest neighbour-DP,1,NaN,243.176361058811,6124.76964767398,376.267950622945,861.706923637117,82.0710300427498,3692.48509774422,3,2,25,8.9754368239136,1.94034193855712,8.48e-05,0,11-19-8-10-14,F005_S005000|F301_S005000|F301_S000000|F300_S005000|M009_S005000,+--++,1,0,NaN
5,9,R05_I09,3,JOINT_GA,Joint-encoding GA,1,20771001,238.547719611714,5858.41393678243,346.227707777401,853.652354146811,77.8055842522987,3426.12938685266,4,3,25,10.708006815447,0,0.2622211,150,8-19-10-11-14,F301_S000000|F301_S005000|F300_S005000|F005_S005000|M009_S005000,++++-,1,0,NaN
5,9,R05_I09,3,JOINT_GA,Joint-encoding GA,2,20771002,238.547719611714,5858.41393678243,346.227707777401,853.652354146811,77.8055842522987,3426.12938685266,4,3,25,10.708006815447,0,0.2524332,150,8-19-10-11-14,F301_S000000|F301_S005000|F300_S005000|F005_S005000|M009_S005000,++++-,1,0,NaN
5,9,R05_I09,3,JOINT_GA,Joint-encoding GA,3,20771003,238.547719611714,5858.41393678243,346.227707777401,853.652354146811,77.8055842522987,3426.12938685266,4,3,25,10.708006815447,0,0.2479622,150,8-19-10-11-14,F301_S000000|F301_S005000|F300_S005000|F005_S005000|M009_S005000,++++-,1,0,NaN
5,9,R05_I09,3,JOINT_GA,Joint-encoding GA,4,20771004,238.547719611714,5858.41393678243,346.227707777401,853.652354146811,77.8055842522987,3426.12938685266,4,3,25,10.708006815447,0,0.2523048,150,8-19-10-11-14,F301_S000000|F301_S005000|F300_S005000|F005_S005000|M009_S005000,++++-,1,0,NaN
5,9,R05_I09,3,JOINT_GA,Joint-encoding GA,5,20771005,238.547719611714,5858.41393678243,346.227707777401,853.652354146811,77.8055842522987,3426.12938685266,4,3,25,10.708006815447,0,0.2494491,150,8-19-10-11-14,F301_S000000|F301_S005000|F300_S005000|F005_S005000|M009_S005000,++++-,1,0,NaN
5,9,R05_I09,3,JOINT_GA,Joint-encoding GA,6,20771006,238.547719611714,5858.41393678243,346.227707777401,853.652354146811,77.8055842522987,3426.12938685266,4,3,25,10.708006815447,0,0.250605,150,8-19-10-11-14,F301_S000000|F301_S005000|F300_S005000|F005_S005000|M009_S005000,++++-,1,0,NaN
5,9,R05_I09,3,JOINT_GA,Joint-encoding GA,7,20771007,238.547719611714,5858.41393678243,346.227707777401,853.652354146811,77.8055842522987,3426.12938685266,4,3,25,10.708006815447,0,0.247943,150,8-19-10-11-14,F301_S000000|F301_S005000|F300_S005000|F005_S005000|M009_S005000,++++-,1,0,NaN
5,9,R05_I09,3,JOINT_GA,Joint-encoding GA,8,20771008,238.547719611714,5858.41393678243,346.227707777401,853.652354146811,77.8055842522987,3426.12938685266,4,3,25,10.708006815447,0,0.2478117,150,8-19-10-11-14,F301_S000000|F301_S005000|F300_S005000|F005_S005000|M009_S005000,++++-,1,0,NaN
5,9,R05_I09,3,JOINT_GA,Joint-encoding GA,9,20771009,238.547719611714,5858.41393678243,346.227707777401,853.652354146811,77.8055842522987,3426.12938685266,4,3,25,10.708006815447,0,0.2531656,150,8-19-10-11-14,F301_S000000|F301_S005000|F300_S005000|F005_S005000|M009_S005000,++++-,1,0,NaN
5,9,R05_I09,3,JOINT_GA,Joint-encoding GA,10,20771010,238.547719611714,5858.41393678243,346.227707777401,853.652354146811,77.8055842522987,3426.12938685266,4,3,25,10.708006815447,0,0.2571392,150,8-19-10-11-14,F301_S000000|F301_S005000|F300_S005000|F005_S005000|M009_S005000,++++-,1,0,NaN
5,9,R05_I09,3,JOINT_GA,Joint-encoding GA,11,20771011,238.547719611714,5858.41393678243,346.227707777401,853.652354146811,77.8055842522987,3426.12938685266,4,3,25,10.708006815447,0,0.2751875,150,8-19-10-11-14,F301_S000000|F301_S005000|F300_S005000|F005_S005000|M009_S005000,++++-,1,0,NaN
5,9,R05_I09,3,JOINT_GA,Joint-encoding GA,12,20771012,238.547719611714,5858.41393678243,346.227707777401,853.652354146811,77.8055842522987,3426.12938685266,4,3,25,10.708006815447,0,0.2564024,150,8-19-10-11-14,F301_S000000|F301_S005000|F300_S005000|F005_S005000|M009_S005000,++++-,1,0,NaN
5,9,R05_I09,3,JOINT_GA,Joint-encoding GA,13,20771013,238.547719611714,5858.41393678243,346.227707777401,853.652354146811,77.8055842522987,3426.12938685266,4,3,25,10.708006815447,0,0.252803,150,8-19-10-11-14,F301_S000000|F301_S005000|F300_S005000|F005_S005000|M009_S005000,++++-,1,0,NaN
5,9,R05_I09,3,JOINT_GA,Joint-encoding GA,14,20771014,238.547719611714,5858.41393678243,346.227707777401,853.652354146811,77.8055842522987,3426.12938685266,4,3,25,10.708006815447,0,0.2505058,150,8-19-10-11-14,F301_S000000|F301_S005000|F300_S005000|F005_S005000|M009_S005000,++++-,1,0,NaN
5,9,R05_I09,3,JOINT_GA,Joint-encoding GA,15,20771015,238.547719611714,5858.41393678243,346.227707777401,853.652354146811,77.8055842522987,3426.12938685266,4,3,25,10.708006815447,0,0.2540368,150,8-19-10-11-14,F301_S000000|F301_S005000|F300_S005000|F005_S005000|M009_S005000,++++-,1,0,NaN
5,9,R05_I09,3,JOINT_GA,Joint-encoding GA,16,20771016,238.547719611714,5858.41393678243,346.227707777401,853.652354146811,77.8055842522987,3426.12938685266,4,3,25,10.708006815447,0,0.2568866,150,8-19-10-11-14,F301_S000000|F301_S005000|F300_S005000|F005_S005000|M009_S005000,++++-,1,0,NaN
5,9,R05_I09,3,JOINT_GA,Joint-encoding GA,17,20771017,238.547719611714,5858.41393678243,346.227707777401,853.652354146811,77.8055842522987,3426.12938685266,4,3,25,10.708006815447,0,0.2574785,150,8-19-10-11-14,F301_S000000|F301_S005000|F300_S005000|F005_S005000|M009_S005000,++++-,1,0,NaN
5,9,R05_I09,3,JOINT_GA,Joint-encoding GA,18,20771018,238.547719611714,5858.41393678243,346.227707777401,853.652354146811,77.8055842522987,3426.12938685266,4,3,25,10.708006815447,0,0.2530206,150,8-19-10-11-14,F301_S000000|F301_S005000|F300_S005000|F005_S005000|M009_S005000,++++-,1,0,NaN
5,9,R05_I09,3,JOINT_GA,Joint-encoding GA,19,20771019,238.547719611714,5858.41393678243,346.227707777401,853.652354146811,77.8055842522987,3426.12938685266,4,3,25,10.708006815447,0,0.2489532,150,8-19-10-11-14,F301_S000000|F301_S005000|F300_S005000|F005_S005000|M009_S005000,++++-,1,0,NaN
5,9,R05_I09,3,JOINT_GA,Joint-encoding GA,20,20771020,238.547719611714,5858.41393678243,346.227707777401,853.652354146811,77.8055842522987,3426.12938685266,4,3,25,10.708006815447,0,0.2507176,150,8-19-10-11-14,F301_S000000|F301_S005000|F300_S005000|F005_S005000|M009_S005000,++++-,1,0,NaN
5,9,R05_I09,4,GA_DP,Proposed GA-DP,1,20771501,238.547719611714,5858.41393678243,346.227707777401,853.652354146811,77.8055842522987,3426.12938685266,4,3,25,10.708006815447,0,0.1403092,150,8-19-10-11-14,F301_S000000|F301_S005000|F300_S005000|F005_S005000|M009_S005000,++++-,1,0,NaN
5,9,R05_I09,4,GA_DP,Proposed GA-DP,2,20771502,238.547719611714,5858.41393678243,346.227707777401,853.652354146811,77.8055842522987,3426.12938685266,4,3,25,10.708006815447,0,0.1329827,150,8-19-10-11-14,F301_S000000|F301_S005000|F300_S005000|F005_S005000|M009_S005000,++++-,1,0,NaN
5,9,R05_I09,4,GA_DP,Proposed GA-DP,3,20771503,238.547719611714,5858.41393678243,346.227707777401,853.652354146811,77.8055842522987,3426.12938685266,4,3,25,10.708006815447,0,0.1334532,150,8-19-10-11-14,F301_S000000|F301_S005000|F300_S005000|F005_S005000|M009_S005000,++++-,1,0,NaN
5,9,R05_I09,4,GA_DP,Proposed GA-DP,4,20771504,238.547719611714,5858.41393678243,346.227707777401,853.652354146811,77.8055842522987,3426.12938685266,4,3,25,10.708006815447,0,0.1340236,150,8-19-10-11-14,F301_S000000|F301_S005000|F300_S005000|F005_S005000|M009_S005000,++++-,1,0,NaN
5,9,R05_I09,4,GA_DP,Proposed GA-DP,5,20771505,238.547719611714,5858.41393678243,346.227707777401,853.652354146811,77.8055842522987,3426.12938685266,4,3,25,10.708006815447,0,0.1322826,150,8-19-10-11-14,F301_S000000|F301_S005000|F300_S005000|F005_S005000|M009_S005000,++++-,1,0,NaN
5,9,R05_I09,4,GA_DP,Proposed GA-DP,6,20771506,238.547719611714,5858.41393678243,346.227707777401,853.652354146811,77.8055842522987,3426.12938685266,4,3,25,10.708006815447,0,0.134005,150,8-19-10-11-14,F301_S000000|F301_S005000|F300_S005000|F005_S005000|M009_S005000,++++-,1,0,NaN
5,9,R05_I09,4,GA_DP,Proposed GA-DP,7,20771507,238.547719611714,5858.41393678243,346.227707777401,853.652354146811,77.8055842522987,3426.12938685266,4,3,25,10.708006815447,0,0.131129,150,8-19-10-11-14,F301_S000000|F301_S005000|F300_S005000|F005_S005000|M009_S005000,++++-,1,0,NaN
5,9,R05_I09,4,GA_DP,Proposed GA-DP,8,20771508,238.547719611714,5858.41393678243,346.227707777401,853.652354146811,77.8055842522987,3426.12938685266,4,3,25,10.708006815447,0,0.1422165,150,8-19-10-11-14,F301_S000000|F301_S005000|F300_S005000|F005_S005000|M009_S005000,++++-,1,0,NaN
5,9,R05_I09,4,GA_DP,Proposed GA-DP,9,20771509,238.547719611714,5858.41393678243,346.227707777401,853.652354146811,77.8055842522987,3426.12938685266,4,3,25,10.708006815447,0,0.1312609,150,8-19-10-11-14,F301_S000000|F301_S005000|F300_S005000|F005_S005000|M009_S005000,++++-,1,0,NaN
5,9,R05_I09,4,GA_DP,Proposed GA-DP,10,20771510,238.547719611714,5858.41393678243,346.227707777401,853.652354146811,77.8055842522987,3426.12938685266,4,3,25,10.708006815447,0,0.1381315,150,8-19-10-11-14,F301_S000000|F301_S005000|F300_S005000|F005_S005000|M009_S005000,++++-,1,0,NaN
5,9,R05_I09,4,GA_DP,Proposed GA-DP,11,20771511,238.547719611714,5858.41393678243,346.227707777401,853.652354146811,77.8055842522987,3426.12938685266,4,3,25,10.708006815447,0,0.1325035,150,8-19-10-11-14,F301_S000000|F301_S005000|F300_S005000|F005_S005000|M009_S005000,++++-,1,0,NaN
5,9,R05_I09,4,GA_DP,Proposed GA-DP,12,20771512,238.547719611714,5858.41393678243,346.227707777401,853.652354146811,77.8055842522987,3426.12938685266,4,3,25,10.708006815447,0,0.1512449,150,8-19-10-11-14,F301_S000000|F301_S005000|F300_S005000|F005_S005000|M009_S005000,++++-,1,0,NaN
5,9,R05_I09,4,GA_DP,Proposed GA-DP,13,20771513,238.547719611714,5858.41393678243,346.227707777401,853.652354146811,77.8055842522987,3426.12938685266,4,3,25,10.708006815447,0,0.1365275,150,8-19-10-11-14,F301_S000000|F301_S005000|F300_S005000|F005_S005000|M009_S005000,++++-,1,0,NaN
5,9,R05_I09,4,GA_DP,Proposed GA-DP,14,20771514,238.547719611714,5858.41393678243,346.227707777401,853.652354146811,77.8055842522987,3426.12938685266,4,3,25,10.708006815447,0,0.133649,150,8-19-10-11-14,F301_S000000|F301_S005000|F300_S005000|F005_S005000|M009_S005000,++++-,1,0,NaN
5,9,R05_I09,4,GA_DP,Proposed GA-DP,15,20771515,238.547719611714,5858.41393678243,346.227707777401,853.652354146811,77.8055842522987,3426.12938685266,4,3,25,10.708006815447,0,0.1334584,150,8-19-10-11-14,F301_S000000|F301_S005000|F300_S005000|F005_S005000|M009_S005000,++++-,1,0,NaN
5,9,R05_I09,4,GA_DP,Proposed GA-DP,16,20771516,238.547719611714,5858.41393678243,346.227707777401,853.652354146811,77.8055842522987,3426.12938685266,4,3,25,10.708006815447,0,0.1346421,150,8-19-10-11-14,F301_S000000|F301_S005000|F300_S005000|F005_S005000|M009_S005000,++++-,1,0,NaN
5,9,R05_I09,4,GA_DP,Proposed GA-DP,17,20771517,238.547719611714,5858.41393678243,346.227707777401,853.652354146811,77.8055842522987,3426.12938685266,4,3,25,10.708006815447,0,0.1328116,150,8-19-10-11-14,F301_S000000|F301_S005000|F300_S005000|F005_S005000|M009_S005000,++++-,1,0,NaN
5,9,R05_I09,4,GA_DP,Proposed GA-DP,18,20771518,238.547719611714,5858.41393678243,346.227707777401,853.652354146811,77.8055842522987,3426.12938685266,4,3,25,10.708006815447,0,0.1348671,150,8-19-10-11-14,F301_S000000|F301_S005000|F300_S005000|F005_S005000|M009_S005000,++++-,1,0,NaN
5,9,R05_I09,4,GA_DP,Proposed GA-DP,19,20771519,238.547719611714,5858.41393678243,346.227707777401,853.652354146811,77.8055842522987,3426.12938685266,4,3,25,10.708006815447,0,0.1333695,150,8-19-10-11-14,F301_S000000|F301_S005000|F300_S005000|F005_S005000|M009_S005000,++++-,1,0,NaN
5,9,R05_I09,4,GA_DP,Proposed GA-DP,20,20771520,238.547719611714,5858.41393678243,346.227707777401,853.652354146811,77.8055842522987,3426.12938685266,4,3,25,10.708006815447,0,0.1335501,150,8-19-10-11-14,F301_S000000|F301_S005000|F300_S005000|F005_S005000|M009_S005000,++++-,1,0,NaN
5,9,R05_I09,5,EXACT,Exact optimum,1,NaN,238.547719611714,5858.41393678243,346.227707777401,853.652354146811,77.8055842522987,3426.12938685266,4,3,25,10.708006815447,0,0.0005092,0,8-19-10-11-14,F301_S000000|F301_S005000|F300_S005000|F005_S005000|M009_S005000,++++-,1,1,0
5,10,R05_I10,1,FIXED,Fixed order + fixed direction,1,NaN,236.742618014728,6051.30216813873,212.817561294842,897.602141454579,77.2006389778771,3638.01774825557,5,5,25,0,16.8640380350501,1.75e-05,0,17-2-14-9-15,M008_S005000|M009_S000000|M009_S005000|F010_S000000|F195_S001400,+++++,1,0,NaN
5,10,R05_I10,2,NN_DP,Nearest neighbour-DP,1,NaN,202.5795291651,4489.60588571671,181.748595795209,750.042509873475,43.130009221336,2076.32146583355,2,1,25,14.430476918821,0,7.43e-05,0,17-15-2-14-9,M008_S005000|F195_S001400|M009_S000000|M009_S005000|F010_S000000,-+++-,1,0,NaN
5,10,R05_I10,3,JOINT_GA,Joint-encoding GA,1,20772001,202.5795291651,4489.60588571671,181.748595795209,750.042509873475,43.130009221336,2076.32146583355,2,1,25,14.430476918821,0,0.2499599,150,17-15-2-14-9,M008_S005000|F195_S001400|M009_S000000|M009_S005000|F010_S000000,-+++-,1,0,NaN
5,10,R05_I10,3,JOINT_GA,Joint-encoding GA,2,20772002,202.5795291651,4489.60588571671,181.748595795209,750.042509873475,43.130009221336,2076.32146583355,2,1,25,14.430476918821,0,0.2494813,150,17-15-2-14-9,M008_S005000|F195_S001400|M009_S000000|M009_S005000|F010_S000000,-+++-,1,0,NaN
5,10,R05_I10,3,JOINT_GA,Joint-encoding GA,3,20772003,202.5795291651,4489.60588571671,181.748595795209,750.042509873475,43.130009221336,2076.32146583355,2,1,25,14.430476918821,0,0.2482121,150,17-15-2-14-9,M008_S005000|F195_S001400|M009_S000000|M009_S005000|F010_S000000,-+++-,1,0,NaN
5,10,R05_I10,3,JOINT_GA,Joint-encoding GA,4,20772004,202.5795291651,4489.60588571671,181.748595795209,750.042509873475,43.130009221336,2076.32146583355,2,1,25,14.430476918821,0,0.2482833,150,17-15-2-14-9,M008_S005000|F195_S001400|M009_S000000|M009_S005000|F010_S000000,-+++-,1,0,NaN
5,10,R05_I10,3,JOINT_GA,Joint-encoding GA,5,20772005,202.5795291651,4489.60588571671,181.748595795209,750.042509873475,43.130009221336,2076.32146583355,2,1,25,14.430476918821,0,0.2491337,150,17-15-2-14-9,M008_S005000|F195_S001400|M009_S000000|M009_S005000|F010_S000000,-+++-,1,0,NaN
5,10,R05_I10,3,JOINT_GA,Joint-encoding GA,6,20772006,202.5795291651,4489.60588571671,181.748595795209,750.042509873475,43.130009221336,2076.32146583355,2,1,25,14.430476918821,0,0.2496896,150,17-15-2-14-9,M008_S005000|F195_S001400|M009_S000000|M009_S005000|F010_S000000,-+++-,1,0,NaN
5,10,R05_I10,3,JOINT_GA,Joint-encoding GA,7,20772007,202.5795291651,4489.60588571671,181.748595795209,750.042509873475,43.130009221336,2076.32146583355,2,1,25,14.430476918821,0,0.2588439,150,17-15-2-14-9,M008_S005000|F195_S001400|M009_S000000|M009_S005000|F010_S000000,-+++-,1,0,NaN
5,10,R05_I10,3,JOINT_GA,Joint-encoding GA,8,20772008,202.5795291651,4489.60588571671,181.748595795209,750.042509873475,43.130009221336,2076.32146583355,2,1,25,14.430476918821,0,0.2473275,150,17-15-2-14-9,M008_S005000|F195_S001400|M009_S000000|M009_S005000|F010_S000000,-+++-,1,0,NaN
5,10,R05_I10,3,JOINT_GA,Joint-encoding GA,9,20772009,202.5795291651,4489.60588571671,181.748595795209,750.042509873475,43.130009221336,2076.32146583355,2,1,25,14.430476918821,0,0.2516594,150,17-15-2-14-9,M008_S005000|F195_S001400|M009_S000000|M009_S005000|F010_S000000,-+++-,1,0,NaN
5,10,R05_I10,3,JOINT_GA,Joint-encoding GA,10,20772010,202.5795291651,4489.60588571671,181.748595795209,750.042509873475,43.130009221336,2076.32146583355,2,1,25,14.430476918821,0,0.247985,150,17-15-2-14-9,M008_S005000|F195_S001400|M009_S000000|M009_S005000|F010_S000000,-+++-,1,0,NaN
5,10,R05_I10,3,JOINT_GA,Joint-encoding GA,11,20772011,202.5795291651,4489.60588571671,181.748595795209,750.042509873475,43.130009221336,2076.32146583355,2,1,25,14.430476918821,0,0.2508512,150,17-15-2-14-9,M008_S005000|F195_S001400|M009_S000000|M009_S005000|F010_S000000,-+++-,1,0,NaN
5,10,R05_I10,3,JOINT_GA,Joint-encoding GA,12,20772012,202.5795291651,4489.60588571671,181.748595795209,750.042509873475,43.130009221336,2076.32146583355,2,1,25,14.430476918821,0,0.2515994,150,17-15-2-14-9,M008_S005000|F195_S001400|M009_S000000|M009_S005000|F010_S000000,-+++-,1,0,NaN
5,10,R05_I10,3,JOINT_GA,Joint-encoding GA,13,20772013,202.5795291651,4489.60588571671,181.748595795209,750.042509873475,43.130009221336,2076.32146583355,2,1,25,14.430476918821,0,0.2493758,150,17-15-2-14-9,M008_S005000|F195_S001400|M009_S000000|M009_S005000|F010_S000000,-+++-,1,0,NaN
5,10,R05_I10,3,JOINT_GA,Joint-encoding GA,14,20772014,202.5795291651,4489.60588571671,181.748595795209,750.042509873475,43.130009221336,2076.32146583355,2,1,25,14.430476918821,0,0.2491082,150,17-15-2-14-9,M008_S005000|F195_S001400|M009_S000000|M009_S005000|F010_S000000,-+++-,1,0,NaN
5,10,R05_I10,3,JOINT_GA,Joint-encoding GA,15,20772015,202.5795291651,4489.60588571671,181.748595795209,750.042509873475,43.130009221336,2076.32146583355,2,1,25,14.430476918821,0,0.2537107,150,17-15-2-14-9,M008_S005000|F195_S001400|M009_S000000|M009_S005000|F010_S000000,-+++-,1,0,NaN
5,10,R05_I10,3,JOINT_GA,Joint-encoding GA,16,20772016,202.5795291651,4489.60588571671,181.748595795209,750.042509873475,43.130009221336,2076.32146583355,2,1,25,14.430476918821,0,0.2494392,150,17-15-2-14-9,M008_S005000|F195_S001400|M009_S000000|M009_S005000|F010_S000000,-+++-,1,0,NaN
5,10,R05_I10,3,JOINT_GA,Joint-encoding GA,17,20772017,202.5795291651,4489.60588571671,181.748595795209,750.042509873475,43.130009221336,2076.32146583355,2,1,25,14.430476918821,0,0.2535048,150,17-15-2-14-9,M008_S005000|F195_S001400|M009_S000000|M009_S005000|F010_S000000,-+++-,1,0,NaN
5,10,R05_I10,3,JOINT_GA,Joint-encoding GA,18,20772018,202.5795291651,4489.60588571671,181.748595795209,750.042509873475,43.130009221336,2076.32146583355,2,1,25,14.430476918821,0,0.249707,150,17-15-2-14-9,M008_S005000|F195_S001400|M009_S000000|M009_S005000|F010_S000000,-+++-,1,0,NaN
5,10,R05_I10,3,JOINT_GA,Joint-encoding GA,19,20772019,202.5795291651,4489.60588571671,181.748595795209,750.042509873475,43.130009221336,2076.32146583355,2,1,25,14.430476918821,0,0.2496133,150,17-15-2-14-9,M008_S005000|F195_S001400|M009_S000000|M009_S005000|F010_S000000,-+++-,1,0,NaN
5,10,R05_I10,3,JOINT_GA,Joint-encoding GA,20,20772020,202.5795291651,4489.60588571671,181.748595795209,750.042509873475,43.130009221336,2076.32146583355,2,1,25,14.430476918821,0,0.2575797,150,17-15-2-14-9,M008_S005000|F195_S001400|M009_S000000|M009_S005000|F010_S000000,-+++-,1,0,NaN
5,10,R05_I10,4,GA_DP,Proposed GA-DP,1,20772501,202.5795291651,4489.60588571671,181.748595795209,750.042509873475,43.130009221336,2076.32146583355,2,1,25,14.430476918821,0,0.1316493,150,17-15-2-14-9,M008_S005000|F195_S001400|M009_S000000|M009_S005000|F010_S000000,-+++-,1,0,NaN
5,10,R05_I10,4,GA_DP,Proposed GA-DP,2,20772502,202.5795291651,4489.60588571671,181.748595795209,750.042509873475,43.130009221336,2076.32146583355,2,1,25,14.430476918821,0,0.1321047,150,17-15-2-14-9,M008_S005000|F195_S001400|M009_S000000|M009_S005000|F010_S000000,-+++-,1,0,NaN
5,10,R05_I10,4,GA_DP,Proposed GA-DP,3,20772503,202.5795291651,4489.60588571671,181.748595795209,750.042509873475,43.130009221336,2076.32146583355,2,1,25,14.430476918821,0,0.1327425,150,17-15-2-14-9,M008_S005000|F195_S001400|M009_S000000|M009_S005000|F010_S000000,-+++-,1,0,NaN
5,10,R05_I10,4,GA_DP,Proposed GA-DP,4,20772504,202.5795291651,4489.60588571671,181.748595795209,750.042509873475,43.130009221336,2076.32146583355,2,1,25,14.430476918821,0,0.1324783,150,17-15-2-14-9,M008_S005000|F195_S001400|M009_S000000|M009_S005000|F010_S000000,-+++-,1,0,NaN
5,10,R05_I10,4,GA_DP,Proposed GA-DP,5,20772505,202.5795291651,4489.60588571671,181.748595795209,750.042509873475,43.130009221336,2076.32146583355,2,1,25,14.430476918821,0,0.1319174,150,17-15-2-14-9,M008_S005000|F195_S001400|M009_S000000|M009_S005000|F010_S000000,-+++-,1,0,NaN
5,10,R05_I10,4,GA_DP,Proposed GA-DP,6,20772506,202.5795291651,4489.60588571671,181.748595795209,750.042509873475,43.130009221336,2076.32146583355,2,1,25,14.430476918821,0,0.1321374,150,17-15-2-14-9,M008_S005000|F195_S001400|M009_S000000|M009_S005000|F010_S000000,-+++-,1,0,NaN
5,10,R05_I10,4,GA_DP,Proposed GA-DP,7,20772507,202.5795291651,4489.60588571671,181.748595795209,750.042509873475,43.130009221336,2076.32146583355,2,1,25,14.430476918821,0,0.1324259,150,17-15-2-14-9,M008_S005000|F195_S001400|M009_S000000|M009_S005000|F010_S000000,-+++-,1,0,NaN
5,10,R05_I10,4,GA_DP,Proposed GA-DP,8,20772508,202.5795291651,4489.60588571671,181.748595795209,750.042509873475,43.130009221336,2076.32146583355,2,1,25,14.430476918821,0,0.1358714,150,17-15-2-14-9,M008_S005000|F195_S001400|M009_S000000|M009_S005000|F010_S000000,-+++-,1,0,NaN
5,10,R05_I10,4,GA_DP,Proposed GA-DP,9,20772509,202.5795291651,4489.60588571671,181.748595795209,750.042509873475,43.130009221336,2076.32146583355,2,1,25,14.430476918821,0,0.133264,150,17-15-2-14-9,M008_S005000|F195_S001400|M009_S000000|M009_S005000|F010_S000000,-+++-,1,0,NaN
5,10,R05_I10,4,GA_DP,Proposed GA-DP,10,20772510,202.5795291651,4489.60588571671,181.748595795209,750.042509873475,43.130009221336,2076.32146583355,2,1,25,14.430476918821,0,0.1332601,150,17-15-2-14-9,M008_S005000|F195_S001400|M009_S000000|M009_S005000|F010_S000000,-+++-,1,0,NaN
5,10,R05_I10,4,GA_DP,Proposed GA-DP,11,20772511,202.5795291651,4489.60588571671,181.748595795209,750.042509873475,43.130009221336,2076.32146583355,2,1,25,14.430476918821,0,0.32212,150,17-15-2-14-9,M008_S005000|F195_S001400|M009_S000000|M009_S005000|F010_S000000,-+++-,1,0,NaN
5,10,R05_I10,4,GA_DP,Proposed GA-DP,12,20772512,202.5795291651,4489.60588571671,181.748595795209,750.042509873475,43.130009221336,2076.32146583355,2,1,25,14.430476918821,0,0.1305284,150,17-15-2-14-9,M008_S005000|F195_S001400|M009_S000000|M009_S005000|F010_S000000,-+++-,1,0,NaN
5,10,R05_I10,4,GA_DP,Proposed GA-DP,13,20772513,202.5795291651,4489.60588571671,181.748595795209,750.042509873475,43.130009221336,2076.32146583355,2,1,25,14.430476918821,0,0.1336079,150,17-15-2-14-9,M008_S005000|F195_S001400|M009_S000000|M009_S005000|F010_S000000,-+++-,1,0,NaN
5,10,R05_I10,4,GA_DP,Proposed GA-DP,14,20772514,202.5795291651,4489.60588571671,181.748595795209,750.042509873475,43.130009221336,2076.32146583355,2,1,25,14.430476918821,0,0.1333691,150,17-15-2-14-9,M008_S005000|F195_S001400|M009_S000000|M009_S005000|F010_S000000,-+++-,1,0,NaN
5,10,R05_I10,4,GA_DP,Proposed GA-DP,15,20772515,202.5795291651,4489.60588571671,181.748595795209,750.042509873475,43.130009221336,2076.32146583355,2,1,25,14.430476918821,0,0.1329481,150,17-15-2-14-9,M008_S005000|F195_S001400|M009_S000000|M009_S005000|F010_S000000,-+++-,1,0,NaN
5,10,R05_I10,4,GA_DP,Proposed GA-DP,16,20772516,202.5795291651,4489.60588571671,181.748595795209,750.042509873475,43.130009221336,2076.32146583355,2,1,25,14.430476918821,0,0.1325039,150,17-15-2-14-9,M008_S005000|F195_S001400|M009_S000000|M009_S005000|F010_S000000,-+++-,1,0,NaN
5,10,R05_I10,4,GA_DP,Proposed GA-DP,17,20772517,202.5795291651,4489.60588571671,181.748595795209,750.042509873475,43.130009221336,2076.32146583355,2,1,25,14.430476918821,0,0.133372,150,17-15-2-14-9,M008_S005000|F195_S001400|M009_S000000|M009_S005000|F010_S000000,-+++-,1,0,NaN
5,10,R05_I10,4,GA_DP,Proposed GA-DP,18,20772518,202.5795291651,4489.60588571671,181.748595795209,750.042509873475,43.130009221336,2076.32146583355,2,1,25,14.430476918821,0,0.1316332,150,17-15-2-14-9,M008_S005000|F195_S001400|M009_S000000|M009_S005000|F010_S000000,-+++-,1,0,NaN
5,10,R05_I10,4,GA_DP,Proposed GA-DP,19,20772519,202.5795291651,4489.60588571671,181.748595795209,750.042509873475,43.130009221336,2076.32146583355,2,1,25,14.430476918821,0,0.13163,150,17-15-2-14-9,M008_S005000|F195_S001400|M009_S000000|M009_S005000|F010_S000000,-+++-,1,0,NaN
5,10,R05_I10,4,GA_DP,Proposed GA-DP,20,20772520,202.5795291651,4489.60588571671,181.748595795209,750.042509873475,43.130009221336,2076.32146583355,2,1,25,14.430476918821,0,0.1457379,150,17-15-2-14-9,M008_S005000|F195_S001400|M009_S000000|M009_S005000|F010_S000000,-+++-,1,0,NaN
5,10,R05_I10,5,EXACT,Exact optimum,1,NaN,202.5795291651,4489.60588571671,181.748595795209,750.042509873475,43.130009221336,2076.32146583355,2,1,25,14.430476918821,0,0.0005779,0,17-15-2-14-9,M008_S005000|F195_S001400|M009_S000000|M009_S005000|F010_S000000,-+++-,1,1,0
10,1,R10_I01,1,FIXED,Fixed order + fixed direction,1,NaN,468.483084310971,11646.1881573239,573.192243384278,1718.4651959031,149.322576062977,6821.45909859072,7,6,25.4421415263987,0,17.5151345544795,2.64e-05,0,18-13-20-16-24-2-3-6-22-5,M001_S006200|M002_S000000|M005_S006200|M005_S011200|M007_S007800|M009_S000000|M009_S010000|F021_S005000|F177_S000000|F301_S010000,++++++++++,1,0,NaN
10,1,R10_I01,2,NN_DP,Nearest neighbour-DP,1,NaN,401.456917608785,8562.40895026932,383.490909668779,1469.4115254375,82.7364202925027,3737.67989153613,4,3,25,14.3070622924978,0.702171050657485,0.0001699,0,13-18-5-20-22-24-2-3-16-6,M002_S000000|M001_S006200|F301_S010000|M005_S006200|F177_S000000|M007_S007800|M009_S000000|M009_S010000|M005_S011200|F021_S005000,-++--+++--,1,0,NaN
10,1,R10_I01,3,JOINT_GA,Joint-encoding GA,1,21263001,399.199864803547,8356.67548181233,387.09360245746,1459.99568670485,80.479367487265,3531.94642307914,4,2,25.8724654789456,14.7888412255744,0.136007889197403,0.2880049,150,13-18-5-6-22-24-2-3-16-20,M002_S000000|M001_S006200|F301_S010000|F021_S005000|F177_S000000|M007_S007800|M009_S000000|M009_S010000|M005_S011200|M005_S006200,-++--+++--,1,0,NaN
10,1,R10_I01,3,JOINT_GA,Joint-encoding GA,2,21263002,399.199864803547,8356.67548181233,387.09360245746,1459.99568670485,80.479367487265,3531.94642307914,4,2,25.8724654789456,14.7888412255744,0.136007889197403,0.2843501,150,13-18-5-6-22-24-2-3-16-20,M002_S000000|M001_S006200|F301_S010000|F021_S005000|F177_S000000|M007_S007800|M009_S000000|M009_S010000|M005_S011200|M005_S006200,-++--+++--,1,0,NaN
10,1,R10_I01,3,JOINT_GA,Joint-encoding GA,3,21263003,399.199864803547,8356.67548181233,387.09360245746,1459.99568670485,80.479367487265,3531.94642307914,4,2,25.8724654789456,14.7888412255744,0.136007889197403,0.3655283,150,13-18-5-6-22-24-2-3-16-20,M002_S000000|M001_S006200|F301_S010000|F021_S005000|F177_S000000|M007_S007800|M009_S000000|M009_S010000|M005_S011200|M005_S006200,-++--+++--,1,0,NaN
10,1,R10_I01,3,JOINT_GA,Joint-encoding GA,4,21263004,399.199864803547,8356.67548181233,387.09360245746,1459.99568670485,80.479367487265,3531.94642307914,4,2,25.8724654789456,14.7888412255744,0.136007889197403,0.31076,150,13-18-5-6-22-24-2-3-16-20,M002_S000000|M001_S006200|F301_S010000|F021_S005000|F177_S000000|M007_S007800|M009_S000000|M009_S010000|M005_S011200|M005_S006200,-++--+++--,1,0,NaN
10,1,R10_I01,3,JOINT_GA,Joint-encoding GA,5,21263005,399.199864803547,8356.67548181233,387.09360245746,1459.99568670485,80.479367487265,3531.94642307914,4,2,25.8724654789456,14.7888412255744,0.136007889197403,0.3647531,150,13-18-5-6-22-24-2-3-16-20,M002_S000000|M001_S006200|F301_S010000|F021_S005000|F177_S000000|M007_S007800|M009_S000000|M009_S010000|M005_S011200|M005_S006200,-++--+++--,1,0,NaN
10,1,R10_I01,3,JOINT_GA,Joint-encoding GA,6,21263006,399.199864803547,8356.67548181233,387.09360245746,1459.99568670485,80.479367487265,3531.94642307914,4,2,25.8724654789456,14.7888412255744,0.136007889197403,0.3011802,150,13-18-5-6-22-24-2-3-16-20,M002_S000000|M001_S006200|F301_S010000|F021_S005000|F177_S000000|M007_S007800|M009_S000000|M009_S010000|M005_S011200|M005_S006200,-++--+++--,1,0,NaN
10,1,R10_I01,3,JOINT_GA,Joint-encoding GA,7,21263007,399.199864803547,8356.67548181233,387.09360245746,1459.99568670485,80.479367487265,3531.94642307914,4,2,25.8724654789456,14.7888412255744,0.136007889197403,0.3043069,150,13-18-5-6-22-24-2-3-16-20,M002_S000000|M001_S006200|F301_S010000|F021_S005000|F177_S000000|M007_S007800|M009_S000000|M009_S010000|M005_S011200|M005_S006200,-++--+++--,1,0,NaN
10,1,R10_I01,3,JOINT_GA,Joint-encoding GA,8,21263008,399.199864803547,8356.67548181233,387.09360245746,1459.99568670485,80.479367487265,3531.94642307914,4,2,25.8724654789456,14.7888412255744,0.136007889197403,0.298802,150,13-18-5-6-22-24-2-3-16-20,M002_S000000|M001_S006200|F301_S010000|F021_S005000|F177_S000000|M007_S007800|M009_S000000|M009_S010000|M005_S011200|M005_S006200,-++--+++--,1,0,NaN
10,1,R10_I01,3,JOINT_GA,Joint-encoding GA,9,21263009,399.199864803547,8356.67548181233,387.09360245746,1459.99568670485,80.479367487265,3531.94642307914,4,2,25.8724654789456,14.7888412255744,0.136007889197403,0.2957613,150,13-18-5-6-22-24-2-3-16-20,M002_S000000|M001_S006200|F301_S010000|F021_S005000|F177_S000000|M007_S007800|M009_S000000|M009_S010000|M005_S011200|M005_S006200,-++--+++--,1,0,NaN
10,1,R10_I01,3,JOINT_GA,Joint-encoding GA,10,21263010,399.199864803547,8356.67548181233,387.09360245746,1459.99568670485,80.479367487265,3531.94642307914,4,2,25.8724654789456,14.7888412255744,0.136007889197403,0.2918718,150,13-18-5-6-22-24-2-3-16-20,M002_S000000|M001_S006200|F301_S010000|F021_S005000|F177_S000000|M007_S007800|M009_S000000|M009_S010000|M005_S011200|M005_S006200,-++--+++--,1,0,NaN
10,1,R10_I01,3,JOINT_GA,Joint-encoding GA,11,21263011,399.199864803547,8356.67548181233,387.09360245746,1459.99568670485,80.479367487265,3531.94642307914,4,2,25.8724654789456,14.7888412255744,0.136007889197403,0.3021511,150,13-18-5-6-22-24-2-3-16-20,M002_S000000|M001_S006200|F301_S010000|F021_S005000|F177_S000000|M007_S007800|M009_S000000|M009_S010000|M005_S011200|M005_S006200,-++--+++--,1,0,NaN
10,1,R10_I01,3,JOINT_GA,Joint-encoding GA,12,21263012,399.199864803547,8356.67548181233,387.09360245746,1459.99568670485,80.479367487265,3531.94642307914,4,2,25.8724654789456,14.7888412255744,0.136007889197403,0.2968698,150,13-18-5-6-22-24-2-3-16-20,M002_S000000|M001_S006200|F301_S010000|F021_S005000|F177_S000000|M007_S007800|M009_S000000|M009_S010000|M005_S011200|M005_S006200,-++--+++--,1,0,NaN
10,1,R10_I01,3,JOINT_GA,Joint-encoding GA,13,21263013,399.199864803547,8356.67548181233,387.09360245746,1459.99568670485,80.479367487265,3531.94642307914,4,2,25.8724654789456,14.7888412255744,0.136007889197403,0.2877481,150,13-18-5-6-22-24-2-3-16-20,M002_S000000|M001_S006200|F301_S010000|F021_S005000|F177_S000000|M007_S007800|M009_S000000|M009_S010000|M005_S011200|M005_S006200,-++--+++--,1,0,NaN
10,1,R10_I01,3,JOINT_GA,Joint-encoding GA,14,21263014,399.199864803547,8356.67548181233,387.09360245746,1459.99568670485,80.479367487265,3531.94642307914,4,2,25.8724654789456,14.7888412255744,0.136007889197403,0.2886867,150,13-18-5-6-22-24-2-3-16-20,M002_S000000|M001_S006200|F301_S010000|F021_S005000|F177_S000000|M007_S007800|M009_S000000|M009_S010000|M005_S011200|M005_S006200,-++--+++--,1,0,NaN
10,1,R10_I01,3,JOINT_GA,Joint-encoding GA,15,21263015,399.199864803547,8356.67548181233,387.09360245746,1459.99568670485,80.479367487265,3531.94642307914,4,2,25.8724654789456,14.7888412255744,0.136007889197403,0.2850955,150,13-18-5-6-22-24-2-3-16-20,M002_S000000|M001_S006200|F301_S010000|F021_S005000|F177_S000000|M007_S007800|M009_S000000|M009_S010000|M005_S011200|M005_S006200,-++--+++--,1,0,NaN
10,1,R10_I01,3,JOINT_GA,Joint-encoding GA,16,21263016,399.199864803547,8356.67548181233,387.09360245746,1459.99568670485,80.479367487265,3531.94642307914,4,2,25.8724654789456,14.7888412255744,0.136007889197403,0.2884757,150,13-18-5-6-22-24-2-3-16-20,M002_S000000|M001_S006200|F301_S010000|F021_S005000|F177_S000000|M007_S007800|M009_S000000|M009_S010000|M005_S011200|M005_S006200,-++--+++--,1,0,NaN
10,1,R10_I01,3,JOINT_GA,Joint-encoding GA,17,21263017,399.199864803547,8356.67548181233,387.09360245746,1459.99568670485,80.479367487265,3531.94642307914,4,2,25.8724654789456,14.7888412255744,0.136007889197403,0.2925908,150,13-18-5-6-22-24-2-3-16-20,M002_S000000|M001_S006200|F301_S010000|F021_S005000|F177_S000000|M007_S007800|M009_S000000|M009_S010000|M005_S011200|M005_S006200,-++--+++--,1,0,NaN
10,1,R10_I01,3,JOINT_GA,Joint-encoding GA,18,21263018,399.199864803547,8356.67548181233,387.09360245746,1459.99568670485,80.479367487265,3531.94642307914,4,2,25.8724654789456,14.7888412255744,0.136007889197403,0.2939355,150,13-18-5-6-22-24-2-3-16-20,M002_S000000|M001_S006200|F301_S010000|F021_S005000|F177_S000000|M007_S007800|M009_S000000|M009_S010000|M005_S011200|M005_S006200,-++--+++--,1,0,NaN
10,1,R10_I01,3,JOINT_GA,Joint-encoding GA,19,21263019,401.456917608785,8562.40895026932,383.490909668779,1469.4115254375,82.7364202925027,3737.67989153613,4,3,25,14.3070622924978,0.702171050657485,0.2899696,150,13-18-5-20-22-24-2-3-16-6,M002_S000000|M001_S006200|F301_S010000|M005_S006200|F177_S000000|M007_S007800|M009_S000000|M009_S010000|M005_S011200|F021_S005000,-++--+++--,1,0,NaN
10,1,R10_I01,3,JOINT_GA,Joint-encoding GA,20,21263020,399.199864803547,8356.67548181233,387.09360245746,1459.99568670485,80.479367487265,3531.94642307914,4,2,25.8724654789456,14.7888412255744,0.136007889197403,0.2866626,150,13-18-5-6-22-24-2-3-16-20,M002_S000000|M001_S006200|F301_S010000|F021_S005000|F177_S000000|M007_S007800|M009_S000000|M009_S010000|M005_S011200|M005_S006200,-++--+++--,1,0,NaN
10,1,R10_I01,4,GA_DP,Proposed GA-DP,1,21263501,398.657658936504,8391.98378799284,385.384854995631,1458.66013408397,79.8178409366273,3567.25472925965,4,2,25.8724654789456,14.9045777132303,0,0.1560453,150,13-18-5-16-3-2-24-22-6-20,M002_S000000|M001_S006200|F301_S010000|M005_S011200|M009_S010000|M009_S000000|M007_S007800|F177_S000000|F021_S005000|M005_S006200,-+++---++-,1,0,NaN
10,1,R10_I01,4,GA_DP,Proposed GA-DP,2,21263502,398.657658936504,8391.98378799284,385.384854995631,1458.66013408397,79.8178409366273,3567.25472925965,4,2,25.8724654789456,14.9045777132303,0,0.1676824,150,13-18-5-16-3-2-24-22-6-20,M002_S000000|M001_S006200|F301_S010000|M005_S011200|M009_S010000|M009_S000000|M007_S007800|F177_S000000|F021_S005000|M005_S006200,-+++---++-,1,0,NaN
10,1,R10_I01,4,GA_DP,Proposed GA-DP,3,21263503,398.657658936504,8391.98378799284,385.384854995631,1458.66013408397,79.8178409366273,3567.25472925965,4,2,25.8724654789456,14.9045777132303,0,0.1744615,150,13-18-5-16-3-2-24-22-6-20,M002_S000000|M001_S006200|F301_S010000|M005_S011200|M009_S010000|M009_S000000|M007_S007800|F177_S000000|F021_S005000|M005_S006200,-+++---++-,1,0,NaN
10,1,R10_I01,4,GA_DP,Proposed GA-DP,4,21263504,398.657658936504,8391.98378799284,385.384854995631,1458.66013408397,79.8178409366273,3567.25472925965,4,2,25.8724654789456,14.9045777132303,0,0.1848128,150,13-18-5-16-3-2-24-22-6-20,M002_S000000|M001_S006200|F301_S010000|M005_S011200|M009_S010000|M009_S000000|M007_S007800|F177_S000000|F021_S005000|M005_S006200,-+++---++-,1,0,NaN
10,1,R10_I01,4,GA_DP,Proposed GA-DP,5,21263505,398.657658936504,8391.98378799284,385.384854995631,1458.66013408397,79.8178409366273,3567.25472925965,4,2,25.8724654789456,14.9045777132303,0,0.1594859,150,13-18-5-16-3-2-24-22-6-20,M002_S000000|M001_S006200|F301_S010000|M005_S011200|M009_S010000|M009_S000000|M007_S007800|F177_S000000|F021_S005000|M005_S006200,-+++---++-,1,0,NaN
10,1,R10_I01,4,GA_DP,Proposed GA-DP,6,21263506,398.657658936504,8391.98378799284,385.384854995631,1458.66013408397,79.8178409366273,3567.25472925965,4,2,25.8724654789456,14.9045777132303,0,0.1607518,150,13-18-5-16-3-2-24-22-6-20,M002_S000000|M001_S006200|F301_S010000|M005_S011200|M009_S010000|M009_S000000|M007_S007800|F177_S000000|F021_S005000|M005_S006200,-+++---++-,1,0,NaN
10,1,R10_I01,4,GA_DP,Proposed GA-DP,7,21263507,398.657658936504,8391.98378799284,385.384854995631,1458.66013408397,79.8178409366273,3567.25472925965,4,2,25.8724654789456,14.9045777132303,0,0.1674482,150,13-18-5-16-3-2-24-22-6-20,M002_S000000|M001_S006200|F301_S010000|M005_S011200|M009_S010000|M009_S000000|M007_S007800|F177_S000000|F021_S005000|M005_S006200,-+++---++-,1,0,NaN
10,1,R10_I01,4,GA_DP,Proposed GA-DP,8,21263508,398.657658936504,8391.98378799284,385.384854995631,1458.66013408397,79.8178409366273,3567.25472925965,4,2,25.8724654789456,14.9045777132303,0,0.159153,150,13-18-5-16-3-2-24-22-6-20,M002_S000000|M001_S006200|F301_S010000|M005_S011200|M009_S010000|M009_S000000|M007_S007800|F177_S000000|F021_S005000|M005_S006200,-+++---++-,1,0,NaN
10,1,R10_I01,4,GA_DP,Proposed GA-DP,9,21263509,398.657658936504,8391.98378799284,385.384854995631,1458.66013408397,79.8178409366273,3567.25472925965,4,2,25.8724654789456,14.9045777132303,0,0.1686403,150,13-18-5-16-3-2-24-22-6-20,M002_S000000|M001_S006200|F301_S010000|M005_S011200|M009_S010000|M009_S000000|M007_S007800|F177_S000000|F021_S005000|M005_S006200,-+++---++-,1,0,NaN
10,1,R10_I01,4,GA_DP,Proposed GA-DP,10,21263510,398.657658936504,8391.98378799284,385.384854995631,1458.66013408397,79.8178409366273,3567.25472925965,4,2,25.8724654789456,14.9045777132303,0,0.159178,150,13-18-5-16-3-2-24-22-6-20,M002_S000000|M001_S006200|F301_S010000|M005_S011200|M009_S010000|M009_S000000|M007_S007800|F177_S000000|F021_S005000|M005_S006200,-+++---++-,1,0,NaN
10,1,R10_I01,4,GA_DP,Proposed GA-DP,11,21263511,398.657658936504,8391.98378799284,385.384854995631,1458.66013408397,79.8178409366273,3567.25472925965,4,2,25.8724654789456,14.9045777132303,0,0.1593485,150,13-18-5-16-3-2-24-22-6-20,M002_S000000|M001_S006200|F301_S010000|M005_S011200|M009_S010000|M009_S000000|M007_S007800|F177_S000000|F021_S005000|M005_S006200,-+++---++-,1,0,NaN
10,1,R10_I01,4,GA_DP,Proposed GA-DP,12,21263512,398.657658936504,8391.98378799284,385.384854995631,1458.66013408397,79.8178409366273,3567.25472925965,4,2,25.8724654789456,14.9045777132303,0,0.1591556,150,13-18-5-16-3-2-24-22-6-20,M002_S000000|M001_S006200|F301_S010000|M005_S011200|M009_S010000|M009_S000000|M007_S007800|F177_S000000|F021_S005000|M005_S006200,-+++---++-,1,0,NaN
10,1,R10_I01,4,GA_DP,Proposed GA-DP,13,21263513,398.657658936504,8391.98378799284,385.384854995631,1458.66013408397,79.8178409366273,3567.25472925965,4,2,25.8724654789456,14.9045777132303,0,0.1553729,150,13-18-5-16-3-2-24-22-6-20,M002_S000000|M001_S006200|F301_S010000|M005_S011200|M009_S010000|M009_S000000|M007_S007800|F177_S000000|F021_S005000|M005_S006200,-+++---++-,1,0,NaN
10,1,R10_I01,4,GA_DP,Proposed GA-DP,14,21263514,398.657658936504,8391.98378799284,385.384854995631,1458.66013408397,79.8178409366273,3567.25472925965,4,2,25.8724654789456,14.9045777132303,0,0.1564476,150,13-18-5-16-3-2-24-22-6-20,M002_S000000|M001_S006200|F301_S010000|M005_S011200|M009_S010000|M009_S000000|M007_S007800|F177_S000000|F021_S005000|M005_S006200,-+++---++-,1,0,NaN
10,1,R10_I01,4,GA_DP,Proposed GA-DP,15,21263515,398.657658936504,8391.98378799284,385.384854995631,1458.66013408397,79.8178409366273,3567.25472925965,4,2,25.8724654789456,14.9045777132303,0,0.1557119,150,13-18-5-16-3-2-24-22-6-20,M002_S000000|M001_S006200|F301_S010000|M005_S011200|M009_S010000|M009_S000000|M007_S007800|F177_S000000|F021_S005000|M005_S006200,-+++---++-,1,0,NaN
10,1,R10_I01,4,GA_DP,Proposed GA-DP,16,21263516,398.657658936504,8391.98378799284,385.384854995631,1458.66013408397,79.8178409366273,3567.25472925965,4,2,25.8724654789456,14.9045777132303,0,0.1561421,150,13-18-5-16-3-2-24-22-6-20,M002_S000000|M001_S006200|F301_S010000|M005_S011200|M009_S010000|M009_S000000|M007_S007800|F177_S000000|F021_S005000|M005_S006200,-+++---++-,1,0,NaN
10,1,R10_I01,4,GA_DP,Proposed GA-DP,17,21263517,398.657658936504,8391.98378799284,385.384854995631,1458.66013408397,79.8178409366273,3567.25472925965,4,2,25.8724654789456,14.9045777132303,0,0.1580293,150,13-18-5-16-3-2-24-22-6-20,M002_S000000|M001_S006200|F301_S010000|M005_S011200|M009_S010000|M009_S000000|M007_S007800|F177_S000000|F021_S005000|M005_S006200,-+++---++-,1,0,NaN
10,1,R10_I01,4,GA_DP,Proposed GA-DP,18,21263518,398.657658936504,8391.98378799284,385.384854995631,1458.66013408397,79.8178409366273,3567.25472925965,4,2,25.8724654789456,14.9045777132303,0,0.1559113,150,13-18-5-16-3-2-24-22-6-20,M002_S000000|M001_S006200|F301_S010000|M005_S011200|M009_S010000|M009_S000000|M007_S007800|F177_S000000|F021_S005000|M005_S006200,-+++---++-,1,0,NaN
10,1,R10_I01,4,GA_DP,Proposed GA-DP,19,21263519,398.657658936504,8391.98378799284,385.384854995631,1458.66013408397,79.8178409366273,3567.25472925965,4,2,25.8724654789456,14.9045777132303,0,0.1632314,150,13-18-5-16-3-2-24-22-6-20,M002_S000000|M001_S006200|F301_S010000|M005_S011200|M009_S010000|M009_S000000|M007_S007800|F177_S000000|F021_S005000|M005_S006200,-+++---++-,1,0,NaN
10,1,R10_I01,4,GA_DP,Proposed GA-DP,20,21263520,398.657658936504,8391.98378799284,385.384854995631,1458.66013408397,79.8178409366273,3567.25472925965,4,2,25.8724654789456,14.9045777132303,0,0.1571254,150,13-18-5-16-3-2-24-22-6-20,M002_S000000|M001_S006200|F301_S010000|M005_S011200|M009_S010000|M009_S000000|M007_S007800|F177_S000000|F021_S005000|M005_S006200,-+++---++-,1,0,NaN
10,1,R10_I01,5,EXACT,Exact optimum,1,NaN,398.657658936504,8391.98378799284,385.384854995631,1458.66013408397,79.8178409366273,3567.25472925965,4,2,25.8724654789456,14.9045777132303,0,0.0493457,0,13-18-5-16-3-2-24-22-6-20,M002_S000000|M001_S006200|F301_S010000|M005_S011200|M009_S010000|M009_S000000|M007_S007800|F177_S000000|F021_S005000|M005_S006200,-+++---++-,1,1,0
10,2,R10_I02,1,FIXED,Fixed order + fixed direction,1,NaN,496.260260456999,12686.7330647452,710.20164129514,1779.97355067505,177.056317944259,7858.62614660903,9,8,25,0,26.1601165680111,2.86e-05,0,18-13-16-3-25-11-6-7-12-5,M001_S006200|M002_S000000|M005_S011200|M009_S010000|F003_S000000|F005_S005000|F021_S005000|F073_S005000|F132_S000000|F301_S010000,++++++++++,1,0,NaN
10,2,R10_I02,2,NN_DP,Nearest neighbour-DP,1,NaN,423.471971271581,9344.07232468508,516.061619187063,1540.86130087069,104.448662772956,4515.96540654887,5,5,25,14.6673620648947,7.65575548948774,0.0001917,0,25-11-18-13-12-7-6-16-3-5,F003_S000000|F005_S005000|M001_S006200|M002_S000000|F132_S000000|F073_S005000|F021_S005000|M005_S011200|M009_S010000|F301_S010000,+--+++++--,1,0,NaN
10,2,R10_I02,3,JOINT_GA,Joint-encoding GA,1,21264001,394.614070843252,8406.76327508843,369.028985612755,1456.78599104533,75.5843242811566,3578.65635695221,5,5,25,20.4824358734955,0.319451594040971,0.2860747,150,25-11-5-18-13-7-12-16-3-6,F003_S000000|F005_S005000|F301_S010000|M001_S006200|M002_S000000|F073_S005000|F132_S000000|M005_S011200|M009_S010000|F021_S005000,+---+--+--,1,0,NaN
10,2,R10_I02,3,JOINT_GA,Joint-encoding GA,2,21264002,402.558380609595,8594.37079146721,419.599917756873,1480.27336175686,83.3990386604007,3766.26387333099,5,4,25,18.8816005055723,2.33906736027484,0.2843337,150,25-11-5-18-13-7-6-16-3-12,F003_S000000|F005_S005000|F301_S010000|M001_S006200|M002_S000000|F073_S005000|F021_S005000|M005_S011200|M009_S010000|F132_S000000,+---++++--,1,0,NaN
10,2,R10_I02,3,JOINT_GA,Joint-encoding GA,3,21264003,396.520286594763,8229.20742150914,406.619084138806,1459.1729412171,77.4446617359874,3401.10050337293,5,4,25.8724654789456,20.0983197345655,0.804052962671609,0.285119,150,11-5-18-13-25-16-3-6-7-12,F005_S005000|F301_S010000|M001_S006200|M002_S000000|F003_S000000|M005_S011200|M009_S010000|F021_S005000|F073_S005000|F132_S000000,+--+++----,1,0,NaN
10,2,R10_I02,3,JOINT_GA,Joint-encoding GA,4,21264004,406.155747303326,8707.24252218735,434.773688607301,1487.81164001829,87.1005514488718,3879.13560405114,5,5,25,18.1567053285098,3.25359596065288,0.3026866,150,7-12-6-3-16-25-11-5-18-13,F073_S005000|F132_S000000|F021_S005000|M009_S010000|M005_S011200|F003_S000000|F005_S005000|F301_S010000|M001_S006200|M002_S000000,--++--+--+,1,0,NaN
10,2,R10_I02,3,JOINT_GA,Joint-encoding GA,5,21264005,398.057439190182,8241.38763992496,410.373710691961,1460.60697557279,79.0290502612761,3413.28072178875,5,5,25,19.7885724672742,1.19483047615255,0.2960451,150,13-18-5-11-25-7-6-3-16-12,M002_S000000|M001_S006200|F301_S010000|F005_S005000|F003_S000000|F073_S005000|F021_S005000|M009_S010000|M005_S011200|F132_S000000,-+++-+++-+,1,0,NaN
10,2,R10_I02,3,JOINT_GA,Joint-encoding GA,6,21264006,414.930968373368,9018.2427257929,496.582867153409,1511.84257565055,95.7586452430104,4190.13580765668,3,3,25,16.388435376376,5.48444739350189,0.3019264,150,18-5-25-12-7-6-16-3-11-13,M001_S006200|F301_S010000|F003_S000000|F132_S000000|F073_S005000|F021_S005000|M005_S011200|M009_S010000|F005_S005000|M002_S000000,++-++++--+,1,0,NaN
10,2,R10_I02,3,JOINT_GA,Joint-encoding GA,7,21264007,399.18325019136,8312.24874824836,391.216368702262,1460.66489655758,80.1997308108949,3484.14183011214,4,4,25,19.5617134799877,1.48103603895826,0.3002358,150,11-5-18-13-25-12-7-6-3-16,F005_S005000|F301_S010000|M001_S006200|M002_S000000|F003_S000000|F132_S000000|F073_S005000|F021_S005000|M009_S010000|M005_S011200,+--++++++-,1,0,NaN
10,2,R10_I02,3,JOINT_GA,Joint-encoding GA,8,21264008,398.057439190182,8241.38763992496,410.373710691961,1460.60697557279,79.0290502612761,3413.28072178875,5,5,25,19.7885724672742,1.19483047615255,0.3051724,150,13-18-5-11-25-7-6-3-16-12,M002_S000000|M001_S006200|F301_S010000|F005_S005000|F003_S000000|F073_S005000|F021_S005000|M009_S010000|M005_S011200|F132_S000000,-+++-+++-+,1,0,NaN
10,2,R10_I02,3,JOINT_GA,Joint-encoding GA,9,21264009,393.357484090047,8422.49598079819,358.551869053729,1460.20038189263,74.2369896828303,3594.38906266198,5,5,25,20.7356471123016,0,0.3297117,150,13-18-5-11-25-7-12-16-3-6,M002_S000000|M001_S006200|F301_S010000|F005_S005000|F003_S000000|F073_S005000|F132_S000000|M005_S011200|M009_S010000|F021_S005000,-+++---+--,1,0,NaN
10,2,R10_I02,3,JOINT_GA,Joint-encoding GA,10,21264010,396.520286594763,8229.20742150914,406.619084138806,1459.1729412171,77.4446617359874,3401.10050337293,5,4,25.8724654789456,20.0983197345655,0.804052962671609,0.3142667,150,11-5-18-13-25-16-3-6-7-12,F005_S005000|F301_S010000|M001_S006200|M002_S000000|F003_S000000|M005_S011200|M009_S010000|F021_S005000|F073_S005000|F132_S000000,+--+++----,1,0,NaN
10,2,R10_I02,3,JOINT_GA,Joint-encoding GA,11,21264011,412.307214103378,8991.21604613395,457.32302891552,1504.23143748745,93.2839056047523,4163.10912799773,4,4,25,16.9171406705647,4.81743217805225,0.2976653,150,25-12-7-6-16-3-11-5-18-13,F003_S000000|F132_S000000|F073_S005000|F021_S005000|M005_S011200|M009_S010000|F005_S005000|F301_S010000|M001_S006200|M002_S000000,+++++----+,1,0,NaN
10,2,R10_I02,3,JOINT_GA,Joint-encoding GA,12,21264012,412.307214103378,8991.21604613395,457.32302891552,1504.23143748745,93.2839056047523,4163.10912799773,4,4,25,16.9171406705647,4.81743217805225,0.3004597,150,25-12-7-6-16-3-11-5-18-13,F003_S000000|F132_S000000|F073_S005000|F021_S005000|M005_S011200|M009_S010000|F005_S005000|F301_S010000|M001_S006200|M002_S000000,+++++----+,1,0,NaN
10,2,R10_I02,3,JOINT_GA,Joint-encoding GA,13,21264013,398.057439190182,8241.38763992496,410.373710691961,1460.60697557279,79.0290502612761,3413.28072178875,5,5,25,19.7885724672742,1.19483047615255,0.2920027,150,13-18-5-11-25-7-6-3-16-12,M002_S000000|M001_S006200|F301_S010000|F005_S005000|F003_S000000|F073_S005000|F021_S005000|M009_S010000|M005_S011200|F132_S000000,-+++-+++-+,1,0,NaN
10,2,R10_I02,3,JOINT_GA,Joint-encoding GA,14,21264014,394.614070843252,8406.76327508843,369.028985612755,1456.78599104533,75.5843242811566,3578.65635695221,5,5,25,20.4824358734955,0.319451594040971,0.2954898,150,25-11-5-18-13-7-12-16-3-6,F003_S000000|F005_S005000|F301_S010000|M001_S006200|M002_S000000|F073_S005000|F132_S000000|M005_S011200|M009_S010000|F021_S005000,+---+--+--,1,0,NaN
10,2,R10_I02,3,JOINT_GA,Joint-encoding GA,15,21264015,393.357484090047,8422.49598079819,358.551869053729,1460.20038189263,74.2369896828303,3594.38906266198,5,5,25,20.7356471123016,0,0.2940526,150,13-18-5-11-25-7-12-16-3-6,M002_S000000|M001_S006200|F301_S010000|F005_S005000|F003_S000000|F073_S005000|F132_S000000|M005_S011200|M009_S010000|F021_S005000,-+++---+--,1,0,NaN
10,2,R10_I02,3,JOINT_GA,Joint-encoding GA,16,21264016,410.123472731266,8852.64688832668,437.938365833408,1506.63750413568,90.9826094619706,4024.53997019047,5,5,25,17.3571802115307,4.26227778022424,0.2910837,150,11-5-18-13-7-12-6-16-3-25,F005_S005000|F301_S010000|M001_S006200|M002_S000000|F073_S005000|F132_S000000|F021_S005000|M005_S011200|M009_S010000|F003_S000000,+--+--++--,1,0,NaN
10,2,R10_I02,3,JOINT_GA,Joint-encoding GA,17,21264017,400.963657709899,8512.51318675586,416.791007964592,1480.35618771796,81.7135679155834,3684.40626861964,5,4,25,19.2029486018772,1.93365422738753,0.289724,150,13-18-5-11-25-7-6-16-3-12,M002_S000000|M001_S006200|F301_S010000|F005_S005000|F003_S000000|F073_S005000|F021_S005000|M005_S011200|M009_S010000|F132_S000000,-+++-+++--,1,0,NaN
10,2,R10_I02,3,JOINT_GA,Joint-encoding GA,18,21264018,410.123472731266,8852.64688832668,437.938365833408,1506.63750413568,90.9826094619706,4024.53997019047,5,5,25,17.3571802115307,4.26227778022424,0.2867051,150,11-5-18-13-7-12-6-16-3-25,F005_S005000|F301_S010000|M001_S006200|M002_S000000|F073_S005000|F132_S000000|F021_S005000|M005_S011200|M009_S010000|F003_S000000,+--+--++--,1,0,NaN
10,2,R10_I02,3,JOINT_GA,Joint-encoding GA,19,21264019,393.357484090047,8422.49598079819,358.551869053729,1460.20038189263,74.2369896828303,3594.38906266198,5,5,25,20.7356471123016,0,0.2904948,150,13-18-5-11-25-7-12-16-3-6,M002_S000000|M001_S006200|F301_S010000|F005_S005000|F003_S000000|F073_S005000|F132_S000000|M005_S011200|M009_S010000|F021_S005000,-+++---+--,1,0,NaN
10,2,R10_I02,3,JOINT_GA,Joint-encoding GA,20,21264020,412.307214103378,8991.21604613395,457.32302891552,1504.23143748745,93.2839056047523,4163.10912799773,4,4,25,16.9171406705647,4.81743217805225,0.2896406,150,25-12-7-6-16-3-11-5-18-13,F003_S000000|F132_S000000|F073_S005000|F021_S005000|M005_S011200|M009_S010000|F005_S005000|F301_S010000|M001_S006200|M002_S000000,+++++----+,1,0,NaN
10,2,R10_I02,4,GA_DP,Proposed GA-DP,1,21264501,393.436378598657,8067.43800749667,406.619084138806,1446.98399265273,74.3787361138023,3239.33108936046,5,4,25.8724654789456,20.7197493032493,0.0200566944321249,0.1557618,150,13-18-5-11-25-16-3-6-7-12,M002_S000000|M001_S006200|F301_S010000|F005_S005000|F003_S000000|M005_S011200|M009_S010000|F021_S005000|F073_S005000|F132_S000000,-++-++----,1,0,NaN
10,2,R10_I02,4,GA_DP,Proposed GA-DP,2,21264502,393.436378598657,8067.43800749667,406.619084138806,1446.98399265273,74.3787361138023,3239.33108936046,5,4,25.8724654789456,20.7197493032493,0.0200566944321249,0.1566856,150,13-18-5-11-25-16-3-6-7-12,M002_S000000|M001_S006200|F301_S010000|F005_S005000|F003_S000000|M005_S011200|M009_S010000|F021_S005000|F073_S005000|F132_S000000,-++-++----,1,0,NaN
10,2,R10_I02,4,GA_DP,Proposed GA-DP,3,21264503,393.357484090047,8422.49598079819,358.551869053729,1460.20038189263,74.2369896828303,3594.38906266198,5,5,25,20.7356471123016,0,0.1592219,150,13-18-5-11-25-7-12-16-3-6,M002_S000000|M001_S006200|F301_S010000|F005_S005000|F003_S000000|F073_S005000|F132_S000000|M005_S011200|M009_S010000|F021_S005000,-+++---+--,1,0,NaN
10,2,R10_I02,4,GA_DP,Proposed GA-DP,4,21264504,393.436378598657,8067.43800749667,406.619084138806,1446.98399265273,74.3787361138023,3239.33108936046,5,4,25.8724654789456,20.7197493032493,0.0200566944321249,0.1633331,150,13-18-5-11-25-16-3-6-7-12,M002_S000000|M001_S006200|F301_S010000|F005_S005000|F003_S000000|M005_S011200|M009_S010000|F021_S005000|F073_S005000|F132_S000000,-++-++----,1,0,NaN
10,2,R10_I02,4,GA_DP,Proposed GA-DP,5,21264505,393.436378598657,8067.43800749667,406.619084138806,1446.98399265273,74.3787361138023,3239.33108936046,5,4,25.8724654789456,20.7197493032493,0.0200566944321249,0.1702254,150,13-18-5-11-25-16-3-6-7-12,M002_S000000|M001_S006200|F301_S010000|F005_S005000|F003_S000000|M005_S011200|M009_S010000|F021_S005000|F073_S005000|F132_S000000,-++-++----,1,0,NaN
10,2,R10_I02,4,GA_DP,Proposed GA-DP,6,21264506,393.436378598657,8067.43800749667,406.619084138806,1446.98399265273,74.3787361138023,3239.33108936046,5,4,25.8724654789456,20.7197493032493,0.0200566944321249,0.1676143,150,13-18-5-11-25-16-3-6-7-12,M002_S000000|M001_S006200|F301_S010000|F005_S005000|F003_S000000|M005_S011200|M009_S010000|F021_S005000|F073_S005000|F132_S000000,-++-++----,1,0,NaN
10,2,R10_I02,4,GA_DP,Proposed GA-DP,7,21264507,393.357484090047,8422.49598079819,358.551869053729,1460.20038189263,74.2369896828303,3594.38906266198,5,5,25,20.7356471123016,0,0.1643193,150,13-18-5-11-25-7-12-16-3-6,M002_S000000|M001_S006200|F301_S010000|F005_S005000|F003_S000000|F073_S005000|F132_S000000|M005_S011200|M009_S010000|F021_S005000,-+++---+--,1,0,NaN
10,2,R10_I02,4,GA_DP,Proposed GA-DP,8,21264508,400.036834922044,8723.24695811183,373.357040617272,1477.56229955761,80.9295754262579,3895.14003997561,6,5,25,19.3897100377016,1.69803578224744,0.1645616,150,18-5-13-11-25-7-12-16-3-6,M001_S006200|F301_S010000|M002_S000000|F005_S005000|F003_S000000|F073_S005000|F132_S000000|M005_S011200|M009_S010000|F021_S005000,+-++---+--,1,0,NaN
10,2,R10_I02,4,GA_DP,Proposed GA-DP,9,21264509,393.357484090047,8422.49598079819,358.551869053729,1460.20038189263,74.2369896828303,3594.38906266198,5,5,25,20.7356471123016,0,0.1645839,150,13-18-5-11-25-7-12-16-3-6,M002_S000000|M001_S006200|F301_S010000|F005_S005000|F003_S000000|F073_S005000|F132_S000000|M005_S011200|M009_S010000|F021_S005000,-+++---+--,1,0,NaN
10,2,R10_I02,4,GA_DP,Proposed GA-DP,10,21264510,393.436378598657,8067.43800749667,406.619084138806,1446.98399265273,74.3787361138023,3239.33108936046,5,4,25.8724654789456,20.7197493032493,0.0200566944321249,0.1737648,150,13-18-5-11-25-16-3-6-7-12,M002_S000000|M001_S006200|F301_S010000|F005_S005000|F003_S000000|M005_S011200|M009_S010000|F021_S005000|F073_S005000|F132_S000000,-++-++----,1,0,NaN
10,2,R10_I02,4,GA_DP,Proposed GA-DP,11,21264511,393.436378598657,8067.43800749667,406.619084138806,1446.98399265273,74.3787361138023,3239.33108936046,5,4,25.8724654789456,20.7197493032493,0.0200566944321249,0.1635216,150,13-18-5-11-25-16-3-6-7-12,M002_S000000|M001_S006200|F301_S010000|F005_S005000|F003_S000000|M005_S011200|M009_S010000|F021_S005000|F073_S005000|F132_S000000,-++-++----,1,0,NaN
10,2,R10_I02,4,GA_DP,Proposed GA-DP,12,21264512,393.357484090047,8422.49598079819,358.551869053729,1460.20038189263,74.2369896828303,3594.38906266198,5,5,25,20.7356471123016,0,0.1564186,150,13-18-5-11-25-7-12-16-3-6,M002_S000000|M001_S006200|F301_S010000|F005_S005000|F003_S000000|F073_S005000|F132_S000000|M005_S011200|M009_S010000|F021_S005000,-+++---+--,1,0,NaN
10,2,R10_I02,4,GA_DP,Proposed GA-DP,13,21264513,393.436378598657,8067.43800749667,406.619084138806,1446.98399265273,74.3787361138023,3239.33108936046,5,4,25.8724654789456,20.7197493032493,0.0200566944321249,0.1562406,150,13-18-5-11-25-16-3-6-7-12,M002_S000000|M001_S006200|F301_S010000|F005_S005000|F003_S000000|M005_S011200|M009_S010000|F021_S005000|F073_S005000|F132_S000000,-++-++----,1,0,NaN
10,2,R10_I02,4,GA_DP,Proposed GA-DP,14,21264514,393.436378598657,8067.43800749667,406.619084138806,1446.98399265273,74.3787361138023,3239.33108936046,5,4,25.8724654789456,20.7197493032493,0.0200566944321249,0.1578809,150,13-18-5-11-25-16-3-6-7-12,M002_S000000|M001_S006200|F301_S010000|F005_S005000|F003_S000000|M005_S011200|M009_S010000|F021_S005000|F073_S005000|F132_S000000,-++-++----,1,0,NaN
10,2,R10_I02,4,GA_DP,Proposed GA-DP,15,21264515,393.436378598657,8067.43800749667,406.619084138806,1446.98399265273,74.3787361138023,3239.33108936046,5,4,25.8724654789456,20.7197493032493,0.0200566944321249,0.1607933,150,13-18-5-11-25-16-3-6-7-12,M002_S000000|M001_S006200|F301_S010000|F005_S005000|F003_S000000|M005_S011200|M009_S010000|F021_S005000|F073_S005000|F132_S000000,-++-++----,1,0,NaN
10,2,R10_I02,4,GA_DP,Proposed GA-DP,16,21264516,393.436378598657,8067.43800749667,406.619084138806,1446.98399265273,74.3787361138023,3239.33108936046,5,4,25.8724654789456,20.7197493032493,0.0200566944321249,0.1572572,150,13-18-5-11-25-16-3-6-7-12,M002_S000000|M001_S006200|F301_S010000|F005_S005000|F003_S000000|M005_S011200|M009_S010000|F021_S005000|F073_S005000|F132_S000000,-++-++----,1,0,NaN
10,2,R10_I02,4,GA_DP,Proposed GA-DP,17,21264517,393.436378598657,8067.43800749667,406.619084138806,1446.98399265273,74.3787361138023,3239.33108936046,5,4,25.8724654789456,20.7197493032493,0.0200566944321249,0.1536973,150,13-18-5-11-25-16-3-6-7-12,M002_S000000|M001_S006200|F301_S010000|F005_S005000|F003_S000000|M005_S011200|M009_S010000|F021_S005000|F073_S005000|F132_S000000,-++-++----,1,0,NaN
10,2,R10_I02,4,GA_DP,Proposed GA-DP,18,21264518,393.436378598657,8067.43800749667,406.619084138806,1446.98399265273,74.3787361138023,3239.33108936046,5,4,25.8724654789456,20.7197493032493,0.0200566944321249,0.1608256,150,13-18-5-11-25-16-3-6-7-12,M002_S000000|M001_S006200|F301_S010000|F005_S005000|F003_S000000|M005_S011200|M009_S010000|F021_S005000|F073_S005000|F132_S000000,-++-++----,1,0,NaN
10,2,R10_I02,4,GA_DP,Proposed GA-DP,19,21264519,393.436378598657,8067.43800749667,406.619084138806,1446.98399265273,74.3787361138023,3239.33108936046,5,4,25.8724654789456,20.7197493032493,0.0200566944321249,0.1603951,150,13-18-5-11-25-16-3-6-7-12,M002_S000000|M001_S006200|F301_S010000|F005_S005000|F003_S000000|M005_S011200|M009_S010000|F021_S005000|F073_S005000|F132_S000000,-++-++----,1,0,NaN
10,2,R10_I02,4,GA_DP,Proposed GA-DP,20,21264520,393.436378598657,8067.43800749667,406.619084138806,1446.98399265273,74.3787361138023,3239.33108936046,5,4,25.8724654789456,20.7197493032493,0.0200566944321249,0.1606573,150,13-18-5-11-25-16-3-6-7-12,M002_S000000|M001_S006200|F301_S010000|F005_S005000|F003_S000000|M005_S011200|M009_S010000|F021_S005000|F073_S005000|F132_S000000,-++-++----,1,0,NaN
10,2,R10_I02,5,EXACT,Exact optimum,1,NaN,393.357484090047,8422.49598079819,358.551869053729,1460.20038189263,74.2369896828303,3594.38906266198,5,5,25,20.7356471123016,0,0.0492912,0,13-18-5-11-25-7-12-16-3-6,M002_S000000|M001_S006200|F301_S010000|F005_S005000|F003_S000000|F073_S005000|F132_S000000|M005_S011200|M009_S010000|F021_S005000,-+++---+--,1,1,0
10,3,R10_I03,1,FIXED,Fixed order + fixed direction,1,NaN,475.780570405602,12016.5832916509,581.783197117014,1743.34779803888,155.96957552006,7181.05133198519,9,9,25,0,21.8161742102402,2.67e-05,0,18-21-24-14-9-6-22-15-10-19,M001_S006200|M002_S011200|M007_S007800|M009_S005000|F010_S000000|F021_S005000|F177_S000000|F195_S001400|F300_S005000|F301_S005000,++++++++++,1,0,NaN
10,3,R10_I03,2,NN_DP,Nearest neighbour-DP,1,NaN,403.644089971332,8551.98054453044,413.231164683496,1468.92991083714,84.137975079894,3716.44858486477,4,4,25,15.1617121255652,3.3467565541066,0.0001901,0,18-10-19-21-9-22-15-6-24-14,M001_S006200|F300_S005000|F301_S005000|M002_S011200|F010_S000000|F177_S000000|F195_S001400|F021_S005000|M007_S007800|M009_S005000,+-+++-++-+,1,0,NaN
10,3,R10_I03,3,JOINT_GA,Joint-encoding GA,1,21265001,399.3865091832,8443.11255298141,412.680914269607,1454.26414984648,79.855354165099,3607.58059331573,3,2,25,16.056574390433,2.2566695785935,0.2888817,150,18-10-19-6-15-22-24-14-9-21,M001_S006200|F300_S005000|F301_S005000|F021_S005000|F195_S001400|F177_S000000|M007_S007800|M009_S005000|F010_S000000|M002_S011200,+-+--+++--,1,0,NaN
10,3,R10_I03,3,JOINT_GA,Joint-encoding GA,2,21265002,393.820633671804,8276.25543397662,394.170508111574,1452.68399953055,74.1781789283336,3440.72347431095,5,4,25,17.2264152493505,0.831614199911994,0.2917973,150,18-19-10-21-9-22-15-6-14-24,M001_S006200|F301_S005000|F300_S005000|M002_S011200|F010_S000000|F177_S000000|F195_S001400|F021_S005000|M009_S005000|M007_S007800,+-+++-++--,1,0,NaN
10,3,R10_I03,3,JOINT_GA,Joint-encoding GA,3,21265003,392.672435187146,8227.28425191661,401.268631104007,1445.14906264705,72.8823151667654,3391.75229225094,4,3,25,17.4677446680107,0.53763593485636,0.2908466,150,18-19-10-21-9-6-15-24-14-22,M001_S006200|F301_S005000|F300_S005000|M002_S011200|F010_S000000|F021_S005000|F195_S001400|M007_S007800|M009_S005000|F177_S000000,+-+++--++-,1,0,NaN
10,3,R10_I03,3,JOINT_GA,Joint-encoding GA,4,21265004,396.083263226655,8280.64706418315,394.588705291255,1451.72431877142,76.7379081614327,3445.11510451748,5,4,25,16.7508536784101,1.41092511164577,0.2893401,150,18-10-19-21-9-22-15-6-14-24,M001_S006200|F300_S005000|F301_S005000|M002_S011200|F010_S000000|F177_S000000|F195_S001400|F021_S005000|M009_S005000|M007_S007800,+-+++-++--,1,0,NaN
10,3,R10_I03,3,JOINT_GA,Joint-encoding GA,5,21265005,396.083263226655,8280.64706418315,394.588705291255,1451.72431877142,76.7379081614327,3445.11510451748,5,4,25,16.7508536784101,1.41092511164577,0.2920809,150,18-10-19-21-9-22-15-6-14-24,M001_S006200|F300_S005000|F301_S005000|M002_S011200|F010_S000000|F177_S000000|F195_S001400|F021_S005000|M009_S005000|M007_S007800,+-+++-++--,1,0,NaN
10,3,R10_I03,3,JOINT_GA,Joint-encoding GA,6,21265006,396.408080722496,8396.01603976548,394.828072399901,1462.78473132793,76.8043007895784,3560.48408009981,5,3,25,16.6825832369407,1.49408955156018,0.3185228,150,18-10-19-21-9-24-14-6-15-22,M001_S006200|F300_S005000|F301_S005000|M002_S011200|F010_S000000|M007_S007800|M009_S005000|F021_S005000|F195_S001400|F177_S000000,+-+++++--+,1,0,NaN
10,3,R10_I03,3,JOINT_GA,Joint-encoding GA,7,21265007,392.672435187146,8227.28425191661,401.268631104007,1445.14906264705,72.8823151667654,3391.75229225094,4,3,25,17.4677446680107,0.53763593485636,0.3132903,150,18-19-10-21-9-6-15-24-14-22,M001_S006200|F301_S005000|F300_S005000|M002_S011200|F010_S000000|F021_S005000|F195_S001400|M007_S007800|M009_S005000|F177_S000000,+-+++--++-,1,0,NaN
10,3,R10_I03,3,JOINT_GA,Joint-encoding GA,8,21265008,393.820633671804,8276.25543397662,394.170508111574,1452.68399953055,74.1781789283336,3440.72347431095,5,4,25,17.2264152493505,0.831614199911994,0.2902355,150,18-19-10-21-9-22-15-6-14-24,M001_S006200|F301_S005000|F300_S005000|M002_S011200|F010_S000000|F177_S000000|F195_S001400|F021_S005000|M009_S005000|M007_S007800,+-+++-++--,1,0,NaN
10,3,R10_I03,3,JOINT_GA,Joint-encoding GA,9,21265009,396.083263226655,8280.64706418315,394.588705291255,1451.72431877142,76.7379081614327,3445.11510451748,5,4,25,16.7508536784101,1.41092511164577,0.3005816,150,18-10-19-21-9-22-15-6-14-24,M001_S006200|F300_S005000|F301_S005000|M002_S011200|F010_S000000|F177_S000000|F195_S001400|F021_S005000|M009_S005000|M007_S007800,+-+++-++--,1,0,NaN
10,3,R10_I03,3,JOINT_GA,Joint-encoding GA,10,21265010,393.820633671804,8276.25543397662,394.170508111574,1452.68399953055,74.1781789283336,3440.72347431095,5,4,25,17.2264152493505,0.831614199911994,0.2847621,150,18-19-10-21-9-22-15-6-14-24,M001_S006200|F301_S005000|F300_S005000|M002_S011200|F010_S000000|F177_S000000|F195_S001400|F021_S005000|M009_S005000|M007_S007800,+-+++-++--,1,0,NaN
10,3,R10_I03,3,JOINT_GA,Joint-encoding GA,11,21265011,393.820633671804,8276.25543397662,394.170508111574,1452.68399953055,74.1781789283336,3440.72347431095,5,4,25,17.2264152493505,0.831614199911994,0.2966484,150,18-19-10-21-9-22-15-6-14-24,M001_S006200|F301_S005000|F300_S005000|M002_S011200|F010_S000000|F177_S000000|F195_S001400|F021_S005000|M009_S005000|M007_S007800,+-+++-++--,1,0,NaN
10,3,R10_I03,3,JOINT_GA,Joint-encoding GA,12,21265012,396.083263226655,8280.64706418315,394.588705291255,1451.72431877142,76.7379081614327,3445.11510451748,5,4,25,16.7508536784101,1.41092511164577,0.2944278,150,18-10-19-21-9-22-15-6-14-24,M001_S006200|F300_S005000|F301_S005000|M002_S011200|F010_S000000|F177_S000000|F195_S001400|F021_S005000|M009_S005000|M007_S007800,+-+++-++--,1,0,NaN
10,3,R10_I03,3,JOINT_GA,Joint-encoding GA,13,21265013,393.820633671804,8276.25543397662,394.170508111574,1452.68399953055,74.1781789283336,3440.72347431095,5,4,25,17.2264152493505,0.831614199911994,0.288101,150,18-19-10-21-9-22-15-6-14-24,M001_S006200|F301_S005000|F300_S005000|M002_S011200|F010_S000000|F177_S000000|F195_S001400|F021_S005000|M009_S005000|M007_S007800,+-+++-++--,1,0,NaN
10,3,R10_I03,3,JOINT_GA,Joint-encoding GA,14,21265014,396.083263226655,8280.64706418315,394.588705291255,1451.72431877142,76.7379081614327,3445.11510451748,5,4,25,16.7508536784101,1.41092511164577,0.2883745,150,18-10-19-21-9-22-15-6-14-24,M001_S006200|F300_S005000|F301_S005000|M002_S011200|F010_S000000|F177_S000000|F195_S001400|F021_S005000|M009_S005000|M007_S007800,+-+++-++--,1,0,NaN
10,3,R10_I03,3,JOINT_GA,Joint-encoding GA,15,21265015,396.083263226655,8280.64706418315,394.588705291255,1451.72431877142,76.7379081614327,3445.11510451748,5,4,25,16.7508536784101,1.41092511164577,0.2993942,150,18-10-19-21-9-22-15-6-14-24,M001_S006200|F300_S005000|F301_S005000|M002_S011200|F010_S000000|F177_S000000|F195_S001400|F021_S005000|M009_S005000|M007_S007800,+-+++-++--,1,0,NaN
10,3,R10_I03,3,JOINT_GA,Joint-encoding GA,16,21265016,393.820633671804,8276.25543397662,394.170508111574,1452.68399953055,74.1781789283336,3440.72347431095,5,4,25,17.2264152493505,0.831614199911994,0.2871847,150,18-19-10-21-9-22-15-6-14-24,M001_S006200|F301_S005000|F300_S005000|M002_S011200|F010_S000000|F177_S000000|F195_S001400|F021_S005000|M009_S005000|M007_S007800,+-+++-++--,1,0,NaN
10,3,R10_I03,3,JOINT_GA,Joint-encoding GA,17,21265017,393.820633671804,8276.25543397662,394.170508111574,1452.68399953055,74.1781789283336,3440.72347431095,5,4,25,17.2264152493505,0.831614199911994,0.2934035,150,18-19-10-21-9-22-15-6-14-24,M001_S006200|F301_S005000|F300_S005000|M002_S011200|F010_S000000|F177_S000000|F195_S001400|F021_S005000|M009_S005000|M007_S007800,+-+++-++--,1,0,NaN
10,3,R10_I03,3,JOINT_GA,Joint-encoding GA,18,21265018,393.820633671804,8276.25543397662,394.170508111574,1452.68399953055,74.1781789283336,3440.72347431095,5,4,25,17.2264152493505,0.831614199911994,0.2905727,150,18-19-10-21-9-22-15-6-14-24,M001_S006200|F301_S005000|F300_S005000|M002_S011200|F010_S000000|F177_S000000|F195_S001400|F021_S005000|M009_S005000|M007_S007800,+-+++-++--,1,0,NaN
10,3,R10_I03,3,JOINT_GA,Joint-encoding GA,19,21265019,392.79736779078,8200.96242268198,404.827913832294,1452.84829126574,73.0072477703987,3365.43046301631,6,4,25,17.4414862179175,0.569622974166849,0.2869654,150,18-19-10-21-9-15-24-14-6-22,M001_S006200|F301_S005000|F300_S005000|M002_S011200|F010_S000000|F195_S001400|M007_S007800|M009_S005000|F021_S005000|F177_S000000,+-+++-++--,1,0,NaN
10,3,R10_I03,3,JOINT_GA,Joint-encoding GA,20,21265020,393.820633671804,8276.25543397662,394.170508111574,1452.68399953055,74.1781789283336,3440.72347431095,5,4,25,17.2264152493505,0.831614199911994,0.2870596,150,18-19-10-21-9-22-15-6-14-24,M001_S006200|F301_S005000|F300_S005000|M002_S011200|F010_S000000|F177_S000000|F195_S001400|F021_S005000|M009_S005000|M007_S007800,+-+++-++--,1,0,NaN
10,3,R10_I03,4,GA_DP,Proposed GA-DP,1,21265501,392.444912397679,8299.94697430181,388.598649441854,1447.88002635159,72.8024576542081,3464.41501463613,4,2,25,17.5155656181756,0.479382282894559,0.1574978,150,18-19-10-21-9-14-24-15-6-22,M001_S006200|F301_S005000|F300_S005000|M002_S011200|F010_S000000|M009_S005000|M007_S007800|F195_S001400|F021_S005000|F177_S000000,+-+++--++-,1,0,NaN
10,3,R10_I03,4,GA_DP,Proposed GA-DP,2,21265502,392.022820740225,8168.4943208133,406.949971291394,1442.83535962768,72.3803659967541,3332.96236114762,5,4,25,17.6042812328326,0.371312315192289,0.1588199,150,18-19-10-21-9-6-14-24-15-22,M001_S006200|F301_S005000|F300_S005000|M002_S011200|F010_S000000|F021_S005000|M009_S005000|M007_S007800|F195_S001400|F177_S000000,+-++++--+-,1,0,NaN
10,3,R10_I03,4,GA_DP,Proposed GA-DP,3,21265503,392.022820740225,8168.4943208133,406.949971291394,1442.83535962768,72.3803659967541,3332.96236114762,5,4,25,17.6042812328326,0.371312315192289,0.1583531,150,18-19-10-21-9-6-14-24-15-22,M001_S006200|F301_S005000|F300_S005000|M002_S011200|F010_S000000|F021_S005000|M009_S005000|M007_S007800|F195_S001400|F177_S000000,+-++++--+-,1,0,NaN
10,3,R10_I03,4,GA_DP,Proposed GA-DP,4,21265504,390.57257666331,7916.30505503626,421.533068206485,1423.89299816873,71.056082656538,3080.77309537059,4,4,25,17.9090948732211,0,0.1582398,150,10-19-18-22-15-24-14-6-9-21,F300_S005000|F301_S005000|M001_S006200|F177_S000000|F195_S001400|M007_S007800|M009_S005000|F021_S005000|F010_S000000|M002_S011200,-+-+-++---,1,0,NaN
10,3,R10_I03,4,GA_DP,Proposed GA-DP,5,21265505,392.022820740225,8168.4943208133,406.949971291394,1442.83535962768,72.3803659967541,3332.96236114762,5,4,25,17.6042812328326,0.371312315192289,0.1586368,150,18-19-10-21-9-6-14-24-15-22,M001_S006200|F301_S005000|F300_S005000|M002_S011200|F010_S000000|F021_S005000|M009_S005000|M007_S007800|F195_S001400|F177_S000000,+-++++--+-,1,0,NaN
10,3,R10_I03,4,GA_DP,Proposed GA-DP,6,21265506,392.022820740225,8168.4943208133,406.949971291394,1442.83535962768,72.3803659967541,3332.96236114762,5,4,25,17.6042812328326,0.371312315192289,0.1651155,150,18-19-10-21-9-6-14-24-15-22,M001_S006200|F301_S005000|F300_S005000|M002_S011200|F010_S000000|F021_S005000|M009_S005000|M007_S007800|F195_S001400|F177_S000000,+-++++--+-,1,0,NaN
10,3,R10_I03,4,GA_DP,Proposed GA-DP,7,21265507,392.022820740225,8168.4943208133,406.949971291394,1442.83535962768,72.3803659967541,3332.96236114762,5,4,25,17.6042812328326,0.371312315192289,0.16317,150,18-19-10-21-9-6-14-24-15-22,M001_S006200|F301_S005000|F300_S005000|M002_S011200|F010_S000000|F021_S005000|M009_S005000|M007_S007800|F195_S001400|F177_S000000,+-++++--+-,1,0,NaN
10,3,R10_I03,4,GA_DP,Proposed GA-DP,8,21265508,392.022820740225,8168.4943208133,406.949971291394,1442.83535962768,72.3803659967541,3332.96236114762,5,4,25,17.6042812328326,0.371312315192289,0.1787116,150,18-19-10-21-9-6-14-24-15-22,M001_S006200|F301_S005000|F300_S005000|M002_S011200|F010_S000000|F021_S005000|M009_S005000|M007_S007800|F195_S001400|F177_S000000,+-++++--+-,1,0,NaN
10,3,R10_I03,4,GA_DP,Proposed GA-DP,9,21265509,392.022820740225,8168.4943208133,406.949971291394,1442.83535962768,72.3803659967541,3332.96236114762,5,4,25,17.6042812328326,0.371312315192289,0.1569272,150,18-19-10-21-9-6-14-24-15-22,M001_S006200|F301_S005000|F300_S005000|M002_S011200|F010_S000000|F021_S005000|M009_S005000|M007_S007800|F195_S001400|F177_S000000,+-++++--+-,1,0,NaN
10,3,R10_I03,4,GA_DP,Proposed GA-DP,10,21265510,392.022820740225,8168.4943208133,406.949971291394,1442.83535962768,72.3803659967541,3332.96236114762,5,4,25,17.6042812328326,0.371312315192289,0.1707748,150,18-19-10-21-9-6-14-24-15-22,M001_S006200|F301_S005000|F300_S005000|M002_S011200|F010_S000000|F021_S005000|M009_S005000|M007_S007800|F195_S001400|F177_S000000,+-++++--+-,1,0,NaN
10,3,R10_I03,4,GA_DP,Proposed GA-DP,11,21265511,392.022820740225,8168.4943208133,406.949971291394,1442.83535962768,72.3803659967541,3332.96236114762,5,4,25,17.6042812328326,0.371312315192289,0.1565857,150,18-19-10-21-9-6-14-24-15-22,M001_S006200|F301_S005000|F300_S005000|M002_S011200|F010_S000000|F021_S005000|M009_S005000|M007_S007800|F195_S001400|F177_S000000,+-++++--+-,1,0,NaN
10,3,R10_I03,4,GA_DP,Proposed GA-DP,12,21265512,392.022820740225,8168.4943208133,406.949971291394,1442.83535962768,72.3803659967541,3332.96236114762,5,4,25,17.6042812328326,0.371312315192289,0.1642769,150,18-19-10-21-9-6-14-24-15-22,M001_S006200|F301_S005000|F300_S005000|M002_S011200|F010_S000000|F021_S005000|M009_S005000|M007_S007800|F195_S001400|F177_S000000,+-++++--+-,1,0,NaN
10,3,R10_I03,4,GA_DP,Proposed GA-DP,13,21265513,392.022820740225,8168.4943208133,406.949971291394,1442.83535962768,72.3803659967541,3332.96236114762,5,4,25,17.6042812328326,0.371312315192289,0.1573766,150,18-19-10-21-9-6-14-24-15-22,M001_S006200|F301_S005000|F300_S005000|M002_S011200|F010_S000000|F021_S005000|M009_S005000|M007_S007800|F195_S001400|F177_S000000,+-++++--+-,1,0,NaN
10,3,R10_I03,4,GA_DP,Proposed GA-DP,14,21265514,392.022820740225,8168.4943208133,406.949971291394,1442.83535962768,72.3803659967541,3332.96236114762,5,4,25,17.6042812328326,0.371312315192289,0.1564491,150,18-19-10-21-9-6-14-24-15-22,M001_S006200|F301_S005000|F300_S005000|M002_S011200|F010_S000000|F021_S005000|M009_S005000|M007_S007800|F195_S001400|F177_S000000,+-++++--+-,1,0,NaN
10,3,R10_I03,4,GA_DP,Proposed GA-DP,15,21265515,392.022820740225,8168.4943208133,406.949971291394,1442.83535962768,72.3803659967541,3332.96236114762,5,4,25,17.6042812328326,0.371312315192289,0.1573364,150,18-19-10-21-9-6-14-24-15-22,M001_S006200|F301_S005000|F300_S005000|M002_S011200|F010_S000000|F021_S005000|M009_S005000|M007_S007800|F195_S001400|F177_S000000,+-++++--+-,1,0,NaN
10,3,R10_I03,4,GA_DP,Proposed GA-DP,16,21265516,392.022820740225,8168.4943208133,406.949971291394,1442.83535962768,72.3803659967541,3332.96236114762,5,4,25,17.6042812328326,0.371312315192289,0.1558923,150,18-19-10-21-9-6-14-24-15-22,M001_S006200|F301_S005000|F300_S005000|M002_S011200|F010_S000000|F021_S005000|M009_S005000|M007_S007800|F195_S001400|F177_S000000,+-++++--+-,1,0,NaN
10,3,R10_I03,4,GA_DP,Proposed GA-DP,17,21265517,392.022820740225,8168.4943208133,406.949971291394,1442.83535962768,72.3803659967541,3332.96236114762,5,4,25,17.6042812328326,0.371312315192289,0.1560594,150,18-19-10-21-9-6-14-24-15-22,M001_S006200|F301_S005000|F300_S005000|M002_S011200|F010_S000000|F021_S005000|M009_S005000|M007_S007800|F195_S001400|F177_S000000,+-++++--+-,1,0,NaN
10,3,R10_I03,4,GA_DP,Proposed GA-DP,18,21265518,392.022820740225,8168.4943208133,406.949971291394,1442.83535962768,72.3803659967541,3332.96236114762,5,4,25,17.6042812328326,0.371312315192289,0.1563812,150,18-19-10-21-9-6-14-24-15-22,M001_S006200|F301_S005000|F300_S005000|M002_S011200|F010_S000000|F021_S005000|M009_S005000|M007_S007800|F195_S001400|F177_S000000,+-++++--+-,1,0,NaN
10,3,R10_I03,4,GA_DP,Proposed GA-DP,19,21265519,392.022820740225,8168.4943208133,406.949971291394,1442.83535962768,72.3803659967541,3332.96236114762,5,4,25,17.6042812328326,0.371312315192289,0.1573338,150,18-19-10-21-9-6-14-24-15-22,M001_S006200|F301_S005000|F300_S005000|M002_S011200|F010_S000000|F021_S005000|M009_S005000|M007_S007800|F195_S001400|F177_S000000,+-++++--+-,1,0,NaN
10,3,R10_I03,4,GA_DP,Proposed GA-DP,20,21265520,392.022820740225,8168.4943208133,406.949971291394,1442.83535962768,72.3803659967541,3332.96236114762,5,4,25,17.6042812328326,0.371312315192289,0.1581278,150,18-19-10-21-9-6-14-24-15-22,M001_S006200|F301_S005000|F300_S005000|M002_S011200|F010_S000000|F021_S005000|M009_S005000|M007_S007800|F195_S001400|F177_S000000,+-++++--+-,1,0,NaN
10,3,R10_I03,5,EXACT,Exact optimum,1,NaN,390.57257666331,7916.30505503626,421.533068206485,1423.89299816873,71.056082656538,3080.77309537059,4,4,25,17.9090948732211,0,0.0494478,0,10-19-18-22-15-24-14-6-9-21,F300_S005000|F301_S005000|M001_S006200|F177_S000000|F195_S001400|M007_S007800|M009_S005000|F021_S005000|F010_S000000|M002_S011200,-+-+-++---,1,1,0
10,4,R10_I04,1,FIXED,Fixed order + fixed direction,1,NaN,509.449343321122,13104.1492605599,755.93446872007,1824.17535783783,190.811320824852,8286.07447422506,9,9,25,0,25.2382049871514,2.42e-05,0,4-20-17-2-6-7-12-22-15-5,M001_S001200|M005_S006200|M008_S005000|M009_S000000|F021_S005000|F073_S005000|F132_S000000|F177_S000000|F195_S001400|F301_S010000,++++++++++,1,0,NaN
10,4,R10_I04,2,NN_DP,Nearest neighbour-DP,1,NaN,429.063665744356,9665.10159867879,521.180650177094,1555.23522017544,110.472021153451,4847.02681234393,6,5,25,15.7789343789764,5.47695080482082,0.0001726,0,17-7-22-15-12-20-6-2-4-5,M008_S005000|F073_S005000|F177_S000000|F195_S001400|F132_S000000|M005_S006200|F021_S005000|M009_S000000|M001_S001200|F301_S010000,-++--+-+++,1,0,NaN
10,4,R10_I04,3,JOINT_GA,Joint-encoding GA,1,21266001,423.34151576278,9311.73793517276,513.847568799549,1525.1215767846,104.890833868353,4493.66314883791,5,5,25.8407973592535,16.9021373149687,4.07027160942113,0.2894914,150,17-7-12-22-15-20-6-2-4-5,M008_S005000|F073_S005000|F132_S000000|F177_S000000|F195_S001400|M005_S006200|F021_S005000|M009_S000000|M001_S001200|F301_S010000,----++-+++,1,0,NaN
10,4,R10_I04,3,JOINT_GA,Joint-encoding GA,2,21266002,417.769280588045,9063.65670419158,482.42443631577,1526.1831252786,99.3929373842139,4245.58191785672,6,5,25.7888079456095,17.9959134180861,2.7004460512985,0.3030867,150,17-7-22-15-2-6-20-12-4-5,M008_S005000|F073_S005000|F177_S000000|F195_S001400|M009_S000000|F021_S005000|M005_S006200|F132_S000000|M001_S001200|F301_S010000,-++--+-+++,1,0,NaN
10,4,R10_I04,3,JOINT_GA,Joint-encoding GA,3,21266003,420.412279235267,9226.15100045234,470.896251048861,1542.87154433933,101.995741469701,4408.07621411748,6,5,25,17.4771182362153,3.35017582463324,0.2911133,150,17-7-22-12-20-6-2-15-4-5,M008_S005000|F073_S005000|F177_S000000|F132_S000000|M005_S006200|F021_S005000|M009_S000000|F195_S001400|M001_S001200|F301_S010000,-++++---++,1,0,NaN
10,4,R10_I04,3,JOINT_GA,Joint-encoding GA,4,21266004,417.769280588045,9063.65670419158,482.42443631577,1526.1831252786,99.3929373842139,4245.58191785672,6,5,25.7888079456095,17.9959134180861,2.7004460512985,0.2860961,150,17-7-22-15-2-6-20-12-4-5,M008_S005000|F073_S005000|F177_S000000|F195_S001400|M009_S000000|F021_S005000|M005_S006200|F132_S000000|M001_S001200|F301_S010000,-++--+-+++,1,0,NaN
10,4,R10_I04,3,JOINT_GA,Joint-encoding GA,5,21266005,418.137382104627,9057.4491683977,489.720537140941,1525.42944933882,99.6867002102003,4239.37438206285,6,5,25,17.9236586352684,2.79093664431665,0.2868591,150,17-12-20-6-2-15-22-7-4-5,M008_S005000|F132_S000000|M005_S006200|F021_S005000|M009_S000000|F195_S001400|F177_S000000|F073_S005000|M001_S001200|F301_S010000,--+-++--++,1,0,NaN
10,4,R10_I04,3,JOINT_GA,Joint-encoding GA,6,21266006,423.34151576278,9311.73793517276,513.847568799549,1525.1215767846,104.890833868353,4493.66314883791,5,5,25.8407973592535,16.9021373149687,4.07027160942113,0.2907057,150,17-7-12-22-15-20-6-2-4-5,M008_S005000|F073_S005000|F132_S000000|F177_S000000|F195_S001400|M005_S006200|F021_S005000|M009_S000000|M001_S001200|F301_S010000,----++-+++,1,0,NaN
10,4,R10_I04,3,JOINT_GA,Joint-encoding GA,7,21266007,419.120971689269,9227.98802796219,461.219103316414,1536.52607463017,100.704433923703,4409.91324162734,6,4,25,17.7305894719577,3.03273299883069,0.2885537,150,17-7-22-20-6-2-15-4-5-12,M008_S005000|F073_S005000|F177_S000000|M005_S006200|F021_S005000|M009_S000000|F195_S001400|M001_S001200|F301_S010000|F132_S000000,-+++---+++,1,0,NaN
10,4,R10_I04,3,JOINT_GA,Joint-encoding GA,8,21266008,418.137382104627,9057.4491683977,489.720537140941,1525.42944933882,99.6867002102003,4239.37438206285,6,5,25,17.9236586352684,2.79093664431665,0.287064,150,17-12-20-6-2-15-22-7-4-5,M008_S005000|F132_S000000|M005_S006200|F021_S005000|M009_S000000|F195_S001400|F177_S000000|F073_S005000|M001_S001200|F301_S010000,--+-++--++,1,0,NaN
10,4,R10_I04,3,JOINT_GA,Joint-encoding GA,9,21266009,417.769280588045,9063.65670419158,482.42443631577,1526.1831252786,99.3929373842139,4245.58191785672,6,5,25.7888079456095,17.9959134180861,2.7004460512985,0.2882575,150,17-7-22-15-2-6-20-12-4-5,M008_S005000|F073_S005000|F177_S000000|F195_S001400|M009_S000000|F021_S005000|M005_S006200|F132_S000000|M001_S001200|F301_S010000,-++--+-+++,1,0,NaN
10,4,R10_I04,3,JOINT_GA,Joint-encoding GA,10,21266010,417.769280588045,9063.65670419158,482.42443631577,1526.1831252786,99.3929373842139,4245.58191785672,6,5,25.7888079456095,17.9959134180861,2.7004460512985,0.2841186,150,17-7-22-15-2-6-20-12-4-5,M008_S005000|F073_S005000|F177_S000000|F195_S001400|M009_S000000|F021_S005000|M005_S006200|F132_S000000|M001_S001200|F301_S010000,-++--+-+++,1,0,NaN
10,4,R10_I04,3,JOINT_GA,Joint-encoding GA,11,21266011,419.967250704748,9231.89100374172,454.414050844965,1545.15794231147,101.456936716105,4413.81621740686,5,5,26.9424902150132,17.5644730510469,3.24077422256836,0.2894871,150,17-7-12-20-6-2-22-15-4-5,M008_S005000|F073_S005000|F132_S000000|M005_S006200|F021_S005000|M009_S000000|F177_S000000|F195_S001400|M001_S001200|F301_S010000,---+-++-++,1,0,NaN
10,4,R10_I04,3,JOINT_GA,Joint-encoding GA,12,21266012,417.769280588045,9063.65670419158,482.42443631577,1526.1831252786,99.3929373842139,4245.58191785672,6,5,25.7888079456095,17.9959134180861,2.7004460512985,0.2944714,150,17-7-22-15-2-6-20-12-4-5,M008_S005000|F073_S005000|F177_S000000|F195_S001400|M009_S000000|F021_S005000|M005_S006200|F132_S000000|M001_S001200|F301_S010000,-++--+-+++,1,0,NaN
10,4,R10_I04,3,JOINT_GA,Joint-encoding GA,13,21266013,417.317675077541,9014.5786259038,515.980765418008,1504.78852711403,98.8669931831138,4196.50383956894,5,5,26.9424902150132,18.0845592307512,2.58942762672046,0.293955,150,17-7-12-20-6-2-15-22-4-5,M008_S005000|F073_S005000|F132_S000000|M005_S006200|F021_S005000|M009_S000000|F195_S001400|F177_S000000|M001_S001200|F301_S010000,---+-++-++,1,0,NaN
10,4,R10_I04,3,JOINT_GA,Joint-encoding GA,14,21266014,419.120971689269,9227.98802796219,461.219103316414,1536.52607463017,100.704433923703,4409.91324162734,6,4,25,17.7305894719577,3.03273299883069,0.2923862,150,17-7-22-20-6-2-15-4-5-12,M008_S005000|F073_S005000|F177_S000000|M005_S006200|F021_S005000|M009_S000000|F195_S001400|M001_S001200|F301_S010000|F132_S000000,-+++---+++,1,0,NaN
10,4,R10_I04,3,JOINT_GA,Joint-encoding GA,15,21266015,419.120971689269,9227.98802796219,461.219103316414,1536.52607463017,100.704433923703,4409.91324162734,6,4,25,17.7305894719577,3.03273299883069,0.2969852,150,17-7-22-20-6-2-15-4-5-12,M008_S005000|F073_S005000|F177_S000000|M005_S006200|F021_S005000|M009_S000000|F195_S001400|M001_S001200|F301_S010000|F132_S000000,-+++---+++,1,0,NaN
10,4,R10_I04,3,JOINT_GA,Joint-encoding GA,16,21266016,424.738106225213,9395.90438789401,514.441003281329,1533.77587786584,106.227792236569,4577.82960155916,5,4,25,16.6280000566245,4.41359619097241,0.2930278,150,17-7-12-15-22-20-6-2-4-5,M008_S005000|F073_S005000|F132_S000000|F195_S001400|F177_S000000|M005_S006200|F021_S005000|M009_S000000|M001_S001200|F301_S010000,----++-+++,1,0,NaN
10,4,R10_I04,3,JOINT_GA,Joint-encoding GA,17,21266017,418.455831830507,9115.91667262166,495.170783943469,1504.41360370403,100.084417872585,4297.84188628681,4,4,25.2601451849519,17.8611500208095,2.86922131102732,0.3094392,150,17-7-12-22-15-2-6-20-4-5,M008_S005000|F073_S005000|F132_S000000|F177_S000000|F195_S001400|M009_S000000|F021_S005000|M005_S006200|M001_S001200|F301_S010000,----+-+-++,1,0,NaN
10,4,R10_I04,3,JOINT_GA,Joint-encoding GA,18,21266018,417.317675077541,9014.5786259038,515.980765418008,1504.78852711403,98.8669931831138,4196.50383956894,5,5,26.9424902150132,18.0845592307512,2.58942762672046,0.2935235,150,17-7-12-20-6-2-15-22-4-5,M008_S005000|F073_S005000|F132_S000000|M005_S006200|F021_S005000|M009_S000000|F195_S001400|F177_S000000|M001_S001200|F301_S010000,---+-++-++,1,0,NaN
10,4,R10_I04,3,JOINT_GA,Joint-encoding GA,19,21266019,420.062698796644,9298.68259183924,442.13901778427,1547.82380618855,101.745987687029,4480.60780550438,7,6,25,17.5457375097911,3.26423827813176,0.2863821,150,17-7-15-22-2-6-20-12-4-5,M008_S005000|F073_S005000|F195_S001400|F177_S000000|M009_S000000|F021_S005000|M005_S006200|F132_S000000|M001_S001200|F301_S010000,-++--+-+++,1,0,NaN
10,4,R10_I04,3,JOINT_GA,Joint-encoding GA,20,21266020,417.769280588045,9063.65670419158,482.42443631577,1526.1831252786,99.3929373842139,4245.58191785672,6,5,25.7888079456095,17.9959134180861,2.7004460512985,0.2966365,150,17-7-22-15-2-6-20-12-4-5,M008_S005000|F073_S005000|F177_S000000|F195_S001400|M009_S000000|F021_S005000|M005_S006200|F132_S000000|M001_S001200|F301_S010000,-++--+-+++,1,0,NaN
10,4,R10_I04,4,GA_DP,Proposed GA-DP,1,21266501,406.784290283774,8911.90703030322,388.268306346207,1504.04267261593,88.3285888134634,4093.83224396837,6,4,25,20.1521612272714,0,0.1582342,150,4-5-17-22-20-6-2-15-7-12,M001_S001200|F301_S010000|M008_S005000|F177_S000000|M005_S006200|F021_S005000|M009_S000000|F195_S001400|F073_S005000|F132_S000000,-+-++-----,1,0,NaN
10,4,R10_I04,4,GA_DP,Proposed GA-DP,2,21266502,406.784290283774,8911.90703030322,388.268306346207,1504.04267261593,88.3285888134634,4093.83224396837,6,4,25,20.1521612272714,0,0.158558,150,4-5-17-22-20-6-2-15-7-12,M001_S001200|F301_S010000|M008_S005000|F177_S000000|M005_S006200|F021_S005000|M009_S000000|F195_S001400|F073_S005000|F132_S000000,-+-++-----,1,0,NaN
10,4,R10_I04,4,GA_DP,Proposed GA-DP,3,21266503,406.784290283774,8911.90703030322,388.268306346207,1504.04267261593,88.3285888134634,4093.83224396837,6,4,25,20.1521612272714,0,0.1604666,150,4-5-17-22-20-6-2-15-7-12,M001_S001200|F301_S010000|M008_S005000|F177_S000000|M005_S006200|F021_S005000|M009_S000000|F195_S001400|F073_S005000|F132_S000000,-+-++-----,1,0,NaN
10,4,R10_I04,4,GA_DP,Proposed GA-DP,4,21266504,406.784290283774,8911.90703030322,388.268306346207,1504.04267261593,88.3285888134634,4093.83224396837,6,4,25,20.1521612272714,0,0.159286,150,4-5-17-22-20-6-2-15-7-12,M001_S001200|F301_S010000|M008_S005000|F177_S000000|M005_S006200|F021_S005000|M009_S000000|F195_S001400|F073_S005000|F132_S000000,-+-++-----,1,0,NaN
10,4,R10_I04,4,GA_DP,Proposed GA-DP,5,21266505,406.784290283774,8911.90703030322,388.268306346207,1504.04267261593,88.3285888134634,4093.83224396837,6,4,25,20.1521612272714,0,0.1559994,150,4-5-17-22-20-6-2-15-7-12,M001_S001200|F301_S010000|M008_S005000|F177_S000000|M005_S006200|F021_S005000|M009_S000000|F195_S001400|F073_S005000|F132_S000000,-+-++-----,1,0,NaN
10,4,R10_I04,4,GA_DP,Proposed GA-DP,6,21266506,406.784290283774,8911.90703030322,388.268306346207,1504.04267261593,88.3285888134634,4093.83224396837,6,4,25,20.1521612272714,0,0.1585084,150,4-5-17-22-20-6-2-15-7-12,M001_S001200|F301_S010000|M008_S005000|F177_S000000|M005_S006200|F021_S005000|M009_S000000|F195_S001400|F073_S005000|F132_S000000,-+-++-----,1,0,NaN
10,4,R10_I04,4,GA_DP,Proposed GA-DP,7,21266507,406.784290283774,8911.90703030322,388.268306346207,1504.04267261593,88.3285888134634,4093.83224396837,6,4,25,20.1521612272714,0,0.1584626,150,4-5-17-22-20-6-2-15-7-12,M001_S001200|F301_S010000|M008_S005000|F177_S000000|M005_S006200|F021_S005000|M009_S000000|F195_S001400|F073_S005000|F132_S000000,-+-++-----,1,0,NaN
10,4,R10_I04,4,GA_DP,Proposed GA-DP,8,21266508,406.784290283774,8911.90703030322,388.268306346207,1504.04267261593,88.3285888134634,4093.83224396837,6,4,25,20.1521612272714,0,0.1541483,150,4-5-17-22-20-6-2-15-7-12,M001_S001200|F301_S010000|M008_S005000|F177_S000000|M005_S006200|F021_S005000|M009_S000000|F195_S001400|F073_S005000|F132_S000000,-+-++-----,1,0,NaN
10,4,R10_I04,4,GA_DP,Proposed GA-DP,9,21266509,406.784290283774,8911.90703030322,388.268306346207,1504.04267261593,88.3285888134634,4093.83224396837,6,4,25,20.1521612272714,0,0.1552537,150,4-5-17-22-20-6-2-15-7-12,M001_S001200|F301_S010000|M008_S005000|F177_S000000|M005_S006200|F021_S005000|M009_S000000|F195_S001400|F073_S005000|F132_S000000,-+-++-----,1,0,NaN
10,4,R10_I04,4,GA_DP,Proposed GA-DP,10,21266510,406.784290283774,8911.90703030322,388.268306346207,1504.04267261593,88.3285888134634,4093.83224396837,6,4,25,20.1521612272714,0,0.1573257,150,4-5-17-22-20-6-2-15-7-12,M001_S001200|F301_S010000|M008_S005000|F177_S000000|M005_S006200|F021_S005000|M009_S000000|F195_S001400|F073_S005000|F132_S000000,-+-++-----,1,0,NaN
10,4,R10_I04,4,GA_DP,Proposed GA-DP,11,21266511,406.784290283774,8911.90703030322,388.268306346207,1504.04267261593,88.3285888134634,4093.83224396837,6,4,25,20.1521612272714,0,0.1621482,150,4-5-17-22-20-6-2-15-7-12,M001_S001200|F301_S010000|M008_S005000|F177_S000000|M005_S006200|F021_S005000|M009_S000000|F195_S001400|F073_S005000|F132_S000000,-+-++-----,1,0,NaN
10,4,R10_I04,4,GA_DP,Proposed GA-DP,12,21266512,406.784290283774,8911.90703030322,388.268306346207,1504.04267261593,88.3285888134634,4093.83224396837,6,4,25,20.1521612272714,0,0.1623122,150,4-5-17-22-20-6-2-15-7-12,M001_S001200|F301_S010000|M008_S005000|F177_S000000|M005_S006200|F021_S005000|M009_S000000|F195_S001400|F073_S005000|F132_S000000,-+-++-----,1,0,NaN
10,4,R10_I04,4,GA_DP,Proposed GA-DP,13,21266513,408.016536652803,8888.84342271384,434.461930856105,1498.9458447895,89.5196991419665,4070.76863637899,5,3,25,19.9102831317975,0.302923785028612,0.1605997,150,4-5-17-7-22-15-2-6-20-12,M001_S001200|F301_S010000|M008_S005000|F073_S005000|F177_S000000|F195_S001400|M009_S000000|F021_S005000|M005_S006200|F132_S000000,-+-++--+--,1,0,NaN
10,4,R10_I04,4,GA_DP,Proposed GA-DP,14,21266514,408.016536652803,8888.84342271384,434.461930856105,1498.9458447895,89.5196991419665,4070.76863637899,5,3,25,19.9102831317975,0.302923785028612,0.1584946,150,4-5-17-7-22-15-2-6-20-12,M001_S001200|F301_S010000|M008_S005000|F073_S005000|F177_S000000|F195_S001400|M009_S000000|F021_S005000|M005_S006200|F132_S000000,-+-++--+--,1,0,NaN
10,4,R10_I04,4,GA_DP,Proposed GA-DP,15,21266515,406.784290283774,8911.90703030322,388.268306346207,1504.04267261593,88.3285888134634,4093.83224396837,6,4,25,20.1521612272714,0,0.1644731,150,4-5-17-22-20-6-2-15-7-12,M001_S001200|F301_S010000|M008_S005000|F177_S000000|M005_S006200|F021_S005000|M009_S000000|F195_S001400|F073_S005000|F132_S000000,-+-++-----,1,0,NaN
10,4,R10_I04,4,GA_DP,Proposed GA-DP,16,21266516,406.784290283774,8911.90703030322,388.268306346207,1504.04267261593,88.3285888134634,4093.83224396837,6,4,25,20.1521612272714,0,0.1558565,150,4-5-17-22-20-6-2-15-7-12,M001_S001200|F301_S010000|M008_S005000|F177_S000000|M005_S006200|F021_S005000|M009_S000000|F195_S001400|F073_S005000|F132_S000000,-+-++-----,1,0,NaN
10,4,R10_I04,4,GA_DP,Proposed GA-DP,17,21266517,406.784290283774,8911.90703030322,388.268306346207,1504.04267261593,88.3285888134634,4093.83224396837,6,4,25,20.1521612272714,0,0.1622751,150,4-5-17-22-20-6-2-15-7-12,M001_S001200|F301_S010000|M008_S005000|F177_S000000|M005_S006200|F021_S005000|M009_S000000|F195_S001400|F073_S005000|F132_S000000,-+-++-----,1,0,NaN
10,4,R10_I04,4,GA_DP,Proposed GA-DP,18,21266518,406.784290283774,8911.90703030322,388.268306346207,1504.04267261593,88.3285888134634,4093.83224396837,6,4,25,20.1521612272714,0,0.1656267,150,4-5-17-22-20-6-2-15-7-12,M001_S001200|F301_S010000|M008_S005000|F177_S000000|M005_S006200|F021_S005000|M009_S000000|F195_S001400|F073_S005000|F132_S000000,-+-++-----,1,0,NaN
10,4,R10_I04,4,GA_DP,Proposed GA-DP,19,21266519,408.016536652803,8888.84342271384,434.461930856105,1498.9458447895,89.5196991419665,4070.76863637899,5,3,25,19.9102831317975,0.302923785028612,0.1608759,150,4-5-17-7-22-15-2-6-20-12,M001_S001200|F301_S010000|M008_S005000|F073_S005000|F177_S000000|F195_S001400|M009_S000000|F021_S005000|M005_S006200|F132_S000000,-+-++--+--,1,0,NaN
10,4,R10_I04,4,GA_DP,Proposed GA-DP,20,21266520,406.784290283774,8911.90703030322,388.268306346207,1504.04267261593,88.3285888134634,4093.83224396837,6,4,25,20.1521612272714,0,0.1578323,150,4-5-17-22-20-6-2-15-7-12,M001_S001200|F301_S010000|M008_S005000|F177_S000000|M005_S006200|F021_S005000|M009_S000000|F195_S001400|F073_S005000|F132_S000000,-+-++-----,1,0,NaN
10,4,R10_I04,5,EXACT,Exact optimum,1,NaN,406.784290283774,8911.90703030322,388.268306346207,1504.04267261593,88.3285888134634,4093.83224396837,6,4,25,20.1521612272714,0,0.0470259,0,4-5-17-22-20-6-2-15-7-12,M001_S001200|F301_S010000|M008_S005000|F177_S000000|M005_S006200|F021_S005000|M009_S000000|F195_S001400|F073_S005000|F132_S000000,-+-++-----,1,1,0
10,5,R10_I05,1,FIXED,Fixed order + fixed direction,1,NaN,492.988521100502,12542.1595357526,647.051161764131,1803.89495403072,173.304248600355,7710.70494643809,10,8,25,0,25.259633542145,2.43e-05,0,18-13-20-2-11-6-7-15-10-5,M001_S006200|M002_S000000|M005_S006200|M009_S000000|F005_S005000|F021_S005000|F073_S005000|F195_S001400|F300_S005000|F301_S010000,++++++++++,1,0,NaN
10,5,R10_I05,2,NN_DP,Nearest neighbour-DP,1,NaN,411.190703639119,8913.83203962133,421.444623243326,1513.25363408226,91.9242382347767,4082.37745030681,4,4,25,16.5922357134777,4.4762598909939,0.000165,0,13-10-18-11-5-7-15-6-20-2,M002_S000000|F300_S005000|M001_S006200|F005_S005000|F301_S010000|F073_S005000|F195_S001400|F021_S005000|M005_S006200|M009_S000000,--++-+++-+,1,0,NaN
10,5,R10_I05,3,JOINT_GA,Joint-encoding GA,1,21267001,394.205582603705,8123.12344103569,402.89116575474,1446.74483110108,74.9066888760909,3291.66885172116,6,5,25,20.0375737504562,0.160642091586451,0.2869603,150,13-18-10-5-11-7-15-2-6-20,M002_S000000|M001_S006200|F300_S005000|F301_S010000|F005_S005000|F073_S005000|F195_S001400|M009_S000000|F021_S005000|M005_S006200,-+-+-++-+-,1,0,NaN
10,5,R10_I05,3,JOINT_GA,Joint-encoding GA,2,21267002,394.205582603705,8123.12344103569,402.89116575474,1446.74483110108,74.9066888760909,3291.66885172116,6,5,25,20.0375737504562,0.160642091586451,0.2965063,150,13-18-10-5-11-7-15-2-6-20,M002_S000000|M001_S006200|F300_S005000|F301_S010000|F005_S005000|F073_S005000|F195_S001400|M009_S000000|F021_S005000|M005_S006200,-+-+-++-+-,1,0,NaN
10,5,R10_I05,3,JOINT_GA,Joint-encoding GA,3,21267003,394.205582603705,8123.12344103569,402.89116575474,1446.74483110108,74.9066888760909,3291.66885172116,6,5,25,20.0375737504562,0.160642091586451,0.2852768,150,13-18-10-5-11-7-15-2-6-20,M002_S000000|M001_S006200|F300_S005000|F301_S010000|F005_S005000|F073_S005000|F195_S001400|M009_S000000|F021_S005000|M005_S006200,-+-+-++-+-,1,0,NaN
10,5,R10_I05,3,JOINT_GA,Joint-encoding GA,4,21267004,394.205582603705,8123.12344103569,402.89116575474,1446.74483110108,74.9066888760909,3291.66885172116,6,5,25,20.0375737504562,0.160642091586451,0.2856203,150,13-18-10-5-11-7-15-2-6-20,M002_S000000|M001_S006200|F300_S005000|F301_S010000|F005_S005000|F073_S005000|F195_S001400|M009_S000000|F021_S005000|M005_S006200,-+-+-++-+-,1,0,NaN
10,5,R10_I05,3,JOINT_GA,Joint-encoding GA,5,21267005,394.205582603705,8123.12344103569,402.89116575474,1446.74483110108,74.9066888760909,3291.66885172116,6,5,25,20.0375737504562,0.160642091586451,0.284616,150,13-18-10-5-11-7-15-2-6-20,M002_S000000|M001_S006200|F300_S005000|F301_S010000|F005_S005000|F073_S005000|F195_S001400|M009_S000000|F021_S005000|M005_S006200,-+-+-++-+-,1,0,NaN
10,5,R10_I05,3,JOINT_GA,Joint-encoding GA,6,21267006,394.205582603705,8123.12344103569,402.89116575474,1446.74483110108,74.9066888760909,3291.66885172116,6,5,25,20.0375737504562,0.160642091586451,0.286084,150,13-18-10-5-11-7-15-2-6-20,M002_S000000|M001_S006200|F300_S005000|F301_S010000|F005_S005000|F073_S005000|F195_S001400|M009_S000000|F021_S005000|M005_S006200,-+-+-++-+-,1,0,NaN
10,5,R10_I05,3,JOINT_GA,Joint-encoding GA,7,21267007,393.573338161356,8159.76780998641,377.18418074771,1456.45084007547,74.1486393886025,3328.31322067189,6,5,25,20.1658210453299,0,0.2861282,150,11-5-10-18-13-7-15-2-6-20,F005_S005000|F301_S010000|F300_S005000|M001_S006200|M002_S000000|F073_S005000|F195_S001400|M009_S000000|F021_S005000|M005_S006200,+-+-+++-+-,1,0,NaN
10,5,R10_I05,3,JOINT_GA,Joint-encoding GA,8,21267008,394.205582603705,8123.12344103569,402.89116575474,1446.74483110108,74.9066888760909,3291.66885172116,6,5,25,20.0375737504562,0.160642091586451,0.2859092,150,13-18-10-5-11-7-15-2-6-20,M002_S000000|M001_S006200|F300_S005000|F301_S010000|F005_S005000|F073_S005000|F195_S001400|M009_S000000|F021_S005000|M005_S006200,-+-+-++-+-,1,0,NaN
10,5,R10_I05,3,JOINT_GA,Joint-encoding GA,9,21267009,394.205582603705,8123.12344103569,402.89116575474,1446.74483110108,74.9066888760909,3291.66885172116,6,5,25,20.0375737504562,0.160642091586451,0.2865048,150,13-18-10-5-11-7-15-2-6-20,M002_S000000|M001_S006200|F300_S005000|F301_S010000|F005_S005000|F073_S005000|F195_S001400|M009_S000000|F021_S005000|M005_S006200,-+-+-++-+-,1,0,NaN
10,5,R10_I05,3,JOINT_GA,Joint-encoding GA,10,21267010,394.205582603705,8123.12344103569,402.89116575474,1446.74483110108,74.9066888760909,3291.66885172116,6,5,25,20.0375737504562,0.160642091586451,0.2880547,150,13-18-10-5-11-7-15-2-6-20,M002_S000000|M001_S006200|F300_S005000|F301_S010000|F005_S005000|F073_S005000|F195_S001400|M009_S000000|F021_S005000|M005_S006200,-+-+-++-+-,1,0,NaN
10,5,R10_I05,3,JOINT_GA,Joint-encoding GA,11,21267011,394.205582603705,8123.12344103569,402.89116575474,1446.74483110108,74.9066888760909,3291.66885172116,6,5,25,20.0375737504562,0.160642091586451,0.2908083,150,13-18-10-5-11-7-15-2-6-20,M002_S000000|M001_S006200|F300_S005000|F301_S010000|F005_S005000|F073_S005000|F195_S001400|M009_S000000|F021_S005000|M005_S006200,-+-+-++-+-,1,0,NaN
10,5,R10_I05,3,JOINT_GA,Joint-encoding GA,12,21267012,394.205582603705,8123.12344103569,402.89116575474,1446.74483110108,74.9066888760909,3291.66885172116,6,5,25,20.0375737504562,0.160642091586451,0.2853183,150,13-18-10-5-11-7-15-2-6-20,M002_S000000|M001_S006200|F300_S005000|F301_S010000|F005_S005000|F073_S005000|F195_S001400|M009_S000000|F021_S005000|M005_S006200,-+-+-++-+-,1,0,NaN
10,5,R10_I05,3,JOINT_GA,Joint-encoding GA,13,21267013,394.205582603705,8123.12344103569,402.89116575474,1446.74483110108,74.9066888760909,3291.66885172116,6,5,25,20.0375737504562,0.160642091586451,0.299047,150,13-18-10-5-11-7-15-2-6-20,M002_S000000|M001_S006200|F300_S005000|F301_S010000|F005_S005000|F073_S005000|F195_S001400|M009_S000000|F021_S005000|M005_S006200,-+-+-++-+-,1,0,NaN
10,5,R10_I05,3,JOINT_GA,Joint-encoding GA,14,21267014,393.573338161356,8159.76780998641,377.18418074771,1456.45084007547,74.1486393886025,3328.31322067189,6,5,25,20.1658210453299,0,0.2959784,150,11-5-10-18-13-7-15-2-6-20,F005_S005000|F301_S010000|F300_S005000|M001_S006200|M002_S000000|F073_S005000|F195_S001400|M009_S000000|F021_S005000|M005_S006200,+-+-+++-+-,1,0,NaN
10,5,R10_I05,3,JOINT_GA,Joint-encoding GA,15,21267015,399.724901018086,8415.95633135774,388.534190608736,1477.81499878165,80.3467393539669,3584.50174204321,6,6,25,18.9180104790722,1.56300294259455,0.2955475,150,13-18-10-5-11-7-15-20-6-2,M002_S000000|M001_S006200|F300_S005000|F301_S010000|F005_S005000|F073_S005000|F195_S001400|M005_S006200|F021_S005000|M009_S000000,-+-+-+++-+,1,0,NaN
10,5,R10_I05,3,JOINT_GA,Joint-encoding GA,16,21267016,393.573338161356,8159.76780998641,377.18418074771,1456.45084007547,74.1486393886025,3328.31322067189,6,5,25,20.1658210453299,0,0.2951377,150,11-5-10-18-13-7-15-2-6-20,F005_S005000|F301_S010000|F300_S005000|M001_S006200|M002_S000000|F073_S005000|F195_S001400|M009_S000000|F021_S005000|M005_S006200,+-+-+++-+-,1,0,NaN
10,5,R10_I05,3,JOINT_GA,Joint-encoding GA,17,21267017,394.205582603705,8123.12344103569,402.89116575474,1446.74483110108,74.9066888760909,3291.66885172116,6,5,25,20.0375737504562,0.160642091586451,0.2931807,150,13-18-10-5-11-7-15-2-6-20,M002_S000000|M001_S006200|F300_S005000|F301_S010000|F005_S005000|F073_S005000|F195_S001400|M009_S000000|F021_S005000|M005_S006200,-+-+-++-+-,1,0,NaN
10,5,R10_I05,3,JOINT_GA,Joint-encoding GA,18,21267018,394.205582603705,8123.12344103569,402.89116575474,1446.74483110108,74.9066888760909,3291.66885172116,6,5,25,20.0375737504562,0.160642091586451,0.3055906,150,13-18-10-5-11-7-15-2-6-20,M002_S000000|M001_S006200|F300_S005000|F301_S010000|F005_S005000|F073_S005000|F195_S001400|M009_S000000|F021_S005000|M005_S006200,-+-+-++-+-,1,0,NaN
10,5,R10_I05,3,JOINT_GA,Joint-encoding GA,19,21267019,394.205582603705,8123.12344103569,402.89116575474,1446.74483110108,74.9066888760909,3291.66885172116,6,5,25,20.0375737504562,0.160642091586451,0.2887621,150,13-18-10-5-11-7-15-2-6-20,M002_S000000|M001_S006200|F300_S005000|F301_S010000|F005_S005000|F073_S005000|F195_S001400|M009_S000000|F021_S005000|M005_S006200,-+-+-++-+-,1,0,NaN
10,5,R10_I05,3,JOINT_GA,Joint-encoding GA,20,21267020,394.205582603705,8123.12344103569,402.89116575474,1446.74483110108,74.9066888760909,3291.66885172116,6,5,25,20.0375737504562,0.160642091586451,0.2875877,150,13-18-10-5-11-7-15-2-6-20,M002_S000000|M001_S006200|F300_S005000|F301_S010000|F005_S005000|F073_S005000|F195_S001400|M009_S000000|F021_S005000|M005_S006200,-+-+-++-+-,1,0,NaN
10,5,R10_I05,4,GA_DP,Proposed GA-DP,1,21267501,393.573338161356,8159.76780998641,377.18418074771,1456.45084007547,74.1486393886025,3328.31322067189,6,5,25,20.1658210453299,0,0.1563264,150,11-5-10-18-13-7-15-2-6-20,F005_S005000|F301_S010000|F300_S005000|M001_S006200|M002_S000000|F073_S005000|F195_S001400|M009_S000000|F021_S005000|M005_S006200,+-+-+++-+-,1,0,NaN
10,5,R10_I05,4,GA_DP,Proposed GA-DP,2,21267502,394.765427808627,8152.02708273806,407.136307235891,1454.79384624446,75.3260680245447,3320.57249342354,5,4,25,19.9240122412202,0.302888821900402,0.1566022,150,18-11-5-10-13-7-15-2-6-20,M001_S006200|F005_S005000|F301_S010000|F300_S005000|M002_S000000|F073_S005000|F195_S001400|M009_S000000|F021_S005000|M005_S006200,++-++++-+-,1,0,NaN
10,5,R10_I05,4,GA_DP,Proposed GA-DP,3,21267503,393.573338161356,8159.76780998641,377.18418074771,1456.45084007547,74.1486393886025,3328.31322067189,6,5,25,20.1658210453299,0,0.1567189,150,11-5-10-18-13-7-15-2-6-20,F005_S005000|F301_S010000|F300_S005000|M001_S006200|M002_S000000|F073_S005000|F195_S001400|M009_S000000|F021_S005000|M005_S006200,+-+-+++-+-,1,0,NaN
10,5,R10_I05,4,GA_DP,Proposed GA-DP,4,21267504,393.573338161356,8159.76780998641,377.18418074771,1456.45084007547,74.1486393886025,3328.31322067189,6,5,25,20.1658210453299,0,0.1553775,150,11-5-10-18-13-7-15-2-6-20,F005_S005000|F301_S010000|F300_S005000|M001_S006200|M002_S000000|F073_S005000|F195_S001400|M009_S000000|F021_S005000|M005_S006200,+-+-+++-+-,1,0,NaN
10,5,R10_I05,4,GA_DP,Proposed GA-DP,5,21267505,393.573338161356,8159.76780998641,377.18418074771,1456.45084007547,74.1486393886025,3328.31322067189,6,5,25,20.1658210453299,0,0.1539812,150,11-5-10-18-13-7-15-2-6-20,F005_S005000|F301_S010000|F300_S005000|M001_S006200|M002_S000000|F073_S005000|F195_S001400|M009_S000000|F021_S005000|M005_S006200,+-+-+++-+-,1,0,NaN
10,5,R10_I05,4,GA_DP,Proposed GA-DP,6,21267506,393.573338161356,8159.76780998641,377.18418074771,1456.45084007547,74.1486393886025,3328.31322067189,6,5,25,20.1658210453299,0,0.15671,150,11-5-10-18-13-7-15-2-6-20,F005_S005000|F301_S010000|F300_S005000|M001_S006200|M002_S000000|F073_S005000|F195_S001400|M009_S000000|F021_S005000|M005_S006200,+-+-+++-+-,1,0,NaN
10,5,R10_I05,4,GA_DP,Proposed GA-DP,7,21267507,393.573338161356,8159.76780998641,377.18418074771,1456.45084007547,74.1486393886025,3328.31322067189,6,5,25,20.1658210453299,0,0.1572115,150,11-5-10-18-13-7-15-2-6-20,F005_S005000|F301_S010000|F300_S005000|M001_S006200|M002_S000000|F073_S005000|F195_S001400|M009_S000000|F021_S005000|M005_S006200,+-+-+++-+-,1,0,NaN
10,5,R10_I05,4,GA_DP,Proposed GA-DP,8,21267508,393.573338161356,8159.76780998641,377.18418074771,1456.45084007547,74.1486393886025,3328.31322067189,6,5,25,20.1658210453299,0,0.1582308,150,11-5-10-18-13-7-15-2-6-20,F005_S005000|F301_S010000|F300_S005000|M001_S006200|M002_S000000|F073_S005000|F195_S001400|M009_S000000|F021_S005000|M005_S006200,+-+-+++-+-,1,0,NaN
10,5,R10_I05,4,GA_DP,Proposed GA-DP,9,21267509,393.573338161356,8159.76780998641,377.18418074771,1456.45084007547,74.1486393886025,3328.31322067189,6,5,25,20.1658210453299,0,0.1548077,150,11-5-10-18-13-7-15-2-6-20,F005_S005000|F301_S010000|F300_S005000|M001_S006200|M002_S000000|F073_S005000|F195_S001400|M009_S000000|F021_S005000|M005_S006200,+-+-+++-+-,1,0,NaN
10,5,R10_I05,4,GA_DP,Proposed GA-DP,10,21267510,393.573338161356,8159.76780998641,377.18418074771,1456.45084007547,74.1486393886025,3328.31322067189,6,5,25,20.1658210453299,0,0.1549913,150,11-5-10-18-13-7-15-2-6-20,F005_S005000|F301_S010000|F300_S005000|M001_S006200|M002_S000000|F073_S005000|F195_S001400|M009_S000000|F021_S005000|M005_S006200,+-+-+++-+-,1,0,NaN
10,5,R10_I05,4,GA_DP,Proposed GA-DP,11,21267511,394.765427808627,8152.02708273806,407.136307235891,1454.79384624446,75.3260680245447,3320.57249342354,5,4,25,19.9240122412202,0.302888821900402,0.1538401,150,18-11-5-10-13-7-15-2-6-20,M001_S006200|F005_S005000|F301_S010000|F300_S005000|M002_S000000|F073_S005000|F195_S001400|M009_S000000|F021_S005000|M005_S006200,++-++++-+-,1,0,NaN
10,5,R10_I05,4,GA_DP,Proposed GA-DP,12,21267512,393.573338161356,8159.76780998641,377.18418074771,1456.45084007547,74.1486393886025,3328.31322067189,6,5,25,20.1658210453299,0,0.156712,150,11-5-10-18-13-7-15-2-6-20,F005_S005000|F301_S010000|F300_S005000|M001_S006200|M002_S000000|F073_S005000|F195_S001400|M009_S000000|F021_S005000|M005_S006200,+-+-+++-+-,1,0,NaN
10,5,R10_I05,4,GA_DP,Proposed GA-DP,13,21267513,393.573338161356,8159.76780998641,377.18418074771,1456.45084007547,74.1486393886025,3328.31322067189,6,5,25,20.1658210453299,0,0.1560037,150,11-5-10-18-13-7-15-2-6-20,F005_S005000|F301_S010000|F300_S005000|M001_S006200|M002_S000000|F073_S005000|F195_S001400|M009_S000000|F021_S005000|M005_S006200,+-+-+++-+-,1,0,NaN
10,5,R10_I05,4,GA_DP,Proposed GA-DP,14,21267514,393.573338161356,8159.76780998641,377.18418074771,1456.45084007547,74.1486393886025,3328.31322067189,6,5,25,20.1658210453299,0,0.160754,150,11-5-10-18-13-7-15-2-6-20,F005_S005000|F301_S010000|F300_S005000|M001_S006200|M002_S000000|F073_S005000|F195_S001400|M009_S000000|F021_S005000|M005_S006200,+-+-+++-+-,1,0,NaN
10,5,R10_I05,4,GA_DP,Proposed GA-DP,15,21267515,393.573338161356,8159.76780998641,377.18418074771,1456.45084007547,74.1486393886025,3328.31322067189,6,5,25,20.1658210453299,0,0.1580728,150,11-5-10-18-13-7-15-2-6-20,F005_S005000|F301_S010000|F300_S005000|M001_S006200|M002_S000000|F073_S005000|F195_S001400|M009_S000000|F021_S005000|M005_S006200,+-+-+++-+-,1,0,NaN
10,5,R10_I05,4,GA_DP,Proposed GA-DP,16,21267516,393.573338161356,8159.76780998641,377.18418074771,1456.45084007547,74.1486393886025,3328.31322067189,6,5,25,20.1658210453299,0,0.1622983,150,11-5-10-18-13-7-15-2-6-20,F005_S005000|F301_S010000|F300_S005000|M001_S006200|M002_S000000|F073_S005000|F195_S001400|M009_S000000|F021_S005000|M005_S006200,+-+-+++-+-,1,0,NaN
10,5,R10_I05,4,GA_DP,Proposed GA-DP,17,21267517,393.573338161356,8159.76780998641,377.18418074771,1456.45084007547,74.1486393886025,3328.31322067189,6,5,25,20.1658210453299,0,0.1709518,150,11-5-10-18-13-7-15-2-6-20,F005_S005000|F301_S010000|F300_S005000|M001_S006200|M002_S000000|F073_S005000|F195_S001400|M009_S000000|F021_S005000|M005_S006200,+-+-+++-+-,1,0,NaN
10,5,R10_I05,4,GA_DP,Proposed GA-DP,18,21267518,393.573338161356,8159.76780998641,377.18418074771,1456.45084007547,74.1486393886025,3328.31322067189,6,5,25,20.1658210453299,0,0.1593161,150,11-5-10-18-13-7-15-2-6-20,F005_S005000|F301_S010000|F300_S005000|M001_S006200|M002_S000000|F073_S005000|F195_S001400|M009_S000000|F021_S005000|M005_S006200,+-+-+++-+-,1,0,NaN
10,5,R10_I05,4,GA_DP,Proposed GA-DP,19,21267519,393.573338161356,8159.76780998641,377.18418074771,1456.45084007547,74.1486393886025,3328.31322067189,6,5,25,20.1658210453299,0,0.154822,150,11-5-10-18-13-7-15-2-6-20,F005_S005000|F301_S010000|F300_S005000|M001_S006200|M002_S000000|F073_S005000|F195_S001400|M009_S000000|F021_S005000|M005_S006200,+-+-+++-+-,1,0,NaN
10,5,R10_I05,4,GA_DP,Proposed GA-DP,20,21267520,393.573338161356,8159.76780998641,377.18418074771,1456.45084007547,74.1486393886025,3328.31322067189,6,5,25,20.1658210453299,0,0.1541303,150,11-5-10-18-13-7-15-2-6-20,F005_S005000|F301_S010000|F300_S005000|M001_S006200|M002_S000000|F073_S005000|F195_S001400|M009_S000000|F021_S005000|M005_S006200,+-+-+++-+-,1,0,NaN
10,5,R10_I05,5,EXACT,Exact optimum,1,NaN,393.573338161356,8159.76780998641,377.18418074771,1456.45084007547,74.1486393886025,3328.31322067189,6,5,25,20.1658210453299,0,0.0495736,0,11-5-10-18-13-7-15-2-6-20,F005_S005000|F301_S010000|F300_S005000|M001_S006200|M002_S000000|F073_S005000|F195_S001400|M009_S000000|F021_S005000|M005_S006200,+-+-+++-+-,1,1,0
10,6,R10_I06,1,FIXED,Fixed order + fixed direction,1,NaN,501.238239313395,13214.8035715014,646.145069432997,1824.75282725763,181.885854604729,8387.1014759972,9,9,25,0,25.9536336941313,2.35e-05,0,4-20-24-14-3-23-6-22-15-10,M001_S001200|M005_S006200|M007_S007800|M009_S005000|M009_S010000|F002_S000000|F021_S005000|F177_S000000|F195_S001400|F300_S005000,++++++++++,1,0,NaN
10,6,R10_I06,2,NN_DP,Nearest neighbour-DP,1,NaN,434.08118642166,10105.074035189,483.405463922445,1577.18266039687,115.122141053671,5277.3719396848,7,6,25,13.3982301477492,9.07807597233858,0.000156,0,23-20-22-15-6-24-14-3-10-4,F002_S000000|M005_S006200|F177_S000000|F195_S001400|F021_S005000|M007_S007800|M009_S005000|M009_S010000|F300_S005000|M001_S001200,+--++-++-+,1,0,NaN
10,6,R10_I06,3,JOINT_GA,Joint-encoding GA,1,21268001,416.319732358386,9434.0889222332,378.455358106328,1524.46379260394,97.137689885105,4606.38682672896,5,4,25,16.9417455203202,4.61488960007526,0.2854481,150,22-6-15-24-14-3-20-4-10-23,F177_S000000|F021_S005000|F195_S001400|M007_S007800|M009_S005000|M009_S010000|M005_S006200|M001_S001200|F300_S005000|F002_S000000,+--+++-++-,1,0,NaN
10,6,R10_I06,3,JOINT_GA,Joint-encoding GA,2,21268002,420.430556320489,9391.77632544351,460.070415408831,1524.46746843476,101.509653426286,4564.07422993927,8,6,25,16.1216117715995,5.64787785774088,0.289243,150,20-6-3-14-24-15-22-4-10-23,M005_S006200|F021_S005000|M009_S010000|M009_S005000|M007_S007800|F195_S001400|F177_S000000|M001_S001200|F300_S005000|F002_S000000,-+---+-++-,1,0,NaN
10,6,R10_I06,3,JOINT_GA,Joint-encoding GA,3,21268003,418.542737697281,9629.67984263495,419.883605220617,1542.23533696917,99.4798852045969,4801.97774713071,6,5,25,16.4982427776044,5.17349742005895,0.2926385,150,15-6-20-22-24-14-3-23-10-4,F195_S001400|F021_S005000|M005_S006200|F177_S000000|M007_S007800|M009_S005000|M009_S010000|F002_S000000|F300_S005000|M001_S001200,++--+++--+,1,0,NaN
10,6,R10_I06,3,JOINT_GA,Joint-encoding GA,4,21268004,414.476752720221,9244.12724648456,396.676527139982,1521.04955469757,95.4673904794447,4416.42515098032,7,5,25,17.3094308830111,4.15177652520457,0.3005839,150,20-3-14-24-15-6-22-4-10-23,M005_S006200|M009_S010000|M009_S005000|M007_S007800|F195_S001400|F021_S005000|F177_S000000|M001_S001200|F300_S005000|F002_S000000,+---++-++-,1,0,NaN
10,6,R10_I06,3,JOINT_GA,Joint-encoding GA,5,21268005,407.047870272111,8993.20955489286,378.396605458501,1495.07671185623,88.0096359257733,4165.50745938862,5,3,25,18.7915369685896,2.28501005521671,0.2997404,150,4-10-23-6-15-24-14-3-20-22,M001_S001200|F300_S005000|F002_S000000|F021_S005000|F195_S001400|M007_S007800|M009_S005000|M009_S010000|M005_S006200|F177_S000000,-++--+++--,1,0,NaN
10,6,R10_I06,3,JOINT_GA,Joint-encoding GA,6,21268006,408.561824976531,9169.27789469243,325.859571640033,1521.34786258086,89.51451162741,4341.57579918819,5,4,25,18.4894940305859,2.66544411094882,0.4649007,150,10-4-15-6-22-24-14-3-20-23,F300_S005000|M001_S001200|F195_S001400|F021_S005000|F177_S000000|M007_S007800|M009_S005000|M009_S010000|M005_S006200|F002_S000000,--++-+++--,1,0,NaN
10,6,R10_I06,3,JOINT_GA,Joint-encoding GA,7,21268007,401.041541914082,8574.87636205594,416.199850765644,1468.78358885052,81.8944019090096,3747.1742665517,6,5,25,19.9898350805325,0.7757100407364,1.0127614,150,10-4-22-15-24-14-3-6-20-23,F300_S005000|M001_S001200|F177_S000000|F195_S001400|M007_S007800|M009_S005000|M009_S010000|F021_S005000|M005_S006200|F002_S000000,--+-+++-+-,1,0,NaN
10,6,R10_I06,3,JOINT_GA,Joint-encoding GA,8,21268008,417.268195126848,9439.20904493098,436.087481987888,1535.8035119985,98.1457105399472,4611.50694942675,7,6,25,16.7525215756823,4.85322403416605,1.0273432,150,22-6-20-15-24-14-3-23-10-4,F177_S000000|F021_S005000|M005_S006200|F195_S001400|M007_S007800|M009_S005000|M009_S010000|F002_S000000|F300_S005000|M001_S001200,++--+++--+,1,0,NaN
10,6,R10_I06,3,JOINT_GA,Joint-encoding GA,9,21268009,420.249616771086,9739.65195335031,363.968669427025,1545.72584092916,101.078941607184,4911.94985784607,5,4,25,16.1577102842848,5.60241046930417,1.0126488,150,15-6-22-24-14-3-20-4-10-23,F195_S001400|F021_S005000|F177_S000000|M007_S007800|M009_S005000|M009_S010000|M005_S006200|M001_S001200|F300_S005000|F002_S000000,++-+++-++-,1,0,NaN
10,6,R10_I06,3,JOINT_GA,Joint-encoding GA,10,21268010,410.964511102112,9233.78888884772,363.104542546824,1526.83687243596,91.9677510853319,4406.08679334349,9,6,25,18.0101439058084,3.26920301122338,1.0007843,150,10-4-15-22-6-3-14-24-20-23,F300_S005000|M001_S001200|F195_S001400|F177_S000000|F021_S005000|M009_S010000|M009_S005000|M007_S007800|M005_S006200|F002_S000000,--+++---+-,1,0,NaN
10,6,R10_I06,3,JOINT_GA,Joint-encoding GA,11,21268011,404.926963048741,8891.56552027523,365.125941721288,1491.38354470524,85.8682823902416,4063.86342477099,5,4,25,19.2146705320373,1.75205795667476,1.0000832,150,10-4-22-6-15-24-14-3-20-23,F300_S005000|M001_S001200|F177_S000000|F021_S005000|F195_S001400|M007_S007800|M009_S005000|M009_S010000|M005_S006200|F002_S000000,--+--+++--,1,0,NaN
10,6,R10_I06,3,JOINT_GA,Joint-encoding GA,12,21268012,418.542737697281,9629.67984263495,419.883605220617,1542.23533696917,99.4798852045969,4801.97774713071,6,5,25,16.4982427776044,5.17349742005895,1.0081782,150,15-6-20-22-24-14-3-23-10-4,F195_S001400|F021_S005000|M005_S006200|F177_S000000|M007_S007800|M009_S005000|M009_S010000|F002_S000000|F300_S005000|M001_S001200,++--+++--+,1,0,NaN
10,6,R10_I06,3,JOINT_GA,Joint-encoding GA,13,21268013,420.249616771086,9739.65195335031,363.968669427025,1545.72584092916,101.078941607184,4911.94985784607,5,4,25,16.1577102842848,5.60241046930417,1.0426599,150,15-6-22-24-14-3-20-4-10-23,F195_S001400|F021_S005000|F177_S000000|M007_S007800|M009_S005000|M009_S010000|M005_S006200|M001_S001200|F300_S005000|F002_S000000,++-+++-++-,1,0,NaN
10,6,R10_I06,3,JOINT_GA,Joint-encoding GA,14,21268014,422.285407592102,9737.98158376615,434.37029389992,1553.64048020662,103.222555099418,4910.27948826191,6,5,25,15.7515579476625,6.11397409561359,0.9362273,150,22-15-6-20-24-14-3-23-10-4,F177_S000000|F195_S001400|F021_S005000|M005_S006200|M007_S007800|M009_S005000|M009_S010000|F002_S000000|F300_S005000|M001_S001200,-++-+++--+,1,0,NaN
10,6,R10_I06,3,JOINT_GA,Joint-encoding GA,15,21268015,414.217841055039,9295.8734204038,407.8406628204,1521.94916293798,95.2259882068571,4468.17132489957,7,5,25,17.3610852950003,4.0867159163409,1.029313,150,23-20-3-14-24-15-6-22-4-10,F002_S000000|M005_S006200|M009_S010000|M009_S005000|M007_S007800|F195_S001400|F021_S005000|F177_S000000|M001_S001200|F300_S005000,++---++-++,1,0,NaN
10,6,R10_I06,3,JOINT_GA,Joint-encoding GA,16,21268016,408.561824976531,9169.27789469243,325.859571640033,1521.34786258086,89.51451162741,4341.57579918819,5,4,25,18.4894940305859,2.66544411094882,1.0053727,150,10-4-15-6-22-24-14-3-20-23,F300_S005000|M001_S001200|F195_S001400|F021_S005000|F177_S000000|M007_S007800|M009_S005000|M009_S010000|M005_S006200|F002_S000000,--++-+++--,1,0,NaN
10,6,R10_I06,3,JOINT_GA,Joint-encoding GA,17,21268017,416.730114862794,9130.82043999715,461.567822146855,1508.15894508303,97.8267213611853,4303.11834449291,8,6,25,16.8598717780116,4.71801255355433,1.0322881,150,23-20-22-15-6-3-14-24-4-10,F002_S000000|M005_S006200|F177_S000000|F195_S001400|F021_S005000|M009_S010000|M009_S005000|M007_S007800|M001_S001200|F300_S005000,+--++---++,1,0,NaN
10,6,R10_I06,3,JOINT_GA,Joint-encoding GA,18,21268018,420.430556320489,9391.77632544351,460.070415408831,1524.46746843476,101.509653426286,4564.07422993927,8,6,25,16.1216117715995,5.64787785774088,1.0098136,150,20-6-3-14-24-15-22-4-10-23,M005_S006200|F021_S005000|M009_S010000|M009_S005000|M007_S007800|F195_S001400|F177_S000000|M001_S001200|F300_S005000|F002_S000000,-+---+-++-,1,0,NaN
10,6,R10_I06,3,JOINT_GA,Joint-encoding GA,19,21268019,434.08118642166,10105.074035189,483.405463922445,1577.18266039687,115.122141053671,5277.3719396848,7,6,25,13.3982301477492,9.07807597233858,1.0039082,150,23-20-22-15-6-24-14-3-10-4,F002_S000000|M005_S006200|F177_S000000|F195_S001400|F021_S005000|M007_S007800|M009_S005000|M009_S010000|F300_S005000|M001_S001200,+--++-++-+,1,0,NaN
10,6,R10_I06,3,JOINT_GA,Joint-encoding GA,20,21268020,424.359304031127,9666.15014682848,413.589726724897,1548.57584810589,105.292435991919,4838.44805132425,5,5,25,15.3378033143637,6.63511309083123,0.9954504,150,23-22-15-6-24-14-3-20-4-10,F002_S000000|F177_S000000|F195_S001400|F021_S005000|M007_S007800|M009_S005000|M009_S010000|M005_S006200|M001_S001200|F300_S005000,+-++-++-++,1,0,NaN
10,6,R10_I06,4,GA_DP,Proposed GA-DP,1,21268501,397.95456836967,8438.23376312298,410.10437237913,1456.06486723264,78.8074283645969,3610.53166761874,5,4,25,20.605704601709,0,0.1581713,150,10-4-22-20-6-15-24-14-3-23,F300_S005000|M001_S001200|F177_S000000|M005_S006200|F021_S005000|F195_S001400|M007_S007800|M009_S005000|M009_S010000|F002_S000000,--++--+++-,1,0,NaN
10,6,R10_I06,4,GA_DP,Proposed GA-DP,2,21268502,397.95456836967,8438.23376312298,410.10437237913,1456.06486723264,78.8074283645969,3610.53166761874,5,4,25,20.605704601709,0,0.1644401,150,10-4-22-20-6-15-24-14-3-23,F300_S005000|M001_S001200|F177_S000000|M005_S006200|F021_S005000|F195_S001400|M007_S007800|M009_S005000|M009_S010000|F002_S000000,--++--+++-,1,0,NaN
10,6,R10_I06,4,GA_DP,Proposed GA-DP,3,21268503,403.421642994242,8832.8068089685,380.115779277588,1482.65355541783,84.5337886361971,4005.10471346426,6,3,25,19.5149908061971,1.37379365865043,0.1626134,150,4-10-23-3-14-24-15-6-20-22,M001_S001200|F300_S005000|F002_S000000|M009_S010000|M009_S005000|M007_S007800|F195_S001400|F021_S005000|M005_S006200|F177_S000000,-++---++--,1,0,NaN
10,6,R10_I06,4,GA_DP,Proposed GA-DP,4,21268504,401.041541914082,8574.87636205594,416.199850765644,1468.78358885052,81.8944019090096,3747.1742665517,6,5,25,19.9898350805325,0.7757100407364,0.1660449,150,10-4-22-15-24-14-3-6-20-23,F300_S005000|M001_S001200|F177_S000000|F195_S001400|M007_S007800|M009_S005000|M009_S010000|F021_S005000|M005_S006200|F002_S000000,--+-+++-+-,1,0,NaN
10,6,R10_I06,4,GA_DP,Proposed GA-DP,5,21268505,401.041541914082,8574.87636205594,416.199850765644,1468.78358885052,81.8944019090096,3747.1742665517,6,5,25,19.9898350805325,0.7757100407364,0.1712608,150,10-4-22-15-24-14-3-6-20-23,F300_S005000|M001_S001200|F177_S000000|F195_S001400|M007_S007800|M009_S005000|M009_S010000|F021_S005000|M005_S006200|F002_S000000,--+-+++-+-,1,0,NaN
10,6,R10_I06,4,GA_DP,Proposed GA-DP,6,21268506,397.95456836967,8438.23376312298,410.10437237913,1456.06486723264,78.8074283645969,3610.53166761874,5,4,25,20.605704601709,0,0.5765173,150,10-4-22-20-6-15-24-14-3-23,F300_S005000|M001_S001200|F177_S000000|M005_S006200|F021_S005000|F195_S001400|M007_S007800|M009_S005000|M009_S010000|F002_S000000,--++--+++-,1,0,NaN
10,6,R10_I06,4,GA_DP,Proposed GA-DP,7,21268507,403.421642994242,8832.8068089685,380.115779277588,1482.65355541783,84.5337886361971,4005.10471346426,6,3,25,19.5149908061971,1.37379365865043,0.5653836,150,4-10-23-3-14-24-15-6-20-22,M001_S001200|F300_S005000|F002_S000000|M009_S010000|M009_S005000|M007_S007800|F195_S001400|F021_S005000|M005_S006200|F177_S000000,-++---++--,1,0,NaN
10,6,R10_I06,4,GA_DP,Proposed GA-DP,8,21268508,397.95456836967,8438.23376312298,410.10437237913,1456.06486723264,78.8074283645969,3610.53166761874,5,4,25,20.605704601709,0,0.5542206,150,10-4-22-20-6-15-24-14-3-23,F300_S005000|M001_S001200|F177_S000000|M005_S006200|F021_S005000|F195_S001400|M007_S007800|M009_S005000|M009_S010000|F002_S000000,--++--+++-,1,0,NaN
10,6,R10_I06,4,GA_DP,Proposed GA-DP,9,21268509,401.041541914082,8574.87636205594,416.199850765644,1468.78358885052,81.8944019090096,3747.1742665517,6,5,25,19.9898350805325,0.7757100407364,0.5835699,150,10-4-22-15-24-14-3-6-20-23,F300_S005000|M001_S001200|F177_S000000|F195_S001400|M007_S007800|M009_S005000|M009_S010000|F021_S005000|M005_S006200|F002_S000000,--+-+++-+-,1,0,NaN
10,6,R10_I06,4,GA_DP,Proposed GA-DP,10,21268510,401.041541914082,8574.87636205594,416.199850765644,1468.78358885052,81.8944019090096,3747.1742665517,6,5,25,19.9898350805325,0.7757100407364,0.5979733,150,10-4-22-15-24-14-3-6-20-23,F300_S005000|M001_S001200|F177_S000000|F195_S001400|M007_S007800|M009_S005000|M009_S010000|F021_S005000|M005_S006200|F002_S000000,--+-+++-+-,1,0,NaN
10,6,R10_I06,4,GA_DP,Proposed GA-DP,11,21268511,401.041541914082,8574.87636205594,416.199850765644,1468.78358885052,81.8944019090096,3747.1742665517,6,5,25,19.9898350805325,0.7757100407364,0.5941039,150,10-4-22-15-24-14-3-6-20-23,F300_S005000|M001_S001200|F177_S000000|F195_S001400|M007_S007800|M009_S005000|M009_S010000|F021_S005000|M005_S006200|F002_S000000,--+-+++-+-,1,0,NaN
10,6,R10_I06,4,GA_DP,Proposed GA-DP,12,21268512,401.041541914082,8574.87636205594,416.199850765644,1468.78358885052,81.8944019090096,3747.1742665517,6,5,25,19.9898350805325,0.7757100407364,0.487115,150,10-4-22-15-24-14-3-6-20-23,F300_S005000|M001_S001200|F177_S000000|F195_S001400|M007_S007800|M009_S005000|M009_S010000|F021_S005000|M005_S006200|F002_S000000,--+-+++-+-,1,0,NaN
10,6,R10_I06,4,GA_DP,Proposed GA-DP,13,21268513,401.041541914082,8574.87636205594,416.199850765644,1468.78358885052,81.8944019090096,3747.1742665517,6,5,25,19.9898350805325,0.7757100407364,0.5767743,150,10-4-22-15-24-14-3-6-20-23,F300_S005000|M001_S001200|F177_S000000|F195_S001400|M007_S007800|M009_S005000|M009_S010000|F021_S005000|M005_S006200|F002_S000000,--+-+++-+-,1,0,NaN
10,6,R10_I06,4,GA_DP,Proposed GA-DP,14,21268514,397.95456836967,8438.23376312298,410.10437237913,1456.06486723264,78.8074283645969,3610.53166761874,5,4,25,20.605704601709,0,0.5609931,150,10-4-22-20-6-15-24-14-3-23,F300_S005000|M001_S001200|F177_S000000|M005_S006200|F021_S005000|F195_S001400|M007_S007800|M009_S005000|M009_S010000|F002_S000000,--++--+++-,1,0,NaN
10,6,R10_I06,4,GA_DP,Proposed GA-DP,15,21268515,397.95456836967,8438.23376312298,410.10437237913,1456.06486723264,78.8074283645969,3610.53166761874,5,4,25,20.605704601709,0,0.5548001,150,10-4-22-20-6-15-24-14-3-23,F300_S005000|M001_S001200|F177_S000000|M005_S006200|F021_S005000|F195_S001400|M007_S007800|M009_S005000|M009_S010000|F002_S000000,--++--+++-,1,0,NaN
10,6,R10_I06,4,GA_DP,Proposed GA-DP,16,21268516,401.041541914082,8574.87636205594,416.199850765644,1468.78358885052,81.8944019090096,3747.1742665517,6,5,25,19.9898350805325,0.7757100407364,0.5731986,150,10-4-22-15-24-14-3-6-20-23,F300_S005000|M001_S001200|F177_S000000|F195_S001400|M007_S007800|M009_S005000|M009_S010000|F021_S005000|M005_S006200|F002_S000000,--+-+++-+-,1,0,NaN
10,6,R10_I06,4,GA_DP,Proposed GA-DP,17,21268517,401.041541914082,8574.87636205594,416.199850765644,1468.78358885052,81.8944019090096,3747.1742665517,6,5,25,19.9898350805325,0.7757100407364,0.5160448,150,10-4-22-15-24-14-3-6-20-23,F300_S005000|M001_S001200|F177_S000000|F195_S001400|M007_S007800|M009_S005000|M009_S010000|F021_S005000|M005_S006200|F002_S000000,--+-+++-+-,1,0,NaN
10,6,R10_I06,4,GA_DP,Proposed GA-DP,18,21268518,403.421642994242,8832.8068089685,380.115779277588,1482.65355541783,84.5337886361971,4005.10471346426,6,3,25,19.5149908061971,1.37379365865043,0.5639675,150,4-10-23-3-14-24-15-6-20-22,M001_S001200|F300_S005000|F002_S000000|M009_S010000|M009_S005000|M007_S007800|F195_S001400|F021_S005000|M005_S006200|F177_S000000,-++---++--,1,0,NaN
10,6,R10_I06,4,GA_DP,Proposed GA-DP,19,21268519,403.421642994242,8832.8068089685,380.115779277588,1482.65355541783,84.5337886361971,4005.10471346426,6,3,25,19.5149908061971,1.37379365865043,0.5633018,150,4-10-23-3-14-24-15-6-20-22,M001_S001200|F300_S005000|F002_S000000|M009_S010000|M009_S005000|M007_S007800|F195_S001400|F021_S005000|M005_S006200|F177_S000000,-++---++--,1,0,NaN
10,6,R10_I06,4,GA_DP,Proposed GA-DP,20,21268520,397.95456836967,8438.23376312298,410.10437237913,1456.06486723264,78.8074283645969,3610.53166761874,5,4,25,20.605704601709,0,0.5701138,150,10-4-22-20-6-15-24-14-3-23,F300_S005000|M001_S001200|F177_S000000|M005_S006200|F021_S005000|F195_S001400|M007_S007800|M009_S005000|M009_S010000|F002_S000000,--++--+++-,1,0,NaN
10,6,R10_I06,5,EXACT,Exact optimum,1,NaN,397.95456836967,8438.23376312298,410.10437237913,1456.06486723264,78.8074283645969,3610.53166761874,5,4,25,20.605704601709,0,0.0483141,0,10-4-22-20-6-15-24-14-3-23,F300_S005000|M001_S001200|F177_S000000|M005_S006200|F021_S005000|F195_S001400|M007_S007800|M009_S005000|M009_S010000|F002_S000000,--++--+++-,1,1,0
10,7,R10_I07,1,FIXED,Fixed order + fixed direction,1,NaN,527.516842368778,14261.7520351683,775.377644189691,1888.59220811507,207.937384906957,9429.84284590653,8,8,25,0,34.885283701226,5.55e-05,0,13-16-17-14-3-23-25-22-15-5,M002_S000000|M005_S011200|M008_S005000|M009_S005000|M009_S010000|F002_S000000|F003_S000000|F177_S000000|F195_S001400|F301_S010000,++++++++++,1,0,NaN
10,7,R10_I07,2,NN_DP,Nearest neighbour-DP,1,NaN,404.721903166949,8563.46454370118,425.882473652157,1481.01336374764,85.5267025045215,3731.55535443945,7,4,25.7785443968074,23.277918227298,3.48679766059577,0.0003494,0,25-23-17-13-5-16-3-14-15-22,F003_S000000|F002_S000000|M008_S005000|M002_S000000|F301_S010000|M005_S011200|M009_S010000|M009_S005000|F195_S001400|F177_S000000,+---++---+,1,0,NaN
10,7,R10_I07,3,JOINT_GA,Joint-encoding GA,1,21269001,404.721903166949,8563.46454370118,425.882473652157,1481.01336374764,85.5267025045215,3731.55535443945,7,4,25.7785443968074,23.277918227298,3.48679766059577,1.0084873,150,25-23-17-13-5-16-3-14-15-22,F003_S000000|F002_S000000|M008_S005000|M002_S000000|F301_S010000|M005_S011200|M009_S010000|M009_S005000|F195_S001400|F177_S000000,+---++---+,1,0,NaN
10,7,R10_I07,3,JOINT_GA,Joint-encoding GA,2,21269002,398.441002133428,8269.9692767262,414.803400270606,1459.05886307444,79.2463372379134,3438.06008746447,6,4,25.4980319796005,24.468572350362,1.8807804688005,1.0707553,150,17-13-5-25-23-16-3-14-15-22,M008_S005000|M002_S000000|F301_S010000|F003_S000000|F002_S000000|M005_S011200|M009_S010000|M009_S005000|F195_S001400|F177_S000000,--+-++---+,1,0,NaN
10,7,R10_I07,3,JOINT_GA,Joint-encoding GA,3,21269003,404.721903166949,8563.46454370118,425.882473652157,1481.01336374764,85.5267025045215,3731.55535443945,7,4,25.7785443968074,23.277918227298,3.48679766059577,1.0051273,150,25-23-17-13-5-16-3-14-15-22,F003_S000000|F002_S000000|M008_S005000|M002_S000000|F301_S010000|M005_S011200|M009_S010000|M009_S005000|F195_S001400|F177_S000000,+---++---+,1,0,NaN
10,7,R10_I07,3,JOINT_GA,Joint-encoding GA,4,21269004,396.349884407793,8195.48353684654,403.483510335809,1457.08231440654,77.1024089748616,3363.57434758481,6,4,25.4980319796005,24.8649801155142,1.34608473016131,1.0223719,150,25-5-13-17-23-16-3-14-15-22,F003_S000000|F301_S010000|M002_S000000|M008_S005000|F002_S000000|M005_S011200|M009_S010000|M009_S005000|F195_S001400|F177_S000000,+-++++---+,1,0,NaN
10,7,R10_I07,3,JOINT_GA,Joint-encoding GA,5,21269005,398.022098433669,8297.06577161041,402.313866592884,1459.96430596099,78.7444144636256,3465.15658234868,6,4,25,24.5479828385425,1.77366740652966,1.0352681,150,13-5-25-17-23-16-3-14-15-22,M002_S000000|F301_S010000|F003_S000000|M008_S005000|F002_S000000|M005_S011200|M009_S010000|M009_S005000|F195_S001400|F177_S000000,-+-+++---+,1,0,NaN
10,7,R10_I07,3,JOINT_GA,Joint-encoding GA,6,21269006,404.721903166949,8563.46454370118,425.882473652157,1481.01336374764,85.5267025045215,3731.55535443945,7,4,25.7785443968074,23.277918227298,3.48679766059577,0.9015062,150,25-23-17-13-5-16-3-14-15-22,F003_S000000|F002_S000000|M008_S005000|M002_S000000|F301_S010000|M005_S011200|M009_S010000|M009_S005000|F195_S001400|F177_S000000,+---++---+,1,0,NaN
10,7,R10_I07,3,JOINT_GA,Joint-encoding GA,7,21269007,404.721903166949,8563.46454370118,425.882473652157,1481.01336374764,85.5267025045215,3731.55535443945,7,4,25.7785443968074,23.277918227298,3.48679766059577,1.0490606,150,25-23-17-13-5-16-3-14-15-22,F003_S000000|F002_S000000|M008_S005000|M002_S000000|F301_S010000|M005_S011200|M009_S010000|M009_S005000|F195_S001400|F177_S000000,+---++---+,1,0,NaN
10,7,R10_I07,3,JOINT_GA,Joint-encoding GA,8,21269008,396.349884407793,8195.48353684654,403.483510335809,1457.08231440654,77.1024089748616,3363.57434758481,6,4,25.4980319796005,24.8649801155142,1.34608473016131,0.7701075,150,25-5-13-17-23-16-3-14-15-22,F003_S000000|F301_S010000|M002_S000000|M008_S005000|F002_S000000|M005_S011200|M009_S010000|M009_S005000|F195_S001400|F177_S000000,+-++++---+,1,0,NaN
10,7,R10_I07,3,JOINT_GA,Joint-encoding GA,9,21269009,396.349884407793,8195.48353684654,403.483510335809,1457.08231440654,77.1024089748616,3363.57434758481,6,4,25.4980319796005,24.8649801155142,1.34608473016131,1.0357433,150,25-5-13-17-23-16-3-14-15-22,F003_S000000|F301_S010000|M002_S000000|M008_S005000|F002_S000000|M005_S011200|M009_S010000|M009_S005000|F195_S001400|F177_S000000,+-++++---+,1,0,NaN
10,7,R10_I07,3,JOINT_GA,Joint-encoding GA,10,21269010,404.721903166949,8563.46454370118,425.882473652157,1481.01336374764,85.5267025045215,3731.55535443945,7,4,25.7785443968074,23.277918227298,3.48679766059577,0.9512127,150,25-23-17-13-5-16-3-14-15-22,F003_S000000|F002_S000000|M008_S005000|M002_S000000|F301_S010000|M005_S011200|M009_S010000|M009_S005000|F195_S001400|F177_S000000,+---++---+,1,0,NaN
10,7,R10_I07,3,JOINT_GA,Joint-encoding GA,11,21269011,404.721903166949,8563.46454370118,425.882473652157,1481.01336374764,85.5267025045215,3731.55535443945,7,4,25.7785443968074,23.277918227298,3.48679766059577,1.1444659,150,25-23-17-13-5-16-3-14-15-22,F003_S000000|F002_S000000|M008_S005000|M002_S000000|F301_S010000|M005_S011200|M009_S010000|M009_S005000|F195_S001400|F177_S000000,+---++---+,1,0,NaN
10,7,R10_I07,3,JOINT_GA,Joint-encoding GA,12,21269012,404.721903166949,8563.46454370118,425.882473652157,1481.01336374764,85.5267025045215,3731.55535443945,7,4,25.7785443968074,23.277918227298,3.48679766059577,0.9557099,150,25-23-17-13-5-16-3-14-15-22,F003_S000000|F002_S000000|M008_S005000|M002_S000000|F301_S010000|M005_S011200|M009_S010000|M009_S005000|F195_S001400|F177_S000000,+---++---+,1,0,NaN
10,7,R10_I07,3,JOINT_GA,Joint-encoding GA,13,21269013,394.147191850074,7951.9938215998,435.19907748778,1429.55056772285,74.9291399742471,3120.08463233806,4,3,25.4980319796005,25.2825388322801,0.782859470432363,1.0308796,150,13-5-25-23-16-3-14-15-22-17,M002_S000000|F301_S010000|F003_S000000|F002_S000000|M005_S011200|M009_S010000|M009_S005000|F195_S001400|F177_S000000|M008_S005000,-+-++--+-+,1,0,NaN
10,7,R10_I07,3,JOINT_GA,Joint-encoding GA,14,21269014,404.721903166949,8563.46454370118,425.882473652157,1481.01336374764,85.5267025045215,3731.55535443945,7,4,25.7785443968074,23.277918227298,3.48679766059577,1.05906,150,25-23-17-13-5-16-3-14-15-22,F003_S000000|F002_S000000|M008_S005000|M002_S000000|F301_S010000|M005_S011200|M009_S010000|M009_S005000|F195_S001400|F177_S000000,+---++---+,1,0,NaN
10,7,R10_I07,3,JOINT_GA,Joint-encoding GA,15,21269015,396.349884407793,8195.48353684654,403.483510335809,1457.08231440654,77.1024089748616,3363.57434758481,6,4,25.4980319796005,24.8649801155142,1.34608473016131,1.0336128,150,25-5-13-17-23-16-3-14-15-22,F003_S000000|F301_S010000|M002_S000000|M008_S005000|F002_S000000|M005_S011200|M009_S010000|M009_S005000|F195_S001400|F177_S000000,+-++++---+,1,0,NaN
10,7,R10_I07,3,JOINT_GA,Joint-encoding GA,16,21269016,404.721903166949,8563.46454370118,425.882473652157,1481.01336374764,85.5267025045215,3731.55535443945,7,4,25.7785443968074,23.277918227298,3.48679766059577,1.0079905,150,25-23-17-13-5-16-3-14-15-22,F003_S000000|F002_S000000|M008_S005000|M002_S000000|F301_S010000|M005_S011200|M009_S010000|M009_S005000|F195_S001400|F177_S000000,+---++---+,1,0,NaN
10,7,R10_I07,3,JOINT_GA,Joint-encoding GA,17,21269017,396.349884407793,8195.48353684654,403.483510335809,1457.08231440654,77.1024089748616,3363.57434758481,6,4,25.4980319796005,24.8649801155142,1.34608473016131,1.0240144,150,25-5-13-17-23-16-3-14-15-22,F003_S000000|F301_S010000|M002_S000000|M008_S005000|F002_S000000|M005_S011200|M009_S010000|M009_S005000|F195_S001400|F177_S000000,+-++++---+,1,0,NaN
10,7,R10_I07,3,JOINT_GA,Joint-encoding GA,18,21269018,404.721903166949,8563.46454370118,425.882473652157,1481.01336374764,85.5267025045215,3731.55535443945,7,4,25.7785443968074,23.277918227298,3.48679766059577,1.0472748,150,25-23-17-13-5-16-3-14-15-22,F003_S000000|F002_S000000|M008_S005000|M002_S000000|F301_S010000|M005_S011200|M009_S010000|M009_S005000|F195_S001400|F177_S000000,+---++---+,1,0,NaN
10,7,R10_I07,3,JOINT_GA,Joint-encoding GA,19,21269019,398.441002133428,8269.9692767262,414.803400270606,1459.05886307444,79.2463372379134,3438.06008746447,6,4,25.4980319796005,24.468572350362,1.8807804688005,1.0157381,150,17-13-5-25-23-16-3-14-15-22,M008_S005000|M002_S000000|F301_S010000|F003_S000000|F002_S000000|M005_S011200|M009_S010000|M009_S005000|F195_S001400|F177_S000000,--+-++---+,1,0,NaN
10,7,R10_I07,3,JOINT_GA,Joint-encoding GA,20,21269020,398.614287686046,8143.26960385251,449.838421168189,1443.1328565122,79.3957000433065,3311.36041459078,4,3,25.7785443968074,24.4357230574674,1.92508933071518,1.0570595,150,13-5-16-3-14-15-22-17-25-23,M002_S000000|F301_S010000|M005_S011200|M009_S010000|M009_S005000|F195_S001400|F177_S000000|M008_S005000|F003_S000000|F002_S000000,-++--+-++-,1,0,NaN
10,7,R10_I07,4,GA_DP,Proposed GA-DP,1,21269501,391.085541649777,7798.13679093524,427.439457851842,1419.74658799041,71.7982749502915,2966.22760167351,3,3,25.4980319796005,25.8629279221429,0,0.5729552,150,13-5-25-17-22-15-14-3-16-23,M002_S000000|F301_S010000|F003_S000000|M008_S005000|F177_S000000|F195_S001400|M009_S005000|M009_S010000|M005_S011200|F002_S000000,-+--+-++--,1,0,NaN
10,7,R10_I07,4,GA_DP,Proposed GA-DP,2,21269502,391.085541649777,7798.13679093524,427.439457851842,1419.74658799041,71.7982749502915,2966.22760167351,3,3,25.4980319796005,25.8629279221429,0,0.5692027,150,13-5-25-17-22-15-14-3-16-23,M002_S000000|F301_S010000|F003_S000000|M008_S005000|F177_S000000|F195_S001400|M009_S005000|M009_S010000|M005_S011200|F002_S000000,-+--+-++--,1,0,NaN
10,7,R10_I07,4,GA_DP,Proposed GA-DP,3,21269503,391.085541649777,7798.13679093524,427.439457851842,1419.74658799041,71.7982749502915,2966.22760167351,3,3,25.4980319796005,25.8629279221429,0,0.5933005,150,13-5-25-17-22-15-14-3-16-23,M002_S000000|F301_S010000|F003_S000000|M008_S005000|F177_S000000|F195_S001400|M009_S005000|M009_S010000|M005_S011200|F002_S000000,-+--+-++--,1,0,NaN
10,7,R10_I07,4,GA_DP,Proposed GA-DP,4,21269504,391.085541649777,7798.13679093524,427.439457851842,1419.74658799041,71.7982749502915,2966.22760167351,3,3,25.4980319796005,25.8629279221429,0,0.5713934,150,13-5-25-17-22-15-14-3-16-23,M002_S000000|F301_S010000|F003_S000000|M008_S005000|F177_S000000|F195_S001400|M009_S005000|M009_S010000|M005_S011200|F002_S000000,-+--+-++--,1,0,NaN
10,7,R10_I07,4,GA_DP,Proposed GA-DP,5,21269505,391.085541649777,7798.13679093524,427.439457851842,1419.74658799041,71.7982749502915,2966.22760167351,3,3,25.4980319796005,25.8629279221429,0,0.5596573,150,13-5-25-17-22-15-14-3-16-23,M002_S000000|F301_S010000|F003_S000000|M008_S005000|F177_S000000|F195_S001400|M009_S005000|M009_S010000|M005_S011200|F002_S000000,-+--+-++--,1,0,NaN
10,7,R10_I07,4,GA_DP,Proposed GA-DP,6,21269506,397.184033266118,8114.91926397408,422.545538815559,1435.96749530967,77.8967665666326,3283.01007471234,3,3,26.2207802334707,24.706852679321,1.5593753710799,0.5562091,150,13-5-23-25-17-22-15-14-3-16,M002_S000000|F301_S010000|F002_S000000|F003_S000000|M008_S005000|F177_S000000|F195_S001400|M009_S005000|M009_S010000|M005_S011200,-+---+-++-,1,0,NaN
10,7,R10_I07,4,GA_DP,Proposed GA-DP,7,21269507,391.085541649777,7798.13679093524,427.439457851842,1419.74658799041,71.7982749502915,2966.22760167351,3,3,25.4980319796005,25.8629279221429,0,0.498346,150,13-5-25-17-22-15-14-3-16-23,M002_S000000|F301_S010000|F003_S000000|M008_S005000|F177_S000000|F195_S001400|M009_S005000|M009_S010000|M005_S011200|F002_S000000,-+--+-++--,1,0,NaN
10,7,R10_I07,4,GA_DP,Proposed GA-DP,8,21269508,391.085541649777,7798.13679093524,427.439457851842,1419.74658799041,71.7982749502915,2966.22760167351,3,3,25.4980319796005,25.8629279221429,0,0.5563247,150,13-5-25-17-22-15-14-3-16-23,M002_S000000|F301_S010000|F003_S000000|M008_S005000|F177_S000000|F195_S001400|M009_S005000|M009_S010000|M005_S011200|F002_S000000,-+--+-++--,1,0,NaN
10,7,R10_I07,4,GA_DP,Proposed GA-DP,9,21269509,391.085541649777,7798.13679093524,427.439457851842,1419.74658799041,71.7982749502915,2966.22760167351,3,3,25.4980319796005,25.8629279221429,0,0.5726576,150,13-5-25-17-22-15-14-3-16-23,M002_S000000|F301_S010000|F003_S000000|M008_S005000|F177_S000000|F195_S001400|M009_S005000|M009_S010000|M005_S011200|F002_S000000,-+--+-++--,1,0,NaN
10,7,R10_I07,4,GA_DP,Proposed GA-DP,10,21269510,391.085541649777,7798.13679093524,427.439457851842,1419.74658799041,71.7982749502915,2966.22760167351,3,3,25.4980319796005,25.8629279221429,0,0.5858038,150,13-5-25-17-22-15-14-3-16-23,M002_S000000|F301_S010000|F003_S000000|M008_S005000|F177_S000000|F195_S001400|M009_S005000|M009_S010000|M005_S011200|F002_S000000,-+--+-++--,1,0,NaN
10,7,R10_I07,4,GA_DP,Proposed GA-DP,11,21269511,391.085541649777,7798.13679093524,427.439457851842,1419.74658799041,71.7982749502915,2966.22760167351,3,3,25.4980319796005,25.8629279221429,0,0.6776158,150,13-5-25-17-22-15-14-3-16-23,M002_S000000|F301_S010000|F003_S000000|M008_S005000|F177_S000000|F195_S001400|M009_S005000|M009_S010000|M005_S011200|F002_S000000,-+--+-++--,1,0,NaN
10,7,R10_I07,4,GA_DP,Proposed GA-DP,12,21269512,391.085541649777,7798.13679093524,427.439457851842,1419.74658799041,71.7982749502915,2966.22760167351,3,3,25.4980319796005,25.8629279221429,0,0.464116,150,13-5-25-17-22-15-14-3-16-23,M002_S000000|F301_S010000|F003_S000000|M008_S005000|F177_S000000|F195_S001400|M009_S005000|M009_S010000|M005_S011200|F002_S000000,-+--+-++--,1,0,NaN
10,7,R10_I07,4,GA_DP,Proposed GA-DP,13,21269513,391.085541649777,7798.13679093524,427.439457851842,1419.74658799041,71.7982749502915,2966.22760167351,3,3,25.4980319796005,25.8629279221429,0,0.5978129,150,13-5-25-17-22-15-14-3-16-23,M002_S000000|F301_S010000|F003_S000000|M008_S005000|F177_S000000|F195_S001400|M009_S005000|M009_S010000|M005_S011200|F002_S000000,-+--+-++--,1,0,NaN
10,7,R10_I07,4,GA_DP,Proposed GA-DP,14,21269514,391.085541649777,7798.13679093524,427.439457851842,1419.74658799041,71.7982749502915,2966.22760167351,3,3,25.4980319796005,25.8629279221429,0,0.2692771,150,13-5-25-17-22-15-14-3-16-23,M002_S000000|F301_S010000|F003_S000000|M008_S005000|F177_S000000|F195_S001400|M009_S005000|M009_S010000|M005_S011200|F002_S000000,-+--+-++--,1,0,NaN
10,7,R10_I07,4,GA_DP,Proposed GA-DP,15,21269515,391.085541649777,7798.13679093524,427.439457851842,1419.74658799041,71.7982749502915,2966.22760167351,3,3,25.4980319796005,25.8629279221429,0,0.6029132,150,13-5-25-17-22-15-14-3-16-23,M002_S000000|F301_S010000|F003_S000000|M008_S005000|F177_S000000|F195_S001400|M009_S005000|M009_S010000|M005_S011200|F002_S000000,-+--+-++--,1,0,NaN
10,7,R10_I07,4,GA_DP,Proposed GA-DP,16,21269516,391.085541649777,7798.13679093524,427.439457851842,1419.74658799041,71.7982749502915,2966.22760167351,3,3,25.4980319796005,25.8629279221429,0,0.5691751,150,13-5-25-17-22-15-14-3-16-23,M002_S000000|F301_S010000|F003_S000000|M008_S005000|F177_S000000|F195_S001400|M009_S005000|M009_S010000|M005_S011200|F002_S000000,-+--+-++--,1,0,NaN
10,7,R10_I07,4,GA_DP,Proposed GA-DP,17,21269517,391.085541649777,7798.13679093524,427.439457851842,1419.74658799041,71.7982749502915,2966.22760167351,3,3,25.4980319796005,25.8629279221429,0,0.572365,150,13-5-25-17-22-15-14-3-16-23,M002_S000000|F301_S010000|F003_S000000|M008_S005000|F177_S000000|F195_S001400|M009_S005000|M009_S010000|M005_S011200|F002_S000000,-+--+-++--,1,0,NaN
10,7,R10_I07,4,GA_DP,Proposed GA-DP,18,21269518,391.085541649777,7798.13679093524,427.439457851842,1419.74658799041,71.7982749502915,2966.22760167351,3,3,25.4980319796005,25.8629279221429,0,0.5833651,150,13-5-25-17-22-15-14-3-16-23,M002_S000000|F301_S010000|F003_S000000|M008_S005000|F177_S000000|F195_S001400|M009_S005000|M009_S010000|M005_S011200|F002_S000000,-+--+-++--,1,0,NaN
10,7,R10_I07,4,GA_DP,Proposed GA-DP,19,21269519,391.085541649777,7798.13679093524,427.439457851842,1419.74658799041,71.7982749502915,2966.22760167351,3,3,25.4980319796005,25.8629279221429,0,0.4629603,150,13-5-25-17-22-15-14-3-16-23,M002_S000000|F301_S010000|F003_S000000|M008_S005000|F177_S000000|F195_S001400|M009_S005000|M009_S010000|M005_S011200|F002_S000000,-+--+-++--,1,0,NaN
10,7,R10_I07,4,GA_DP,Proposed GA-DP,20,21269520,391.085541649777,7798.13679093524,427.439457851842,1419.74658799041,71.7982749502915,2966.22760167351,3,3,25.4980319796005,25.8629279221429,0,1.0404496,150,13-5-25-17-22-15-14-3-16-23,M002_S000000|F301_S010000|F003_S000000|M008_S005000|F177_S000000|F195_S001400|M009_S005000|M009_S010000|M005_S011200|F002_S000000,-+--+-++--,1,0,NaN
10,7,R10_I07,5,EXACT,Exact optimum,1,NaN,391.085541649777,7798.13679093524,427.439457851842,1419.74658799041,71.7982749502915,2966.22760167351,3,3,25.4980319796005,25.8629279221429,0,0.169769,0,13-5-25-17-22-15-14-3-16-23,M002_S000000|F301_S010000|F003_S000000|M008_S005000|F177_S000000|F195_S001400|M009_S005000|M009_S010000|M005_S011200|F002_S000000,-+--+-++--,1,1,0
10,8,R10_I08,1,FIXED,Fixed order + fixed direction,1,NaN,472.132655536041,11602.7801848247,628.867545063621,1710.86084843531,152.770996313802,6774.43763245827,8,7,25.8827520002594,0,17.6807846744854,5.33e-05,0,4-18-21-20-17-2-14-7-8-5,M001_S001200|M001_S006200|M002_S011200|M005_S006200|M008_S005000|M009_S000000|M009_S005000|F073_S005000|F301_S000000|F301_S010000,++++++++++,1,0,NaN
10,8,R10_I08,2,NN_DP,Nearest neighbour-DP,1,NaN,432.495350790542,9789.85122133126,523.127595028142,1559.41511610294,113.37588715268,4961.50866896483,5,4,25.0332955453667,8.39537453737379,7.80104204254199,0.0003447,0,17-7-20-21-18-4-8-5-2-14,M008_S005000|F073_S005000|M005_S006200|M002_S011200|M001_S006200|M001_S001200|F301_S000000|F301_S010000|M009_S000000|M009_S005000,--+--+++++,1,0,NaN
10,8,R10_I08,3,JOINT_GA,Joint-encoding GA,1,21270001,407.332642866837,8861.05777230603,430.816890916953,1488.05503039165,88.3299933554328,4032.7152199396,6,3,25.7888079456095,13.7249588456517,1.52914540867231,1.0506898,150,18-4-8-5-21-20-14-2-7-17,M001_S006200|M001_S001200|F301_S000000|F301_S010000|M002_S011200|M005_S006200|M009_S005000|M009_S000000|F073_S005000|M008_S005000,-+++-+---+,1,0,NaN
10,8,R10_I08,3,JOINT_GA,Joint-encoding GA,2,21270002,407.332642866837,8861.05777230603,430.816890916953,1488.05503039165,88.3299933554328,4032.7152199396,6,3,25.7888079456095,13.7249588456517,1.52914540867231,1.0016357,150,18-4-8-5-21-20-14-2-7-17,M001_S006200|M001_S001200|F301_S000000|F301_S010000|M002_S011200|M005_S006200|M009_S005000|M009_S000000|F073_S005000|M008_S005000,-+++-+---+,1,0,NaN
10,8,R10_I08,3,JOINT_GA,Joint-encoding GA,3,21270003,432.495350790542,9789.85122133126,523.127595028142,1559.41511610294,113.37588715268,4961.50866896483,5,4,25.0332955453667,8.39537453737379,7.80104204254199,1.0048039,150,17-7-20-21-18-4-8-5-2-14,M008_S005000|F073_S005000|M005_S006200|M002_S011200|M001_S006200|M001_S001200|F301_S000000|F301_S010000|M009_S000000|M009_S005000,--+--+++++,1,0,NaN
10,8,R10_I08,3,JOINT_GA,Joint-encoding GA,4,21270004,401.197745954871,8712.15531801854,370.49594525699,1474.03565273525,82.2781155179954,3883.8127656521,4,3,25.0332955453667,15.024359944057,0,1.0071485,150,18-4-8-5-17-7-20-14-2-21,M001_S006200|M001_S001200|F301_S000000|F301_S010000|M008_S005000|F073_S005000|M005_S006200|M009_S005000|M009_S000000|M002_S011200,-+++--+---,1,0,NaN
10,8,R10_I08,3,JOINT_GA,Joint-encoding GA,5,21270005,414.838936214653,9118.87065581082,457.149031955775,1514.20841280723,95.8362867032486,4290.52810344439,7,5,25,12.1350892910255,3.40011637585718,1.0258945,150,17-18-4-8-5-21-20-14-2-7,M008_S005000|M001_S006200|M001_S001200|F301_S000000|F301_S010000|M002_S011200|M005_S006200|M009_S005000|M009_S000000|F073_S005000,+-+++-+---,1,0,NaN
10,8,R10_I08,3,JOINT_GA,Joint-encoding GA,6,21270006,410.782800416013,9044.46323052767,404.076190692039,1500.11474127272,91.8869386804338,4216.12067816124,5,3,25,12.994198643255,2.38910974894162,1.0031681,150,4-18-5-8-17-7-14-2-20-21,M001_S001200|M001_S006200|F301_S010000|F301_S000000|M008_S005000|F073_S005000|M009_S005000|M009_S000000|M005_S006200|M002_S011200,-+---+--+-,1,0,NaN
10,8,R10_I08,3,JOINT_GA,Joint-encoding GA,7,21270007,405.382035656477,8833.46929420505,371.091002132747,1501.27421368424,86.3676713221735,4005.12674183862,5,3,25,14.1381069699103,1.0429494541768,1.1957655,150,5-8-4-18-17-7-20-2-14-21,F301_S010000|F301_S000000|M001_S001200|M001_S006200|M008_S005000|F073_S005000|M005_S006200|M009_S000000|M009_S005000|M002_S011200,---+--+++-,1,0,NaN
10,8,R10_I08,3,JOINT_GA,Joint-encoding GA,8,21270008,403.821666028788,8886.37153613435,379.950634294132,1481.5670147683,84.7093311352382,4058.02898376792,6,3,25.7888079456095,14.4686008701718,0.654021639047821,0.3052222,150,18-4-8-5-17-7-2-14-20-21,M001_S006200|M001_S001200|F301_S000000|F301_S010000|M008_S005000|F073_S005000|M009_S000000|M009_S005000|M005_S006200|M002_S011200,-+++-+++--,1,0,NaN
10,8,R10_I08,3,JOINT_GA,Joint-encoding GA,9,21270009,403.021952943877,8748.21939554949,368.167209870299,1482.14787218393,84.2074218105587,3919.87684318306,4,3,25,14.6379840033939,0.454690238765834,0.3343822,150,5-8-4-18-17-7-20-14-2-21,F301_S010000|F301_S000000|M001_S001200|M001_S006200|M008_S005000|F073_S005000|M005_S006200|M009_S005000|M009_S000000|M002_S011200,---+--+---,1,0,NaN
10,8,R10_I08,3,JOINT_GA,Joint-encoding GA,10,21270010,414.8560820275,9307.42388757995,412.494013876722,1522.4442293329,95.6788737654251,4479.08133521352,6,5,25,12.1314577242091,3.40439003218262,0.3232468,150,17-18-4-8-5-21-2-14-20-7,M008_S005000|M001_S006200|M001_S001200|F301_S000000|F301_S010000|M002_S011200|M009_S000000|M009_S005000|M005_S006200|F073_S005000,+-++++++--,1,0,NaN
10,8,R10_I08,3,JOINT_GA,Joint-encoding GA,11,21270011,403.557828667472,8797.40521667409,373.419737519438,1493.16199423556,84.4383650296102,3969.06266430766,5,3,25.0332955453667,14.5244829105735,0.588259215410968,0.2929657,150,18-4-8-5-17-7-20-2-14-21,M001_S006200|M001_S001200|F301_S000000|F301_S010000|M008_S005000|F073_S005000|M005_S006200|M009_S000000|M009_S005000|M002_S011200,-+++--+++-,1,0,NaN
10,8,R10_I08,3,JOINT_GA,Joint-encoding GA,12,21270012,403.821666028788,8886.37153613435,379.950634294132,1481.5670147683,84.7093311352382,4058.02898376792,6,3,25.7888079456095,14.4686008701718,0.654021639047821,0.2911494,150,18-4-8-5-17-7-2-14-20-21,M001_S006200|M001_S001200|F301_S000000|F301_S010000|M008_S005000|F073_S005000|M009_S000000|M009_S005000|M005_S006200|M002_S011200,-+++-+++--,1,0,NaN
10,8,R10_I08,3,JOINT_GA,Joint-encoding GA,13,21270013,403.172375467033,8872.99783617554,372.468691750181,1483.22041575408,84.2527450301571,4044.65528380911,3,2,25.0332955453667,14.6061237790708,0.492183600748299,0.2922502,150,8-5-18-4-17-7-20-14-2-21,F301_S000000|F301_S010000|M001_S006200|M001_S001200|M008_S005000|F073_S005000|M005_S006200|M009_S005000|M009_S000000|M002_S011200,++-+--+---,1,0,NaN
10,8,R10_I08,3,JOINT_GA,Joint-encoding GA,14,21270014,407.332642866837,8861.05777230603,430.816890916953,1488.05503039165,88.3299933554328,4032.7152199396,6,3,25.7888079456095,13.7249588456517,1.52914540867231,0.2867728,150,18-4-8-5-21-20-14-2-7-17,M001_S006200|M001_S001200|F301_S000000|F301_S010000|M002_S011200|M005_S006200|M009_S005000|M009_S000000|F073_S005000|M008_S005000,-+++-+---+,1,0,NaN
10,8,R10_I08,3,JOINT_GA,Joint-encoding GA,15,21270015,403.557828667472,8797.40521667409,373.419737519438,1493.16199423556,84.4383650296102,3969.06266430766,5,3,25.0332955453667,14.5244829105735,0.588259215410968,0.2856504,150,18-4-8-5-17-7-20-2-14-21,M001_S006200|M001_S001200|F301_S000000|F301_S010000|M008_S005000|F073_S005000|M005_S006200|M009_S000000|M009_S005000|M002_S011200,-+++--+++-,1,0,NaN
10,8,R10_I08,3,JOINT_GA,Joint-encoding GA,16,21270016,405.79629554095,9047.21405429136,381.923380787322,1490.75177778714,86.6839606473999,4218.87150192492,5,2,25.4158192130019,14.0503647051855,1.14620523979612,0.2910296,150,8-5-18-4-17-7-2-14-20-21,F301_S000000|F301_S010000|M001_S006200|M001_S001200|M008_S005000|F073_S005000|M009_S000000|M009_S005000|M005_S006200|M002_S011200,++-+-+++--,1,0,NaN
10,8,R10_I08,3,JOINT_GA,Joint-encoding GA,17,21270017,426.758925452204,9724.68086175723,432.125293177343,1576.34807344754,107.639461814343,4896.3383093908,8,6,27.7769945185653,9.61037741232305,6.37121712548414,0.2884204,150,20-2-14-21-18-4-8-5-17-7,M005_S006200|M009_S000000|M009_S005000|M002_S011200|M001_S006200|M001_S001200|F301_S000000|F301_S010000|M008_S005000|F073_S005000,+++--+++--,1,0,NaN
10,8,R10_I08,3,JOINT_GA,Joint-encoding GA,18,21270018,430.237040009011,9679.90138381737,509.29947881281,1549.98504933183,111.317409572135,4851.55883145094,5,4,25.0332955453667,8.87369577930657,7.23814985177075,0.2874371,150,17-7-20-21-18-4-8-5-14-2,M008_S005000|F073_S005000|M005_S006200|M002_S011200|M001_S006200|M001_S001200|F301_S000000|F301_S010000|M009_S005000|M009_S000000,--+--+++--,1,0,NaN
10,8,R10_I08,3,JOINT_GA,Joint-encoding GA,19,21270019,403.557828667472,8797.40521667409,373.419737519438,1493.16199423556,84.4383650296102,3969.06266430766,5,3,25.0332955453667,14.5244829105735,0.588259215410968,0.2877322,150,18-4-8-5-17-7-20-2-14-21,M001_S006200|M001_S001200|F301_S000000|F301_S010000|M008_S005000|F073_S005000|M005_S006200|M009_S000000|M009_S005000|M002_S011200,-+++--+++-,1,0,NaN
10,8,R10_I08,3,JOINT_GA,Joint-encoding GA,20,21270020,430.237040009011,9679.90138381737,509.29947881281,1549.98504933183,111.317409572135,4851.55883145094,5,4,25.0332955453667,8.87369577930657,7.23814985177075,0.2863988,150,17-7-20-21-18-4-8-5-14-2,M008_S005000|F073_S005000|M005_S006200|M002_S011200|M001_S006200|M001_S001200|F301_S000000|F301_S010000|M009_S005000|M009_S000000,--+--+++--,1,0,NaN
10,8,R10_I08,4,GA_DP,Proposed GA-DP,1,21270501,401.197745954871,8712.15531801854,370.49594525699,1474.03565273525,82.2781155179954,3883.8127656521,4,3,25.0332955453667,15.024359944057,0,0.5766506,150,18-4-8-5-17-7-20-14-2-21,M001_S006200|M001_S001200|F301_S000000|F301_S010000|M008_S005000|F073_S005000|M005_S006200|M009_S005000|M009_S000000|M002_S011200,-+++--+---,1,0,NaN
10,8,R10_I08,4,GA_DP,Proposed GA-DP,2,21270502,401.197745954871,8712.15531801854,370.49594525699,1474.03565273525,82.2781155179954,3883.8127656521,4,3,25.0332955453667,15.024359944057,0,0.5706467,150,18-4-8-5-17-7-20-14-2-21,M001_S006200|M001_S001200|F301_S000000|F301_S010000|M008_S005000|F073_S005000|M005_S006200|M009_S005000|M009_S000000|M002_S011200,-+++--+---,1,0,NaN
10,8,R10_I08,4,GA_DP,Proposed GA-DP,3,21270503,401.197745954871,8712.15531801854,370.49594525699,1474.03565273525,82.2781155179954,3883.8127656521,4,3,25.0332955453667,15.024359944057,0,0.5569307,150,18-4-8-5-17-7-20-14-2-21,M001_S006200|M001_S001200|F301_S000000|F301_S010000|M008_S005000|F073_S005000|M005_S006200|M009_S005000|M009_S000000|M002_S011200,-+++--+---,1,0,NaN
10,8,R10_I08,4,GA_DP,Proposed GA-DP,4,21270504,401.197745954871,8712.15531801854,370.49594525699,1474.03565273525,82.2781155179954,3883.8127656521,4,3,25.0332955453667,15.024359944057,0,0.5914407,150,18-4-8-5-17-7-20-14-2-21,M001_S006200|M001_S001200|F301_S000000|F301_S010000|M008_S005000|F073_S005000|M005_S006200|M009_S005000|M009_S000000|M002_S011200,-+++--+---,1,0,NaN
10,8,R10_I08,4,GA_DP,Proposed GA-DP,5,21270505,401.197745954871,8712.15531801854,370.49594525699,1474.03565273525,82.2781155179954,3883.8127656521,4,3,25.0332955453667,15.024359944057,0,0.5785242,150,18-4-8-5-17-7-20-14-2-21,M001_S006200|M001_S001200|F301_S000000|F301_S010000|M008_S005000|F073_S005000|M005_S006200|M009_S005000|M009_S000000|M002_S011200,-+++--+---,1,0,NaN
10,8,R10_I08,4,GA_DP,Proposed GA-DP,6,21270506,401.197745954871,8712.15531801854,370.49594525699,1474.03565273525,82.2781155179954,3883.8127656521,4,3,25.0332955453667,15.024359944057,0,0.6433629,150,18-4-8-5-17-7-20-14-2-21,M001_S006200|M001_S001200|F301_S000000|F301_S010000|M008_S005000|F073_S005000|M005_S006200|M009_S005000|M009_S000000|M002_S011200,-+++--+---,1,0,NaN
10,8,R10_I08,4,GA_DP,Proposed GA-DP,7,21270507,401.197745954871,8712.15531801854,370.49594525699,1474.03565273525,82.2781155179954,3883.8127656521,4,3,25.0332955453667,15.024359944057,0,0.4797107,150,18-4-8-5-17-7-20-14-2-21,M001_S006200|M001_S001200|F301_S000000|F301_S010000|M008_S005000|F073_S005000|M005_S006200|M009_S005000|M009_S000000|M002_S011200,-+++--+---,1,0,NaN
10,8,R10_I08,4,GA_DP,Proposed GA-DP,8,21270508,401.197745954871,8712.15531801854,370.49594525699,1474.03565273525,82.2781155179954,3883.8127656521,4,3,25.0332955453667,15.024359944057,0,0.1704577,150,18-4-8-5-17-7-20-14-2-21,M001_S006200|M001_S001200|F301_S000000|F301_S010000|M008_S005000|F073_S005000|M005_S006200|M009_S005000|M009_S000000|M002_S011200,-+++--+---,1,0,NaN
10,8,R10_I08,4,GA_DP,Proposed GA-DP,9,21270509,401.197745954871,8712.15531801854,370.49594525699,1474.03565273525,82.2781155179954,3883.8127656521,4,3,25.0332955453667,15.024359944057,0,0.1863791,150,18-4-8-5-17-7-20-14-2-21,M001_S006200|M001_S001200|F301_S000000|F301_S010000|M008_S005000|F073_S005000|M005_S006200|M009_S005000|M009_S000000|M002_S011200,-+++--+---,1,0,NaN
10,8,R10_I08,4,GA_DP,Proposed GA-DP,10,21270510,401.197745954871,8712.15531801854,370.49594525699,1474.03565273525,82.2781155179954,3883.8127656521,4,3,25.0332955453667,15.024359944057,0,0.1596849,150,18-4-8-5-17-7-20-14-2-21,M001_S006200|M001_S001200|F301_S000000|F301_S010000|M008_S005000|F073_S005000|M005_S006200|M009_S005000|M009_S000000|M002_S011200,-+++--+---,1,0,NaN
10,8,R10_I08,4,GA_DP,Proposed GA-DP,11,21270511,401.197745954871,8712.15531801854,370.49594525699,1474.03565273525,82.2781155179954,3883.8127656521,4,3,25.0332955453667,15.024359944057,0,0.1585484,150,18-4-8-5-17-7-20-14-2-21,M001_S006200|M001_S001200|F301_S000000|F301_S010000|M008_S005000|F073_S005000|M005_S006200|M009_S005000|M009_S000000|M002_S011200,-+++--+---,1,0,NaN
10,8,R10_I08,4,GA_DP,Proposed GA-DP,12,21270512,401.197745954871,8712.15531801854,370.49594525699,1474.03565273525,82.2781155179954,3883.8127656521,4,3,25.0332955453667,15.024359944057,0,0.1585991,150,18-4-8-5-17-7-20-14-2-21,M001_S006200|M001_S001200|F301_S000000|F301_S010000|M008_S005000|F073_S005000|M005_S006200|M009_S005000|M009_S000000|M002_S011200,-+++--+---,1,0,NaN
10,8,R10_I08,4,GA_DP,Proposed GA-DP,13,21270513,401.197745954871,8712.15531801854,370.49594525699,1474.03565273525,82.2781155179954,3883.8127656521,4,3,25.0332955453667,15.024359944057,0,0.1569693,150,18-4-8-5-17-7-20-14-2-21,M001_S006200|M001_S001200|F301_S000000|F301_S010000|M008_S005000|F073_S005000|M005_S006200|M009_S005000|M009_S000000|M002_S011200,-+++--+---,1,0,NaN
10,8,R10_I08,4,GA_DP,Proposed GA-DP,14,21270514,401.197745954871,8712.15531801854,370.49594525699,1474.03565273525,82.2781155179954,3883.8127656521,4,3,25.0332955453667,15.024359944057,0,0.1580572,150,18-4-8-5-17-7-20-14-2-21,M001_S006200|M001_S001200|F301_S000000|F301_S010000|M008_S005000|F073_S005000|M005_S006200|M009_S005000|M009_S000000|M002_S011200,-+++--+---,1,0,NaN
10,8,R10_I08,4,GA_DP,Proposed GA-DP,15,21270515,401.197745954871,8712.15531801854,370.49594525699,1474.03565273525,82.2781155179954,3883.8127656521,4,3,25.0332955453667,15.024359944057,0,0.1558527,150,18-4-8-5-17-7-20-14-2-21,M001_S006200|M001_S001200|F301_S000000|F301_S010000|M008_S005000|F073_S005000|M005_S006200|M009_S005000|M009_S000000|M002_S011200,-+++--+---,1,0,NaN
10,8,R10_I08,4,GA_DP,Proposed GA-DP,16,21270516,403.172375467033,8872.99783617554,372.468691750181,1483.22041575408,84.2527450301571,4044.65528380911,3,2,25.0332955453667,14.6061237790708,0.492183600748299,0.1530277,150,8-5-18-4-17-7-20-14-2-21,F301_S000000|F301_S010000|M001_S006200|M001_S001200|M008_S005000|F073_S005000|M005_S006200|M009_S005000|M009_S000000|M002_S011200,++-+--+---,1,0,NaN
10,8,R10_I08,4,GA_DP,Proposed GA-DP,17,21270517,401.197745954871,8712.15531801854,370.49594525699,1474.03565273525,82.2781155179954,3883.8127656521,4,3,25.0332955453667,15.024359944057,0,0.156197,150,18-4-8-5-17-7-20-14-2-21,M001_S006200|M001_S001200|F301_S000000|F301_S010000|M008_S005000|F073_S005000|M005_S006200|M009_S005000|M009_S000000|M002_S011200,-+++--+---,1,0,NaN
10,8,R10_I08,4,GA_DP,Proposed GA-DP,18,21270518,401.197745954871,8712.15531801854,370.49594525699,1474.03565273525,82.2781155179954,3883.8127656521,4,3,25.0332955453667,15.024359944057,0,0.1575353,150,18-4-8-5-17-7-20-14-2-21,M001_S006200|M001_S001200|F301_S000000|F301_S010000|M008_S005000|F073_S005000|M005_S006200|M009_S005000|M009_S000000|M002_S011200,-+++--+---,1,0,NaN
10,8,R10_I08,4,GA_DP,Proposed GA-DP,19,21270519,403.172375467033,8872.99783617554,372.468691750181,1483.22041575408,84.2527450301571,4044.65528380911,3,2,25.0332955453667,14.6061237790708,0.492183600748299,0.1559619,150,8-5-18-4-17-7-20-14-2-21,F301_S000000|F301_S010000|M001_S006200|M001_S001200|M008_S005000|F073_S005000|M005_S006200|M009_S005000|M009_S000000|M002_S011200,++-+--+---,1,0,NaN
10,8,R10_I08,4,GA_DP,Proposed GA-DP,20,21270520,412.961192244369,8867.11608906677,494.074527490201,1494.17004852115,93.8341963394902,4038.77353670034,3,3,25.0332955453666,12.5328046255329,2.93208184943811,0.1614997,150,17-2-14-20-7-4-8-18-5-21,M008_S005000|M009_S000000|M009_S005000|M005_S006200|F073_S005000|M001_S001200|F301_S000000|M001_S006200|F301_S010000|M002_S011200,-++-+++++-,1,0,NaN
10,8,R10_I08,5,EXACT,Exact optimum,1,NaN,401.197745954871,8712.15531801854,370.49594525699,1474.03565273525,82.2781155179954,3883.8127656521,4,3,25.0332955453667,15.024359944057,0,0.1617062,0,18-4-8-5-17-7-20-14-2-21,M001_S006200|M001_S001200|F301_S000000|F301_S010000|M008_S005000|F073_S005000|M005_S006200|M009_S005000|M009_S000000|M002_S011200,-+++--+---,1,1,0
10,9,R10_I09,1,FIXED,Fixed order + fixed direction,1,NaN,469.811985089187,11748.9087402129,588.936270904053,1706.93907357709,151.459214827766,6932.11540913803,9,8,25,0,16.5929419717011,2.23e-05,0,21-24-2-3-7-12-15-10-8-19,M002_S011200|M007_S007800|M009_S000000|M009_S010000|F073_S005000|F132_S000000|F195_S001400|F300_S005000|F301_S000000|F301_S005000,++++++++++,1,0,NaN
10,9,R10_I09,2,NN_DP,Nearest neighbour-DP,1,NaN,418.313266674728,9326.85081281908,485.07104449256,1527.72995609049,99.8658832540948,4510.05748174418,7,6,25,10.9615591021337,3.81253772855662,0.0001635,0,10-19-8-21-12-7-15-2-24-3,F300_S005000|F301_S005000|F301_S000000|M002_S011200|F132_S000000|F073_S005000|F195_S001400|M009_S000000|M007_S007800|M009_S010000,---+++++++,1,0,NaN
10,9,R10_I09,3,JOINT_GA,Joint-encoding GA,1,21271001,414.021349732009,9229.62863422956,451.37235471137,1510.11411116412,95.7764021418054,4412.83530315465,5,4,25,11.8750983644207,2.7474154265897,0.2876148,150,8-19-10-21-12-7-15-24-2-3,F301_S000000|F301_S005000|F300_S005000|M002_S011200|F132_S000000|F073_S005000|F195_S001400|M007_S007800|M009_S000000|M009_S010000,++-+++++++,1,0,NaN
10,9,R10_I09,3,JOINT_GA,Joint-encoding GA,2,21271002,415.530198623705,9286.52220514774,457.790969208286,1520.04270414885,97.0828152030712,4469.72887407283,7,6,25,11.5539382110863,3.12186549780307,0.2885038,150,10-19-8-21-12-7-15-24-2-3,F300_S005000|F301_S005000|F301_S000000|M002_S011200|F132_S000000|F073_S005000|F195_S001400|M007_S007800|M009_S000000|M009_S010000,---+++++++,1,0,NaN
10,9,R10_I09,3,JOINT_GA,Joint-encoding GA,3,21271003,414.021349732009,9229.62863422956,451.37235471137,1510.11411116412,95.7764021418054,4412.83530315465,5,4,25,11.8750983644207,2.7474154265897,0.2983808,150,8-19-10-21-12-7-15-24-2-3,F301_S000000|F301_S005000|F300_S005000|M002_S011200|F132_S000000|F073_S005000|F195_S001400|M007_S007800|M009_S000000|M009_S010000,++-+++++++,1,0,NaN
10,9,R10_I09,3,JOINT_GA,Joint-encoding GA,4,21271004,414.021349732009,9229.62863422956,451.37235471137,1510.11411116412,95.7764021418054,4412.83530315465,5,4,25,11.8750983644207,2.7474154265897,0.301135,150,8-19-10-21-12-7-15-24-2-3,F301_S000000|F301_S005000|F300_S005000|M002_S011200|F132_S000000|F073_S005000|F195_S001400|M007_S007800|M009_S000000|M009_S010000,++-+++++++,1,0,NaN
10,9,R10_I09,3,JOINT_GA,Joint-encoding GA,5,21271005,414.021349732009,9229.62863422956,451.37235471137,1510.11411116412,95.7764021418054,4412.83530315465,5,4,25,11.8750983644207,2.7474154265897,0.3017703,150,8-19-10-21-12-7-15-24-2-3,F301_S000000|F301_S005000|F300_S005000|M002_S011200|F132_S000000|F073_S005000|F195_S001400|M007_S007800|M009_S000000|M009_S010000,++-+++++++,1,0,NaN
10,9,R10_I09,3,JOINT_GA,Joint-encoding GA,6,21271006,415.530198623705,9286.52220514774,457.790969208286,1520.04270414885,97.0828152030712,4469.72887407283,7,6,25,11.5539382110863,3.12186549780307,0.2968719,150,10-19-8-21-12-7-15-24-2-3,F300_S005000|F301_S005000|F301_S000000|M002_S011200|F132_S000000|F073_S005000|F195_S001400|M007_S007800|M009_S000000|M009_S010000,---+++++++,1,0,NaN
10,9,R10_I09,3,JOINT_GA,Joint-encoding GA,7,21271007,414.021349732009,9229.62863422956,451.37235471137,1510.11411116412,95.7764021418054,4412.83530315465,5,4,25,11.8750983644207,2.7474154265897,0.2907692,150,8-19-10-21-12-7-15-24-2-3,F301_S000000|F301_S005000|F300_S005000|M002_S011200|F132_S000000|F073_S005000|F195_S001400|M007_S007800|M009_S000000|M009_S010000,++-+++++++,1,0,NaN
10,9,R10_I09,3,JOINT_GA,Joint-encoding GA,8,21271008,414.021349732009,9229.62863422956,451.37235471137,1510.11411116412,95.7764021418054,4412.83530315465,5,4,25,11.8750983644207,2.7474154265897,0.394078,150,8-19-10-21-12-7-15-24-2-3,F301_S000000|F301_S005000|F300_S005000|M002_S011200|F132_S000000|F073_S005000|F195_S001400|M007_S007800|M009_S000000|M009_S010000,++-+++++++,1,0,NaN
10,9,R10_I09,3,JOINT_GA,Joint-encoding GA,9,21271009,414.021349732009,9229.62863422956,451.37235471137,1510.11411116412,95.7764021418054,4412.83530315465,5,4,25,11.8750983644207,2.7474154265897,0.3357585,150,8-19-10-21-12-7-15-24-2-3,F301_S000000|F301_S005000|F300_S005000|M002_S011200|F132_S000000|F073_S005000|F195_S001400|M007_S007800|M009_S000000|M009_S010000,++-+++++++,1,0,NaN
10,9,R10_I09,3,JOINT_GA,Joint-encoding GA,10,21271010,414.021349732009,9229.62863422956,451.37235471137,1510.11411116412,95.7764021418054,4412.83530315465,5,4,25,11.8750983644207,2.7474154265897,0.3029737,150,8-19-10-21-12-7-15-24-2-3,F301_S000000|F301_S005000|F300_S005000|M002_S011200|F132_S000000|F073_S005000|F195_S001400|M007_S007800|M009_S000000|M009_S010000,++-+++++++,1,0,NaN
10,9,R10_I09,3,JOINT_GA,Joint-encoding GA,11,21271011,415.530198623705,9286.52220514774,457.790969208286,1520.04270414885,97.0828152030712,4469.72887407283,7,6,25,11.5539382110863,3.12186549780307,0.2995923,150,10-19-8-21-12-7-15-24-2-3,F300_S005000|F301_S005000|F301_S000000|M002_S011200|F132_S000000|F073_S005000|F195_S001400|M007_S007800|M009_S000000|M009_S010000,---+++++++,1,0,NaN
10,9,R10_I09,3,JOINT_GA,Joint-encoding GA,12,21271012,404.297731366537,8772.12189992005,421.241381762052,1476.95133673753,85.9135328421616,3955.32856884514,6,5,25,13.9447812746228,0.334311232099523,0.3010668,150,10-19-8-12-7-15-24-2-3-21,F300_S005000|F301_S005000|F301_S000000|F132_S000000|F073_S005000|F195_S001400|M007_S007800|M009_S000000|M009_S010000|M002_S011200,---++++++-,1,0,NaN
10,9,R10_I09,3,JOINT_GA,Joint-encoding GA,13,21271013,414.021349732009,9229.62863422956,451.37235471137,1510.11411116412,95.7764021418054,4412.83530315465,5,4,25,11.8750983644207,2.7474154265897,0.3037361,150,8-19-10-21-12-7-15-24-2-3,F301_S000000|F301_S005000|F300_S005000|M002_S011200|F132_S000000|F073_S005000|F195_S001400|M007_S007800|M009_S000000|M009_S010000,++-+++++++,1,0,NaN
10,9,R10_I09,3,JOINT_GA,Joint-encoding GA,14,21271014,414.021349732009,9229.62863422956,451.37235471137,1510.11411116412,95.7764021418054,4412.83530315465,5,4,25,11.8750983644207,2.7474154265897,0.296444,150,8-19-10-21-12-7-15-24-2-3,F301_S000000|F301_S005000|F300_S005000|M002_S011200|F132_S000000|F073_S005000|F195_S001400|M007_S007800|M009_S000000|M009_S010000,++-+++++++,1,0,NaN
10,9,R10_I09,3,JOINT_GA,Joint-encoding GA,15,21271015,404.297731366537,8772.12189992005,421.241381762052,1476.95133673753,85.9135328421616,3955.32856884514,6,5,25,13.9447812746228,0.334311232099523,0.2950687,150,10-19-8-12-7-15-24-2-3-21,F300_S005000|F301_S005000|F301_S000000|F132_S000000|F073_S005000|F195_S001400|M007_S007800|M009_S000000|M009_S010000|M002_S011200,---++++++-,1,0,NaN
10,9,R10_I09,3,JOINT_GA,Joint-encoding GA,16,21271016,414.021349732009,9229.62863422956,451.37235471137,1510.11411116412,95.7764021418054,4412.83530315465,5,4,25,11.8750983644207,2.7474154265897,0.2954955,150,8-19-10-21-12-7-15-24-2-3,F301_S000000|F301_S005000|F300_S005000|M002_S011200|F132_S000000|F073_S005000|F195_S001400|M007_S007800|M009_S000000|M009_S010000,++-+++++++,1,0,NaN
10,9,R10_I09,3,JOINT_GA,Joint-encoding GA,17,21271017,415.530198623705,9286.52220514774,457.790969208286,1520.04270414885,97.0828152030712,4469.72887407283,7,6,25,11.5539382110863,3.12186549780307,0.3037059,150,10-19-8-21-12-7-15-24-2-3,F300_S005000|F301_S005000|F301_S000000|M002_S011200|F132_S000000|F073_S005000|F195_S001400|M007_S007800|M009_S000000|M009_S010000,---+++++++,1,0,NaN
10,9,R10_I09,3,JOINT_GA,Joint-encoding GA,18,21271018,414.021349732009,9229.62863422956,451.37235471137,1510.11411116412,95.7764021418054,4412.83530315465,5,4,25,11.8750983644207,2.7474154265897,0.2950334,150,8-19-10-21-12-7-15-24-2-3,F301_S000000|F301_S005000|F300_S005000|M002_S011200|F132_S000000|F073_S005000|F195_S001400|M007_S007800|M009_S000000|M009_S010000,++-+++++++,1,0,NaN
10,9,R10_I09,3,JOINT_GA,Joint-encoding GA,19,21271019,402.950622176785,8645.1140806103,418.206681517785,1467.43409772936,84.6610368116218,3828.32074953539,6,5,25,14.2315149537341,0,0.3095576,150,8-19-10-12-7-15-24-2-3-21,F301_S000000|F301_S005000|F300_S005000|F132_S000000|F073_S005000|F195_S001400|M007_S007800|M009_S000000|M009_S010000|M002_S011200,+++++++++-,1,0,NaN
10,9,R10_I09,3,JOINT_GA,Joint-encoding GA,20,21271020,402.950622176785,8645.1140806103,418.206681517785,1467.43409772936,84.6610368116218,3828.32074953539,6,5,25,14.2315149537341,0,0.2943259,150,8-19-10-12-7-15-24-2-3-21,F301_S000000|F301_S005000|F300_S005000|F132_S000000|F073_S005000|F195_S001400|M007_S007800|M009_S000000|M009_S010000|M002_S011200,+++++++++-,1,0,NaN
10,9,R10_I09,4,GA_DP,Proposed GA-DP,1,21271501,402.950622176785,8645.1140806103,418.206681517785,1467.43409772936,84.6610368116218,3828.32074953539,6,5,25,14.2315149537341,0,0.1568932,150,8-19-10-12-7-15-24-2-3-21,F301_S000000|F301_S005000|F300_S005000|F132_S000000|F073_S005000|F195_S001400|M007_S007800|M009_S000000|M009_S010000|M002_S011200,+++++++++-,1,0,NaN
10,9,R10_I09,4,GA_DP,Proposed GA-DP,2,21271502,402.950622176785,8645.1140806103,418.206681517785,1467.43409772936,84.6610368116218,3828.32074953539,6,5,25,14.2315149537341,0,0.15523,150,8-19-10-12-7-15-24-2-3-21,F301_S000000|F301_S005000|F300_S005000|F132_S000000|F073_S005000|F195_S001400|M007_S007800|M009_S000000|M009_S010000|M002_S011200,+++++++++-,1,0,NaN
10,9,R10_I09,4,GA_DP,Proposed GA-DP,3,21271503,402.950622176785,8645.1140806103,418.206681517785,1467.43409772936,84.6610368116218,3828.32074953539,6,5,25,14.2315149537341,0,0.1657623,150,8-19-10-12-7-15-24-2-3-21,F301_S000000|F301_S005000|F300_S005000|F132_S000000|F073_S005000|F195_S001400|M007_S007800|M009_S000000|M009_S010000|M002_S011200,+++++++++-,1,0,NaN
10,9,R10_I09,4,GA_DP,Proposed GA-DP,4,21271504,402.950622176785,8645.1140806103,418.206681517785,1467.43409772936,84.6610368116218,3828.32074953539,6,5,25,14.2315149537341,0,0.1578617,150,8-19-10-12-7-15-24-2-3-21,F301_S000000|F301_S005000|F300_S005000|F132_S000000|F073_S005000|F195_S001400|M007_S007800|M009_S000000|M009_S010000|M002_S011200,+++++++++-,1,0,NaN
10,9,R10_I09,4,GA_DP,Proposed GA-DP,5,21271505,402.950622176785,8645.1140806103,418.206681517785,1467.43409772936,84.6610368116218,3828.32074953539,6,5,25,14.2315149537341,0,0.1690033,150,8-19-10-12-7-15-24-2-3-21,F301_S000000|F301_S005000|F300_S005000|F132_S000000|F073_S005000|F195_S001400|M007_S007800|M009_S000000|M009_S010000|M002_S011200,+++++++++-,1,0,NaN
10,9,R10_I09,4,GA_DP,Proposed GA-DP,6,21271506,402.950622176785,8645.1140806103,418.206681517785,1467.43409772936,84.6610368116218,3828.32074953539,6,5,25,14.2315149537341,0,0.1651854,150,8-19-10-12-7-15-24-2-3-21,F301_S000000|F301_S005000|F300_S005000|F132_S000000|F073_S005000|F195_S001400|M007_S007800|M009_S000000|M009_S010000|M002_S011200,+++++++++-,1,0,NaN
10,9,R10_I09,4,GA_DP,Proposed GA-DP,7,21271507,402.950622176785,8645.1140806103,418.206681517785,1467.43409772936,84.6610368116218,3828.32074953539,6,5,25,14.2315149537341,0,0.1571387,150,8-19-10-12-7-15-24-2-3-21,F301_S000000|F301_S005000|F300_S005000|F132_S000000|F073_S005000|F195_S001400|M007_S007800|M009_S000000|M009_S010000|M002_S011200,+++++++++-,1,0,NaN
10,9,R10_I09,4,GA_DP,Proposed GA-DP,8,21271508,402.950622176785,8645.1140806103,418.206681517785,1467.43409772936,84.6610368116218,3828.32074953539,6,5,25,14.2315149537341,0,0.2440986,150,8-19-10-12-7-15-24-2-3-21,F301_S000000|F301_S005000|F300_S005000|F132_S000000|F073_S005000|F195_S001400|M007_S007800|M009_S000000|M009_S010000|M002_S011200,+++++++++-,1,0,NaN
10,9,R10_I09,4,GA_DP,Proposed GA-DP,9,21271509,402.950622176785,8645.1140806103,418.206681517785,1467.43409772936,84.6610368116218,3828.32074953539,6,5,25,14.2315149537341,0,0.1775948,150,8-19-10-12-7-15-24-2-3-21,F301_S000000|F301_S005000|F300_S005000|F132_S000000|F073_S005000|F195_S001400|M007_S007800|M009_S000000|M009_S010000|M002_S011200,+++++++++-,1,0,NaN
10,9,R10_I09,4,GA_DP,Proposed GA-DP,10,21271510,402.950622176785,8645.1140806103,418.206681517785,1467.43409772936,84.6610368116218,3828.32074953539,6,5,25,14.2315149537341,0,0.1666446,150,8-19-10-12-7-15-24-2-3-21,F301_S000000|F301_S005000|F300_S005000|F132_S000000|F073_S005000|F195_S001400|M007_S007800|M009_S000000|M009_S010000|M002_S011200,+++++++++-,1,0,NaN
10,9,R10_I09,4,GA_DP,Proposed GA-DP,11,21271511,402.950622176785,8645.1140806103,418.206681517785,1467.43409772936,84.6610368116218,3828.32074953539,6,5,25,14.2315149537341,0,0.1612496,150,8-19-10-12-7-15-24-2-3-21,F301_S000000|F301_S005000|F300_S005000|F132_S000000|F073_S005000|F195_S001400|M007_S007800|M009_S000000|M009_S010000|M002_S011200,+++++++++-,1,0,NaN
10,9,R10_I09,4,GA_DP,Proposed GA-DP,12,21271512,402.950622176785,8645.1140806103,418.206681517785,1467.43409772936,84.6610368116218,3828.32074953539,6,5,25,14.2315149537341,0,0.160654,150,8-19-10-12-7-15-24-2-3-21,F301_S000000|F301_S005000|F300_S005000|F132_S000000|F073_S005000|F195_S001400|M007_S007800|M009_S000000|M009_S010000|M002_S011200,+++++++++-,1,0,NaN
10,9,R10_I09,4,GA_DP,Proposed GA-DP,13,21271513,402.950622176785,8645.1140806103,418.206681517785,1467.43409772936,84.6610368116218,3828.32074953539,6,5,25,14.2315149537341,0,0.1642657,150,8-19-10-12-7-15-24-2-3-21,F301_S000000|F301_S005000|F300_S005000|F132_S000000|F073_S005000|F195_S001400|M007_S007800|M009_S000000|M009_S010000|M002_S011200,+++++++++-,1,0,NaN
10,9,R10_I09,4,GA_DP,Proposed GA-DP,14,21271514,402.950622176785,8645.1140806103,418.206681517785,1467.43409772936,84.6610368116218,3828.32074953539,6,5,25,14.2315149537341,0,0.1617889,150,8-19-10-12-7-15-24-2-3-21,F301_S000000|F301_S005000|F300_S005000|F132_S000000|F073_S005000|F195_S001400|M007_S007800|M009_S000000|M009_S010000|M002_S011200,+++++++++-,1,0,NaN
10,9,R10_I09,4,GA_DP,Proposed GA-DP,15,21271515,402.950622176785,8645.1140806103,418.206681517785,1467.43409772936,84.6610368116218,3828.32074953539,6,5,25,14.2315149537341,0,0.1607816,150,8-19-10-12-7-15-24-2-3-21,F301_S000000|F301_S005000|F300_S005000|F132_S000000|F073_S005000|F195_S001400|M007_S007800|M009_S000000|M009_S010000|M002_S011200,+++++++++-,1,0,NaN
10,9,R10_I09,4,GA_DP,Proposed GA-DP,16,21271516,402.950622176785,8645.1140806103,418.206681517785,1467.43409772936,84.6610368116218,3828.32074953539,6,5,25,14.2315149537341,0,0.1601018,150,8-19-10-12-7-15-24-2-3-21,F301_S000000|F301_S005000|F300_S005000|F132_S000000|F073_S005000|F195_S001400|M007_S007800|M009_S000000|M009_S010000|M002_S011200,+++++++++-,1,0,NaN
10,9,R10_I09,4,GA_DP,Proposed GA-DP,17,21271517,402.950622176785,8645.1140806103,418.206681517785,1467.43409772936,84.6610368116218,3828.32074953539,6,5,25,14.2315149537341,0,0.1594316,150,8-19-10-12-7-15-24-2-3-21,F301_S000000|F301_S005000|F300_S005000|F132_S000000|F073_S005000|F195_S001400|M007_S007800|M009_S000000|M009_S010000|M002_S011200,+++++++++-,1,0,NaN
10,9,R10_I09,4,GA_DP,Proposed GA-DP,18,21271518,402.950622176785,8645.1140806103,418.206681517785,1467.43409772936,84.6610368116218,3828.32074953539,6,5,25,14.2315149537341,0,0.1791384,150,8-19-10-12-7-15-24-2-3-21,F301_S000000|F301_S005000|F300_S005000|F132_S000000|F073_S005000|F195_S001400|M007_S007800|M009_S000000|M009_S010000|M002_S011200,+++++++++-,1,0,NaN
10,9,R10_I09,4,GA_DP,Proposed GA-DP,19,21271519,402.950622176785,8645.1140806103,418.206681517785,1467.43409772936,84.6610368116218,3828.32074953539,6,5,25,14.2315149537341,0,0.1724717,150,8-19-10-12-7-15-24-2-3-21,F301_S000000|F301_S005000|F300_S005000|F132_S000000|F073_S005000|F195_S001400|M007_S007800|M009_S000000|M009_S010000|M002_S011200,+++++++++-,1,0,NaN
10,9,R10_I09,4,GA_DP,Proposed GA-DP,20,21271520,402.950622176785,8645.1140806103,418.206681517785,1467.43409772936,84.6610368116218,3828.32074953539,6,5,25,14.2315149537341,0,0.1625481,150,8-19-10-12-7-15-24-2-3-21,F301_S000000|F301_S005000|F300_S005000|F132_S000000|F073_S005000|F195_S001400|M007_S007800|M009_S000000|M009_S010000|M002_S011200,+++++++++-,1,0,NaN
10,9,R10_I09,5,EXACT,Exact optimum,1,NaN,402.950622176785,8645.1140806103,418.206681517785,1467.43409772936,84.6610368116218,3828.32074953539,6,5,25,14.2315149537341,0,0.0475115,0,8-19-10-12-7-15-24-2-3-21,F301_S000000|F301_S005000|F300_S005000|F132_S000000|F073_S005000|F195_S001400|M007_S007800|M009_S000000|M009_S010000|M002_S011200,+++++++++-,1,1,0
10,10,R10_I10,1,FIXED,Fixed order + fixed direction,1,NaN,480.728766060085,12069.6087032052,667.081068802133,1738.09773552393,161.372880802048,7243.79847316232,9,8,25,0,20.4873507856066,2.48e-05,0,16-2-14-7-12-22-15-10-8-5,M005_S011200|M009_S000000|M009_S005000|F073_S005000|F132_S000000|F177_S000000|F195_S001400|F300_S005000|F301_S000000|F301_S010000,++++++++++,1,0,NaN
10,10,R10_I10,2,NN_DP,Nearest neighbour-DP,1,NaN,405.15160397175,8617.71335469312,454.561086016357,1472.44383051752,86.0430510077225,3791.90312465029,5,5,25,15.7213729288022,1.54508503656728,0.0001723,0,10-8-5-12-7-22-15-2-14-16,F300_S005000|F301_S000000|F301_S010000|F132_S000000|F073_S005000|F177_S000000|F195_S001400|M009_S000000|M009_S005000|M005_S011200,-+++++-++-,1,0,NaN
10,10,R10_I10,3,JOINT_GA,Joint-encoding GA,1,21272001,401.555691439855,8531.99900628318,440.598083603731,1463.51677633577,82.3989478988269,3706.18877624035,4,4,25,16.4693856931237,0.643824273298198,0.2931269,150,8-10-5-12-7-15-22-2-14-16,F301_S000000|F300_S005000|F301_S010000|F132_S000000|F073_S005000|F195_S001400|F177_S000000|M009_S000000|M009_S005000|M005_S011200,++++++-++-,1,0,NaN
10,10,R10_I10,3,JOINT_GA,Joint-encoding GA,2,21272002,401.555691439855,8531.99900628318,440.598083603731,1463.51677633577,82.3989478988269,3706.18877624035,4,4,25,16.4693856931237,0.643824273298198,0.2877331,150,8-10-5-12-7-15-22-2-14-16,F301_S000000|F300_S005000|F301_S010000|F132_S000000|F073_S005000|F195_S001400|F177_S000000|M009_S000000|M009_S005000|M005_S011200,++++++-++-,1,0,NaN
10,10,R10_I10,3,JOINT_GA,Joint-encoding GA,3,21272003,401.555691439855,8531.99900628318,440.598083603731,1463.51677633577,82.3989478988269,3706.18877624035,4,4,25,16.4693856931237,0.643824273298198,0.2869306,150,8-10-5-12-7-15-22-2-14-16,F301_S000000|F300_S005000|F301_S010000|F132_S000000|F073_S005000|F195_S001400|F177_S000000|M009_S000000|M009_S005000|M005_S011200,++++++-++-,1,0,NaN
10,10,R10_I10,3,JOINT_GA,Joint-encoding GA,4,21272004,401.555691439855,8531.99900628318,440.598083603731,1463.51677633577,82.3989478988269,3706.18877624035,4,4,25,16.4693856931237,0.643824273298198,0.2943569,150,8-10-5-12-7-15-22-2-14-16,F301_S000000|F300_S005000|F301_S010000|F132_S000000|F073_S005000|F195_S001400|F177_S000000|M009_S000000|M009_S005000|M005_S011200,++++++-++-,1,0,NaN
10,10,R10_I10,3,JOINT_GA,Joint-encoding GA,5,21272005,401.555691439855,8531.99900628318,440.598083603731,1463.51677633577,82.3989478988269,3706.18877624035,4,4,25,16.4693856931237,0.643824273298198,0.295693,150,8-10-5-12-7-15-22-2-14-16,F301_S000000|F300_S005000|F301_S010000|F132_S000000|F073_S005000|F195_S001400|F177_S000000|M009_S000000|M009_S005000|M005_S011200,++++++-++-,1,0,NaN
10,10,R10_I10,3,JOINT_GA,Joint-encoding GA,6,21272006,401.555691439855,8531.99900628318,440.598083603731,1463.51677633577,82.3989478988269,3706.18877624035,4,4,25,16.4693856931237,0.643824273298198,0.2891372,150,8-10-5-12-7-15-22-2-14-16,F301_S000000|F300_S005000|F301_S010000|F132_S000000|F073_S005000|F195_S001400|F177_S000000|M009_S000000|M009_S005000|M005_S011200,++++++-++-,1,0,NaN
10,10,R10_I10,3,JOINT_GA,Joint-encoding GA,7,21272007,401.555691439855,8531.99900628318,440.598083603731,1463.51677633577,82.3989478988269,3706.18877624035,4,4,25,16.4693856931237,0.643824273298198,0.2895811,150,8-10-5-12-7-15-22-2-14-16,F301_S000000|F300_S005000|F301_S010000|F132_S000000|F073_S005000|F195_S001400|F177_S000000|M009_S000000|M009_S005000|M005_S011200,++++++-++-,1,0,NaN
10,10,R10_I10,3,JOINT_GA,Joint-encoding GA,8,21272008,401.841871598794,8409.18183636733,470.167127120441,1457.38350641737,82.6254959635489,3583.37160632449,4,4,26.3084146898007,16.4098552095863,0.715550975822181,0.2953009,150,8-10-5-12-7-22-15-2-14-16,F301_S000000|F300_S005000|F301_S010000|F132_S000000|F073_S005000|F177_S000000|F195_S001400|M009_S000000|M009_S005000|M005_S011200,++++++-++-,1,0,NaN
10,10,R10_I10,3,JOINT_GA,Joint-encoding GA,9,21272009,401.555691439855,8531.99900628318,440.598083603731,1463.51677633577,82.3989478988269,3706.18877624035,4,4,25,16.4693856931237,0.643824273298198,0.2957605,150,8-10-5-12-7-15-22-2-14-16,F301_S000000|F300_S005000|F301_S010000|F132_S000000|F073_S005000|F195_S001400|F177_S000000|M009_S000000|M009_S005000|M005_S011200,++++++-++-,1,0,NaN
10,10,R10_I10,3,JOINT_GA,Joint-encoding GA,10,21272010,401.555691439855,8531.99900628318,440.598083603731,1463.51677633577,82.3989478988269,3706.18877624035,4,4,25,16.4693856931237,0.643824273298198,0.2961603,150,8-10-5-12-7-15-22-2-14-16,F301_S000000|F300_S005000|F301_S010000|F132_S000000|F073_S005000|F195_S001400|F177_S000000|M009_S000000|M009_S005000|M005_S011200,++++++-++-,1,0,NaN
10,10,R10_I10,3,JOINT_GA,Joint-encoding GA,11,21272011,401.555691439855,8531.99900628318,440.598083603731,1463.51677633577,82.3989478988269,3706.18877624035,4,4,25,16.4693856931237,0.643824273298198,0.2891734,150,8-10-5-12-7-15-22-2-14-16,F301_S000000|F300_S005000|F301_S010000|F132_S000000|F073_S005000|F195_S001400|F177_S000000|M009_S000000|M009_S005000|M005_S011200,++++++-++-,1,0,NaN
10,10,R10_I10,3,JOINT_GA,Joint-encoding GA,12,21272012,401.555691439855,8531.99900628318,440.598083603731,1463.51677633577,82.3989478988269,3706.18877624035,4,4,25,16.4693856931237,0.643824273298198,0.3104035,150,8-10-5-12-7-15-22-2-14-16,F301_S000000|F300_S005000|F301_S010000|F132_S000000|F073_S005000|F195_S001400|F177_S000000|M009_S000000|M009_S005000|M005_S011200,++++++-++-,1,0,NaN
10,10,R10_I10,3,JOINT_GA,Joint-encoding GA,13,21272013,401.555691439855,8531.99900628318,440.598083603731,1463.51677633577,82.3989478988269,3706.18877624035,4,4,25,16.4693856931237,0.643824273298198,0.294967,150,8-10-5-12-7-15-22-2-14-16,F301_S000000|F300_S005000|F301_S010000|F132_S000000|F073_S005000|F195_S001400|F177_S000000|M009_S000000|M009_S005000|M005_S011200,++++++-++-,1,0,NaN
10,10,R10_I10,3,JOINT_GA,Joint-encoding GA,14,21272014,401.555691439855,8531.99900628318,440.598083603731,1463.51677633577,82.3989478988269,3706.18877624035,4,4,25,16.4693856931237,0.643824273298198,0.2939117,150,8-10-5-12-7-15-22-2-14-16,F301_S000000|F300_S005000|F301_S010000|F132_S000000|F073_S005000|F195_S001400|F177_S000000|M009_S000000|M009_S005000|M005_S011200,++++++-++-,1,0,NaN
10,10,R10_I10,3,JOINT_GA,Joint-encoding GA,15,21272015,401.841871598794,8409.18183636733,470.167127120441,1457.38350641737,82.6254959635489,3583.37160632449,4,4,26.3084146898007,16.4098552095863,0.715550975822181,0.3057301,150,8-10-5-12-7-22-15-2-14-16,F301_S000000|F300_S005000|F301_S010000|F132_S000000|F073_S005000|F177_S000000|F195_S001400|M009_S000000|M009_S005000|M005_S011200,++++++-++-,1,0,NaN
10,10,R10_I10,3,JOINT_GA,Joint-encoding GA,16,21272016,401.555691439855,8531.99900628318,440.598083603731,1463.51677633577,82.3989478988269,3706.18877624035,4,4,25,16.4693856931237,0.643824273298198,0.3163939,150,8-10-5-12-7-15-22-2-14-16,F301_S000000|F300_S005000|F301_S010000|F132_S000000|F073_S005000|F195_S001400|F177_S000000|M009_S000000|M009_S005000|M005_S011200,++++++-++-,1,0,NaN
10,10,R10_I10,3,JOINT_GA,Joint-encoding GA,17,21272017,401.555691439855,8531.99900628318,440.598083603731,1463.51677633577,82.3989478988269,3706.18877624035,4,4,25,16.4693856931237,0.643824273298198,0.2881405,150,8-10-5-12-7-15-22-2-14-16,F301_S000000|F300_S005000|F301_S010000|F132_S000000|F073_S005000|F195_S001400|F177_S000000|M009_S000000|M009_S005000|M005_S011200,++++++-++-,1,0,NaN
10,10,R10_I10,3,JOINT_GA,Joint-encoding GA,18,21272018,401.555691439855,8531.99900628318,440.598083603731,1463.51677633577,82.3989478988269,3706.18877624035,4,4,25,16.4693856931237,0.643824273298198,0.2924873,150,8-10-5-12-7-15-22-2-14-16,F301_S000000|F300_S005000|F301_S010000|F132_S000000|F073_S005000|F195_S001400|F177_S000000|M009_S000000|M009_S005000|M005_S011200,++++++-++-,1,0,NaN
10,10,R10_I10,3,JOINT_GA,Joint-encoding GA,19,21272019,401.555691439855,8531.99900628318,440.598083603731,1463.51677633577,82.3989478988269,3706.18877624035,4,4,25,16.4693856931237,0.643824273298198,0.29688,150,8-10-5-12-7-15-22-2-14-16,F301_S000000|F300_S005000|F301_S010000|F132_S000000|F073_S005000|F195_S001400|F177_S000000|M009_S000000|M009_S005000|M005_S011200,++++++-++-,1,0,NaN
10,10,R10_I10,3,JOINT_GA,Joint-encoding GA,20,21272020,401.555691439855,8531.99900628318,440.598083603731,1463.51677633577,82.3989478988269,3706.18877624035,4,4,25,16.4693856931237,0.643824273298198,0.2865725,150,8-10-5-12-7-15-22-2-14-16,F301_S000000|F300_S005000|F301_S010000|F132_S000000|F073_S005000|F195_S001400|F177_S000000|M009_S000000|M009_S005000|M005_S011200,++++++-++-,1,0,NaN
10,10,R10_I10,4,GA_DP,Proposed GA-DP,1,21272501,398.986916822071,8426.94776756793,437.233808496941,1456.28649656251,79.8272894132804,3601.1375375251,5,4,25,17.0037357880509,0,0.1602502,150,8-10-5-16-14-2-22-15-7-12,F301_S000000|F300_S005000|F301_S010000|M005_S011200|M009_S005000|M009_S000000|F177_S000000|F195_S001400|F073_S005000|F132_S000000,++++--+---,1,0,NaN
10,10,R10_I10,4,GA_DP,Proposed GA-DP,2,21272502,398.986916822071,8426.94776756793,437.233808496941,1456.28649656251,79.8272894132804,3601.1375375251,5,4,25,17.0037357880509,0,0.1629536,150,8-10-5-16-14-2-22-15-7-12,F301_S000000|F300_S005000|F301_S010000|M005_S011200|M009_S005000|M009_S000000|F177_S000000|F195_S001400|F073_S005000|F132_S000000,++++--+---,1,0,NaN
10,10,R10_I10,4,GA_DP,Proposed GA-DP,3,21272503,398.986916822071,8426.94776756793,437.233808496941,1456.28649656251,79.8272894132804,3601.1375375251,5,4,25,17.0037357880509,0,0.159377,150,8-10-5-16-14-2-22-15-7-12,F301_S000000|F300_S005000|F301_S010000|M005_S011200|M009_S005000|M009_S000000|F177_S000000|F195_S001400|F073_S005000|F132_S000000,++++--+---,1,0,NaN
10,10,R10_I10,4,GA_DP,Proposed GA-DP,4,21272504,398.986916822071,8426.94776756793,437.233808496941,1456.28649656251,79.8272894132804,3601.1375375251,5,4,25,17.0037357880509,0,0.1578086,150,8-10-5-16-14-2-22-15-7-12,F301_S000000|F300_S005000|F301_S010000|M005_S011200|M009_S005000|M009_S000000|F177_S000000|F195_S001400|F073_S005000|F132_S000000,++++--+---,1,0,NaN
10,10,R10_I10,4,GA_DP,Proposed GA-DP,5,21272505,398.986916822071,8426.94776756793,437.233808496941,1456.28649656251,79.8272894132804,3601.1375375251,5,4,25,17.0037357880509,0,0.1596403,150,8-10-5-16-14-2-22-15-7-12,F301_S000000|F300_S005000|F301_S010000|M005_S011200|M009_S005000|M009_S000000|F177_S000000|F195_S001400|F073_S005000|F132_S000000,++++--+---,1,0,NaN
10,10,R10_I10,4,GA_DP,Proposed GA-DP,6,21272506,398.986916822071,8426.94776756793,437.233808496941,1456.28649656251,79.8272894132804,3601.1375375251,5,4,25,17.0037357880509,0,0.1572532,150,8-10-5-16-14-2-22-15-7-12,F301_S000000|F300_S005000|F301_S010000|M005_S011200|M009_S005000|M009_S000000|F177_S000000|F195_S001400|F073_S005000|F132_S000000,++++--+---,1,0,NaN
10,10,R10_I10,4,GA_DP,Proposed GA-DP,7,21272507,398.986916822071,8426.94776756793,437.233808496941,1456.28649656251,79.8272894132804,3601.1375375251,5,4,25,17.0037357880509,0,0.1584937,150,8-10-5-16-14-2-22-15-7-12,F301_S000000|F300_S005000|F301_S010000|M005_S011200|M009_S005000|M009_S000000|F177_S000000|F195_S001400|F073_S005000|F132_S000000,++++--+---,1,0,NaN
10,10,R10_I10,4,GA_DP,Proposed GA-DP,8,21272508,398.986916822071,8426.94776756793,437.233808496941,1456.28649656251,79.8272894132804,3601.1375375251,5,4,25,17.0037357880509,0,0.1591489,150,8-10-5-16-14-2-22-15-7-12,F301_S000000|F300_S005000|F301_S010000|M005_S011200|M009_S005000|M009_S000000|F177_S000000|F195_S001400|F073_S005000|F132_S000000,++++--+---,1,0,NaN
10,10,R10_I10,4,GA_DP,Proposed GA-DP,9,21272509,398.986916822071,8426.94776756793,437.233808496941,1456.28649656251,79.8272894132804,3601.1375375251,5,4,25,17.0037357880509,0,0.1600873,150,8-10-5-16-14-2-22-15-7-12,F301_S000000|F300_S005000|F301_S010000|M005_S011200|M009_S005000|M009_S000000|F177_S000000|F195_S001400|F073_S005000|F132_S000000,++++--+---,1,0,NaN
10,10,R10_I10,4,GA_DP,Proposed GA-DP,10,21272510,398.986916822071,8426.94776756793,437.233808496941,1456.28649656251,79.8272894132804,3601.1375375251,5,4,25,17.0037357880509,0,0.1592583,150,8-10-5-16-14-2-22-15-7-12,F301_S000000|F300_S005000|F301_S010000|M005_S011200|M009_S005000|M009_S000000|F177_S000000|F195_S001400|F073_S005000|F132_S000000,++++--+---,1,0,NaN
10,10,R10_I10,4,GA_DP,Proposed GA-DP,11,21272511,398.986916822071,8426.94776756793,437.233808496941,1456.28649656251,79.8272894132804,3601.1375375251,5,4,25,17.0037357880509,0,0.1627626,150,8-10-5-16-14-2-22-15-7-12,F301_S000000|F300_S005000|F301_S010000|M005_S011200|M009_S005000|M009_S000000|F177_S000000|F195_S001400|F073_S005000|F132_S000000,++++--+---,1,0,NaN
10,10,R10_I10,4,GA_DP,Proposed GA-DP,12,21272512,398.986916822071,8426.94776756793,437.233808496941,1456.28649656251,79.8272894132804,3601.1375375251,5,4,25,17.0037357880509,0,0.1683775,150,8-10-5-16-14-2-22-15-7-12,F301_S000000|F300_S005000|F301_S010000|M005_S011200|M009_S005000|M009_S000000|F177_S000000|F195_S001400|F073_S005000|F132_S000000,++++--+---,1,0,NaN
10,10,R10_I10,4,GA_DP,Proposed GA-DP,13,21272513,398.986916822071,8426.94776756793,437.233808496941,1456.28649656251,79.8272894132804,3601.1375375251,5,4,25,17.0037357880509,0,0.1658709,150,8-10-5-16-14-2-22-15-7-12,F301_S000000|F300_S005000|F301_S010000|M005_S011200|M009_S005000|M009_S000000|F177_S000000|F195_S001400|F073_S005000|F132_S000000,++++--+---,1,0,NaN
10,10,R10_I10,4,GA_DP,Proposed GA-DP,14,21272514,398.986916822071,8426.94776756793,437.233808496941,1456.28649656251,79.8272894132804,3601.1375375251,5,4,25,17.0037357880509,0,0.1633547,150,8-10-5-16-14-2-22-15-7-12,F301_S000000|F300_S005000|F301_S010000|M005_S011200|M009_S005000|M009_S000000|F177_S000000|F195_S001400|F073_S005000|F132_S000000,++++--+---,1,0,NaN
10,10,R10_I10,4,GA_DP,Proposed GA-DP,15,21272515,398.986916822071,8426.94776756793,437.233808496941,1456.28649656251,79.8272894132804,3601.1375375251,5,4,25,17.0037357880509,0,0.1773422,150,8-10-5-16-14-2-22-15-7-12,F301_S000000|F300_S005000|F301_S010000|M005_S011200|M009_S005000|M009_S000000|F177_S000000|F195_S001400|F073_S005000|F132_S000000,++++--+---,1,0,NaN
10,10,R10_I10,4,GA_DP,Proposed GA-DP,16,21272516,398.986916822071,8426.94776756793,437.233808496941,1456.28649656251,79.8272894132804,3601.1375375251,5,4,25,17.0037357880509,0,0.1668143,150,8-10-5-16-14-2-22-15-7-12,F301_S000000|F300_S005000|F301_S010000|M005_S011200|M009_S005000|M009_S000000|F177_S000000|F195_S001400|F073_S005000|F132_S000000,++++--+---,1,0,NaN
10,10,R10_I10,4,GA_DP,Proposed GA-DP,17,21272517,398.986916822071,8426.94776756793,437.233808496941,1456.28649656251,79.8272894132804,3601.1375375251,5,4,25,17.0037357880509,0,0.1659148,150,8-10-5-16-14-2-22-15-7-12,F301_S000000|F300_S005000|F301_S010000|M005_S011200|M009_S005000|M009_S000000|F177_S000000|F195_S001400|F073_S005000|F132_S000000,++++--+---,1,0,NaN
10,10,R10_I10,4,GA_DP,Proposed GA-DP,18,21272518,398.986916822071,8426.94776756793,437.233808496941,1456.28649656251,79.8272894132804,3601.1375375251,5,4,25,17.0037357880509,0,0.1598545,150,8-10-5-16-14-2-22-15-7-12,F301_S000000|F300_S005000|F301_S010000|M005_S011200|M009_S005000|M009_S000000|F177_S000000|F195_S001400|F073_S005000|F132_S000000,++++--+---,1,0,NaN
10,10,R10_I10,4,GA_DP,Proposed GA-DP,19,21272519,398.986916822071,8426.94776756793,437.233808496941,1456.28649656251,79.8272894132804,3601.1375375251,5,4,25,17.0037357880509,0,0.1579922,150,8-10-5-16-14-2-22-15-7-12,F301_S000000|F300_S005000|F301_S010000|M005_S011200|M009_S005000|M009_S000000|F177_S000000|F195_S001400|F073_S005000|F132_S000000,++++--+---,1,0,NaN
10,10,R10_I10,4,GA_DP,Proposed GA-DP,20,21272520,398.986916822071,8426.94776756793,437.233808496941,1456.28649656251,79.8272894132804,3601.1375375251,5,4,25,17.0037357880509,0,0.156491,150,8-10-5-16-14-2-22-15-7-12,F301_S000000|F300_S005000|F301_S010000|M005_S011200|M009_S005000|M009_S000000|F177_S000000|F195_S001400|F073_S005000|F132_S000000,++++--+---,1,0,NaN
10,10,R10_I10,5,EXACT,Exact optimum,1,NaN,398.986916822071,8426.94776756793,437.233808496941,1456.28649656251,79.8272894132804,3601.1375375251,5,4,25,17.0037357880509,0,0.0490648,0,8-10-5-16-14-2-22-15-7-12,F301_S000000|F300_S005000|F301_S010000|M005_S011200|M009_S005000|M009_S000000|F177_S000000|F195_S001400|F073_S005000|F132_S000000,++++--+---,1,1,0
20,1,R20_I01,1,FIXED,Fixed order + fixed direction,1,NaN,870.03404724948,20292.1289564184,907.590057737008,3198.1890250079,231.178572361264,10627.4405701253,14,12,25,0,21.074966402586,5.23e-05,0,4-18-13-21-16-24-2-3-23-25-11-9-7-12-22-15-10-8-19-5,M001_S001200|M001_S006200|M002_S000000|M002_S011200|M005_S011200|M007_S007800|M009_S000000|M009_S010000|F002_S000000|F003_S000000|F005_S005000|F010_S000000|F073_S005000|F132_S000000|F177_S000000|F195_S001400|F300_S005000|F301_S000000|F301_S005000|F301_S010000,++++++++++++++++++++,1,0,NaN
20,1,R20_I01,2,NN_DP,Nearest neighbour-DP,1,NaN,752.077703095818,15134.4030076039,567.381625523169,2802.90242259642,113.427836701572,5469.71462131081,7,3,25,13.5576699011456,4.66002212480042,0.0003985,0,25-11-18-4-8-19-5-10-13-23-9-22-7-12-21-16-3-24-15-2,F003_S000000|F005_S005000|M001_S006200|M001_S001200|F301_S000000|F301_S005000|F301_S010000|F300_S005000|M002_S000000|F002_S000000|F010_S000000|F177_S000000|F073_S005000|F132_S000000|M002_S011200|M005_S011200|M009_S010000|M007_S007800|F195_S001400|M009_S000000,+--++++++++---++--++,1,0,NaN
20,1,R20_I01,3,JOINT_GA,Joint-encoding GA,1,22263001,752.077703095818,15134.4030076039,567.381625523169,2802.90242259642,113.427836701572,5469.71462131081,7,3,25,13.5576699011456,4.66002212480042,0.3683704,150,25-11-18-4-8-19-5-10-13-23-9-22-7-12-21-16-3-24-15-2,F003_S000000|F005_S005000|M001_S006200|M001_S001200|F301_S000000|F301_S005000|F301_S010000|F300_S005000|M002_S000000|F002_S000000|F010_S000000|F177_S000000|F073_S005000|F132_S000000|M002_S011200|M005_S011200|M009_S010000|M007_S007800|F195_S001400|M009_S000000,+--++++++++---++--++,1,0,NaN
20,1,R20_I01,3,JOINT_GA,Joint-encoding GA,2,22263002,752.077703095818,15134.4030076039,567.381625523169,2802.90242259642,113.427836701572,5469.71462131081,7,3,25,13.5576699011456,4.66002212480042,0.3700554,150,25-11-18-4-8-19-5-10-13-23-9-22-7-12-21-16-3-24-15-2,F003_S000000|F005_S005000|M001_S006200|M001_S001200|F301_S000000|F301_S005000|F301_S010000|F300_S005000|M002_S000000|F002_S000000|F010_S000000|F177_S000000|F073_S005000|F132_S000000|M002_S011200|M005_S011200|M009_S010000|M007_S007800|F195_S001400|M009_S000000,+--++++++++---++--++,1,0,NaN
20,1,R20_I01,3,JOINT_GA,Joint-encoding GA,3,22263003,752.077703095818,15134.4030076039,567.381625523169,2802.90242259642,113.427836701572,5469.71462131081,7,3,25,13.5576699011456,4.66002212480042,0.3672751,150,25-11-18-4-8-19-5-10-13-23-9-22-7-12-21-16-3-24-15-2,F003_S000000|F005_S005000|M001_S006200|M001_S001200|F301_S000000|F301_S005000|F301_S010000|F300_S005000|M002_S000000|F002_S000000|F010_S000000|F177_S000000|F073_S005000|F132_S000000|M002_S011200|M005_S011200|M009_S010000|M007_S007800|F195_S001400|M009_S000000,+--++++++++---++--++,1,0,NaN
20,1,R20_I01,3,JOINT_GA,Joint-encoding GA,4,22263004,752.077703095818,15134.4030076039,567.381625523169,2802.90242259642,113.427836701572,5469.71462131081,7,3,25,13.5576699011456,4.66002212480042,0.3666301,150,25-11-18-4-8-19-5-10-13-23-9-22-7-12-21-16-3-24-15-2,F003_S000000|F005_S005000|M001_S006200|M001_S001200|F301_S000000|F301_S005000|F301_S010000|F300_S005000|M002_S000000|F002_S000000|F010_S000000|F177_S000000|F073_S005000|F132_S000000|M002_S011200|M005_S011200|M009_S010000|M007_S007800|F195_S001400|M009_S000000,+--++++++++---++--++,1,0,NaN
20,1,R20_I01,3,JOINT_GA,Joint-encoding GA,5,22263005,752.077703095818,15134.4030076039,567.381625523169,2802.90242259642,113.427836701572,5469.71462131081,7,3,25,13.5576699011456,4.66002212480042,0.3666751,150,25-11-18-4-8-19-5-10-13-23-9-22-7-12-21-16-3-24-15-2,F003_S000000|F005_S005000|M001_S006200|M001_S001200|F301_S000000|F301_S005000|F301_S010000|F300_S005000|M002_S000000|F002_S000000|F010_S000000|F177_S000000|F073_S005000|F132_S000000|M002_S011200|M005_S011200|M009_S010000|M007_S007800|F195_S001400|M009_S000000,+--++++++++---++--++,1,0,NaN
20,1,R20_I01,3,JOINT_GA,Joint-encoding GA,6,22263006,752.077703095818,15134.4030076039,567.381625523169,2802.90242259642,113.427836701572,5469.71462131081,7,3,25,13.5576699011456,4.66002212480042,0.3652958,150,25-11-18-4-8-19-5-10-13-23-9-22-7-12-21-16-3-24-15-2,F003_S000000|F005_S005000|M001_S006200|M001_S001200|F301_S000000|F301_S005000|F301_S010000|F300_S005000|M002_S000000|F002_S000000|F010_S000000|F177_S000000|F073_S005000|F132_S000000|M002_S011200|M005_S011200|M009_S010000|M007_S007800|F195_S001400|M009_S000000,+--++++++++---++--++,1,0,NaN
20,1,R20_I01,3,JOINT_GA,Joint-encoding GA,7,22263007,752.077703095818,15134.4030076039,567.381625523169,2802.90242259642,113.427836701572,5469.71462131081,7,3,25,13.5576699011456,4.66002212480042,0.363199,150,25-11-18-4-8-19-5-10-13-23-9-22-7-12-21-16-3-24-15-2,F003_S000000|F005_S005000|M001_S006200|M001_S001200|F301_S000000|F301_S005000|F301_S010000|F300_S005000|M002_S000000|F002_S000000|F010_S000000|F177_S000000|F073_S005000|F132_S000000|M002_S011200|M005_S011200|M009_S010000|M007_S007800|F195_S001400|M009_S000000,+--++++++++---++--++,1,0,NaN
20,1,R20_I01,3,JOINT_GA,Joint-encoding GA,8,22263008,752.077703095818,15134.4030076039,567.381625523169,2802.90242259642,113.427836701572,5469.71462131081,7,3,25,13.5576699011456,4.66002212480042,0.3715092,150,25-11-18-4-8-19-5-10-13-23-9-22-7-12-21-16-3-24-15-2,F003_S000000|F005_S005000|M001_S006200|M001_S001200|F301_S000000|F301_S005000|F301_S010000|F300_S005000|M002_S000000|F002_S000000|F010_S000000|F177_S000000|F073_S005000|F132_S000000|M002_S011200|M005_S011200|M009_S010000|M007_S007800|F195_S001400|M009_S000000,+--++++++++---++--++,1,0,NaN
20,1,R20_I01,3,JOINT_GA,Joint-encoding GA,9,22263009,752.077703095818,15134.4030076039,567.381625523169,2802.90242259642,113.427836701572,5469.71462131081,7,3,25,13.5576699011456,4.66002212480042,0.367279,150,25-11-18-4-8-19-5-10-13-23-9-22-7-12-21-16-3-24-15-2,F003_S000000|F005_S005000|M001_S006200|M001_S001200|F301_S000000|F301_S005000|F301_S010000|F300_S005000|M002_S000000|F002_S000000|F010_S000000|F177_S000000|F073_S005000|F132_S000000|M002_S011200|M005_S011200|M009_S010000|M007_S007800|F195_S001400|M009_S000000,+--++++++++---++--++,1,0,NaN
20,1,R20_I01,3,JOINT_GA,Joint-encoding GA,10,22263010,752.077703095818,15134.4030076039,567.381625523169,2802.90242259642,113.427836701572,5469.71462131081,7,3,25,13.5576699011456,4.66002212480042,0.3647934,150,25-11-18-4-8-19-5-10-13-23-9-22-7-12-21-16-3-24-15-2,F003_S000000|F005_S005000|M001_S006200|M001_S001200|F301_S000000|F301_S005000|F301_S010000|F300_S005000|M002_S000000|F002_S000000|F010_S000000|F177_S000000|F073_S005000|F132_S000000|M002_S011200|M005_S011200|M009_S010000|M007_S007800|F195_S001400|M009_S000000,+--++++++++---++--++,1,0,NaN
20,1,R20_I01,3,JOINT_GA,Joint-encoding GA,11,22263011,752.077703095818,15134.4030076039,567.381625523169,2802.90242259642,113.427836701572,5469.71462131081,7,3,25,13.5576699011456,4.66002212480042,0.3752176,150,25-11-18-4-8-19-5-10-13-23-9-22-7-12-21-16-3-24-15-2,F003_S000000|F005_S005000|M001_S006200|M001_S001200|F301_S000000|F301_S005000|F301_S010000|F300_S005000|M002_S000000|F002_S000000|F010_S000000|F177_S000000|F073_S005000|F132_S000000|M002_S011200|M005_S011200|M009_S010000|M007_S007800|F195_S001400|M009_S000000,+--++++++++---++--++,1,0,NaN
20,1,R20_I01,3,JOINT_GA,Joint-encoding GA,12,22263012,752.077703095818,15134.4030076039,567.381625523169,2802.90242259642,113.427836701572,5469.71462131081,7,3,25,13.5576699011456,4.66002212480042,0.370801,150,25-11-18-4-8-19-5-10-13-23-9-22-7-12-21-16-3-24-15-2,F003_S000000|F005_S005000|M001_S006200|M001_S001200|F301_S000000|F301_S005000|F301_S010000|F300_S005000|M002_S000000|F002_S000000|F010_S000000|F177_S000000|F073_S005000|F132_S000000|M002_S011200|M005_S011200|M009_S010000|M007_S007800|F195_S001400|M009_S000000,+--++++++++---++--++,1,0,NaN
20,1,R20_I01,3,JOINT_GA,Joint-encoding GA,13,22263013,752.077703095818,15134.4030076039,567.381625523169,2802.90242259642,113.427836701572,5469.71462131081,7,3,25,13.5576699011456,4.66002212480042,0.3651676,150,25-11-18-4-8-19-5-10-13-23-9-22-7-12-21-16-3-24-15-2,F003_S000000|F005_S005000|M001_S006200|M001_S001200|F301_S000000|F301_S005000|F301_S010000|F300_S005000|M002_S000000|F002_S000000|F010_S000000|F177_S000000|F073_S005000|F132_S000000|M002_S011200|M005_S011200|M009_S010000|M007_S007800|F195_S001400|M009_S000000,+--++++++++---++--++,1,0,NaN
20,1,R20_I01,3,JOINT_GA,Joint-encoding GA,14,22263014,752.077703095818,15134.4030076039,567.381625523169,2802.90242259642,113.427836701572,5469.71462131081,7,3,25,13.5576699011456,4.66002212480042,0.361494,150,25-11-18-4-8-19-5-10-13-23-9-22-7-12-21-16-3-24-15-2,F003_S000000|F005_S005000|M001_S006200|M001_S001200|F301_S000000|F301_S005000|F301_S010000|F300_S005000|M002_S000000|F002_S000000|F010_S000000|F177_S000000|F073_S005000|F132_S000000|M002_S011200|M005_S011200|M009_S010000|M007_S007800|F195_S001400|M009_S000000,+--++++++++---++--++,1,0,NaN
20,1,R20_I01,3,JOINT_GA,Joint-encoding GA,15,22263015,738.929267407743,14538.5294134771,529.815778990559,2753.92077277601,100.318474388266,4873.84102718401,7,3,25,15.0689252054228,2.83027027288954,0.3595932,150,25-11-18-4-8-19-5-10-13-23-9-22-7-12-21-16-3-2-24-15,F003_S000000|F005_S005000|M001_S006200|M001_S001200|F301_S000000|F301_S005000|F301_S010000|F300_S005000|M002_S000000|F002_S000000|F010_S000000|F177_S000000|F073_S005000|F132_S000000|M002_S011200|M005_S011200|M009_S010000|M009_S000000|M007_S007800|F195_S001400,+--++++++++---++---+,1,0,NaN
20,1,R20_I01,3,JOINT_GA,Joint-encoding GA,16,22263016,738.929267407743,14538.5294134771,529.815778990559,2753.92077277601,100.318474388266,4873.84102718401,7,3,25,15.0689252054228,2.83027027288954,0.3673503,150,25-11-18-4-8-19-5-10-13-23-9-22-7-12-21-16-3-2-24-15,F003_S000000|F005_S005000|M001_S006200|M001_S001200|F301_S000000|F301_S005000|F301_S010000|F300_S005000|M002_S000000|F002_S000000|F010_S000000|F177_S000000|F073_S005000|F132_S000000|M002_S011200|M005_S011200|M009_S010000|M009_S000000|M007_S007800|F195_S001400,+--++++++++---++---+,1,0,NaN
20,1,R20_I01,3,JOINT_GA,Joint-encoding GA,17,22263017,752.077703095818,15134.4030076039,567.381625523169,2802.90242259642,113.427836701572,5469.71462131081,7,3,25,13.5576699011456,4.66002212480042,0.3658526,150,25-11-18-4-8-19-5-10-13-23-9-22-7-12-21-16-3-24-15-2,F003_S000000|F005_S005000|M001_S006200|M001_S001200|F301_S000000|F301_S005000|F301_S010000|F300_S005000|M002_S000000|F002_S000000|F010_S000000|F177_S000000|F073_S005000|F132_S000000|M002_S011200|M005_S011200|M009_S010000|M007_S007800|F195_S001400|M009_S000000,+--++++++++---++--++,1,0,NaN
20,1,R20_I01,3,JOINT_GA,Joint-encoding GA,18,22263018,752.077703095818,15134.4030076039,567.381625523169,2802.90242259642,113.427836701572,5469.71462131081,7,3,25,13.5576699011456,4.66002212480042,0.373487,150,25-11-18-4-8-19-5-10-13-23-9-22-7-12-21-16-3-24-15-2,F003_S000000|F005_S005000|M001_S006200|M001_S001200|F301_S000000|F301_S005000|F301_S010000|F300_S005000|M002_S000000|F002_S000000|F010_S000000|F177_S000000|F073_S005000|F132_S000000|M002_S011200|M005_S011200|M009_S010000|M007_S007800|F195_S001400|M009_S000000,+--++++++++---++--++,1,0,NaN
20,1,R20_I01,3,JOINT_GA,Joint-encoding GA,19,22263019,752.077703095818,15134.4030076039,567.381625523169,2802.90242259642,113.427836701572,5469.71462131081,7,3,25,13.5576699011456,4.66002212480042,0.3652691,150,25-11-18-4-8-19-5-10-13-23-9-22-7-12-21-16-3-24-15-2,F003_S000000|F005_S005000|M001_S006200|M001_S001200|F301_S000000|F301_S005000|F301_S010000|F300_S005000|M002_S000000|F002_S000000|F010_S000000|F177_S000000|F073_S005000|F132_S000000|M002_S011200|M005_S011200|M009_S010000|M007_S007800|F195_S001400|M009_S000000,+--++++++++---++--++,1,0,NaN
20,1,R20_I01,3,JOINT_GA,Joint-encoding GA,20,22263020,752.077703095818,15134.4030076039,567.381625523169,2802.90242259642,113.427836701572,5469.71462131081,7,3,25,13.5576699011456,4.66002212480042,0.3630743,150,25-11-18-4-8-19-5-10-13-23-9-22-7-12-21-16-3-24-15-2,F003_S000000|F005_S005000|M001_S006200|M001_S001200|F301_S000000|F301_S005000|F301_S010000|F300_S005000|M002_S000000|F002_S000000|F010_S000000|F177_S000000|F073_S005000|F132_S000000|M002_S011200|M005_S011200|M009_S010000|M007_S007800|F195_S001400|M009_S000000,+--++++++++---++--++,1,0,NaN
20,1,R20_I01,4,GA_DP,Proposed GA-DP,1,22263501,719.055080017253,13360.2279374395,520.817724813011,2662.9122277631,80.5589146653533,3695.53955114643,3,1,25,17.3532251650991,0.0645548641772333,0.206365,150,13-10-18-4-8-19-5-11-25-23-12-7-22-15-24-2-3-16-9-21,M002_S000000|F300_S005000|M001_S006200|M001_S001200|F301_S000000|F301_S005000|F301_S010000|F005_S005000|F003_S000000|F002_S000000|F132_S000000|F073_S005000|F177_S000000|F195_S001400|M007_S007800|M009_S000000|M009_S010000|M005_S011200|F010_S000000|M002_S011200,-+-++++-+-+++-+++---,1,0,NaN
20,1,R20_I01,4,GA_DP,Proposed GA-DP,2,22263502,718.591194447688,13393.1186705694,523.578099445551,2662.51292826467,80.0670371189086,3728.43028427631,3,0,25.7785443968074,17.4065432589175,0,0.2140585,150,13-10-18-4-8-19-5-11-25-23-21-9-16-3-2-24-15-22-7-12,M002_S000000|F300_S005000|M001_S006200|M001_S001200|F301_S000000|F301_S005000|F301_S010000|F005_S005000|F003_S000000|F002_S000000|M002_S011200|F010_S000000|M005_S011200|M009_S010000|M009_S000000|M007_S007800|F195_S001400|F177_S000000|F073_S005000|F132_S000000,-+-++++-+-+++---+---,1,0,NaN
20,1,R20_I01,4,GA_DP,Proposed GA-DP,3,22263503,718.591194447688,13393.1186705694,523.578099445551,2662.51292826467,80.0670371189086,3728.43028427631,3,0,25.7785443968074,17.4065432589175,0,0.2134459,150,13-10-18-4-8-19-5-11-25-23-21-9-16-3-2-24-15-22-7-12,M002_S000000|F300_S005000|M001_S006200|M001_S001200|F301_S000000|F301_S005000|F301_S010000|F005_S005000|F003_S000000|F002_S000000|M002_S011200|F010_S000000|M005_S011200|M009_S010000|M009_S000000|M007_S007800|F195_S001400|F177_S000000|F073_S005000|F132_S000000,-+-++++-+-+++---+---,1,0,NaN
20,1,R20_I01,4,GA_DP,Proposed GA-DP,4,22263504,722.354877387623,13622.3394301244,498.422787417455,2687.38136082387,83.8370144737,3957.6510438313,4,1,25,16.9739529537642,0.523758566625299,0.2054124,150,13-10-5-19-8-4-18-11-25-23-12-7-22-15-24-2-3-16-9-21,M002_S000000|F300_S005000|F301_S010000|F301_S005000|F301_S000000|M001_S001200|M001_S006200|F005_S005000|F003_S000000|F002_S000000|F132_S000000|F073_S005000|F177_S000000|F195_S001400|M007_S007800|M009_S000000|M009_S010000|M005_S011200|F010_S000000|M002_S011200,------++-++++-+++---,1,0,NaN
20,1,R20_I01,4,GA_DP,Proposed GA-DP,5,22263505,719.055080017253,13360.2279374395,520.817724813011,2662.9122277631,80.5589146653533,3695.53955114643,3,1,25,17.3532251650991,0.0645548641772333,0.2166123,150,13-10-18-4-8-19-5-11-25-23-12-7-22-15-24-2-3-16-9-21,M002_S000000|F300_S005000|M001_S006200|M001_S001200|F301_S000000|F301_S005000|F301_S010000|F005_S005000|F003_S000000|F002_S000000|F132_S000000|F073_S005000|F177_S000000|F195_S001400|M007_S007800|M009_S000000|M009_S010000|M005_S011200|F010_S000000|M002_S011200,-+-++++-+-+++-+++---,1,0,NaN
20,1,R20_I01,4,GA_DP,Proposed GA-DP,6,22263506,718.591194447688,13393.1186705694,523.578099445551,2662.51292826467,80.0670371189086,3728.43028427631,3,0,25.7785443968074,17.4065432589175,0,0.2059669,150,13-10-18-4-8-19-5-11-25-23-21-9-16-3-2-24-15-22-7-12,M002_S000000|F300_S005000|M001_S006200|M001_S001200|F301_S000000|F301_S005000|F301_S010000|F005_S005000|F003_S000000|F002_S000000|M002_S011200|F010_S000000|M005_S011200|M009_S010000|M009_S000000|M007_S007800|F195_S001400|F177_S000000|F073_S005000|F132_S000000,-+-++++-+-+++---+---,1,0,NaN
20,1,R20_I01,4,GA_DP,Proposed GA-DP,7,22263507,724.880941212439,13606.0468944988,534.437421378851,2693.81995662807,86.3536382799575,3941.35850820571,5,2,26.3665048456766,16.6836121524126,0.875288594314761,0.217289,150,13-10-5-19-8-4-18-11-25-23-9-12-7-22-15-24-2-3-16-21,M002_S000000|F300_S005000|F301_S010000|F301_S005000|F301_S000000|M001_S001200|M001_S006200|F005_S005000|F003_S000000|F002_S000000|F010_S000000|F132_S000000|F073_S005000|F177_S000000|F195_S001400|M007_S007800|M009_S000000|M009_S010000|M005_S011200|M002_S011200,------++-+++++-+++--,1,0,NaN
20,1,R20_I01,4,GA_DP,Proposed GA-DP,8,22263508,736.907802650246,14562.3567584214,511.564992324623,2756.52685536929,98.1781806659486,4897.66837212832,8,4,25,15.3012683837027,2.5489608478485,0.2135866,150,25-11-18-4-8-19-5-10-13-7-12-21-16-3-2-24-15-22-9-23,F003_S000000|F005_S005000|M001_S006200|M001_S001200|F301_S000000|F301_S005000|F301_S010000|F300_S005000|M002_S000000|F073_S005000|F132_S000000|M002_S011200|M005_S011200|M009_S010000|M009_S000000|M007_S007800|F195_S001400|F177_S000000|F010_S000000|F002_S000000,+--++++++--++---++--,1,0,NaN
20,1,R20_I01,4,GA_DP,Proposed GA-DP,9,22263509,719.055080017253,13360.2279374395,520.817724813011,2662.9122277631,80.5589146653533,3695.53955114643,3,1,25,17.3532251650991,0.0645548641772333,0.2197541,150,13-10-18-4-8-19-5-11-25-23-12-7-22-15-24-2-3-16-9-21,M002_S000000|F300_S005000|M001_S006200|M001_S001200|F301_S000000|F301_S005000|F301_S010000|F005_S005000|F003_S000000|F002_S000000|F132_S000000|F073_S005000|F177_S000000|F195_S001400|M007_S007800|M009_S000000|M009_S010000|M005_S011200|F010_S000000|M002_S011200,-+-++++-+-+++-+++---,1,0,NaN
20,1,R20_I01,4,GA_DP,Proposed GA-DP,10,22263510,718.591194447688,13393.1186705694,523.578099445551,2662.51292826467,80.0670371189086,3728.43028427631,3,0,25.7785443968074,17.4065432589175,0,0.2130928,150,13-10-18-4-8-19-5-11-25-23-21-9-16-3-2-24-15-22-7-12,M002_S000000|F300_S005000|M001_S006200|M001_S001200|F301_S000000|F301_S005000|F301_S010000|F005_S005000|F003_S000000|F002_S000000|M002_S011200|F010_S000000|M005_S011200|M009_S010000|M009_S000000|M007_S007800|F195_S001400|F177_S000000|F073_S005000|F132_S000000,-+-++++-+-+++---+---,1,0,NaN
20,1,R20_I01,4,GA_DP,Proposed GA-DP,11,22263511,725.385714061914,13829.8114043212,508.899903976481,2699.23794342173,86.802913019317,4165.12301802812,4,1,25,16.625594555162,0.945533380693409,0.2099191,150,25-11-18-4-8-19-5-10-13-23-12-7-22-15-24-2-3-16-9-21,F003_S000000|F005_S005000|M001_S006200|M001_S001200|F301_S000000|F301_S005000|F301_S010000|F300_S005000|M002_S000000|F002_S000000|F132_S000000|F073_S005000|F177_S000000|F195_S001400|M007_S007800|M009_S000000|M009_S010000|M005_S011200|F010_S000000|M002_S011200,+--++++++++++-+++---,1,0,NaN
20,1,R20_I01,4,GA_DP,Proposed GA-DP,12,22263512,734.964453762812,14199.1123490829,531.055251849372,2735.1432206403,96.4282694441337,4534.42396278977,6,3,25,15.5246330777141,2.27852211961894,0.2072655,150,25-11-18-4-8-19-5-10-13-23-9-22-7-12-15-24-2-3-16-21,F003_S000000|F005_S005000|M001_S006200|M001_S001200|F301_S000000|F301_S005000|F301_S010000|F300_S005000|M002_S000000|F002_S000000|F010_S000000|F177_S000000|F073_S005000|F132_S000000|F195_S001400|M007_S007800|M009_S000000|M009_S010000|M005_S011200|M002_S011200,+--++++++++----+++--,1,0,NaN
20,1,R20_I01,4,GA_DP,Proposed GA-DP,13,22263513,718.591194447688,13393.1186705694,523.578099445551,2662.51292826467,80.0670371189086,3728.43028427631,3,0,25.7785443968074,17.4065432589175,0,0.2082584,150,13-10-18-4-8-19-5-11-25-23-21-9-16-3-2-24-15-22-7-12,M002_S000000|F300_S005000|M001_S006200|M001_S001200|F301_S000000|F301_S005000|F301_S010000|F005_S005000|F003_S000000|F002_S000000|M002_S011200|F010_S000000|M005_S011200|M009_S010000|M009_S000000|M007_S007800|F195_S001400|F177_S000000|F073_S005000|F132_S000000,-+-++++-+-+++---+---,1,0,NaN
20,1,R20_I01,4,GA_DP,Proposed GA-DP,14,22263514,718.591194447688,13393.1186705694,523.578099445551,2662.51292826467,80.0670371189086,3728.43028427631,3,0,25.7785443968074,17.4065432589175,0,0.2031465,150,13-10-18-4-8-19-5-11-25-23-21-9-16-3-2-24-15-22-7-12,M002_S000000|F300_S005000|M001_S006200|M001_S001200|F301_S000000|F301_S005000|F301_S010000|F005_S005000|F003_S000000|F002_S000000|M002_S011200|F010_S000000|M005_S011200|M009_S010000|M009_S000000|M007_S007800|F195_S001400|F177_S000000|F073_S005000|F132_S000000,-+-++++-+-+++---+---,1,0,NaN
20,1,R20_I01,4,GA_DP,Proposed GA-DP,15,22263515,736.907802650246,14562.3567584214,511.564992324623,2756.52685536929,98.1781806659486,4897.66837212832,8,4,25,15.3012683837027,2.5489608478485,0.2052835,150,25-11-18-4-8-19-5-10-13-7-12-21-16-3-2-24-15-22-9-23,F003_S000000|F005_S005000|M001_S006200|M001_S001200|F301_S000000|F301_S005000|F301_S010000|F300_S005000|M002_S000000|F073_S005000|F132_S000000|M002_S011200|M005_S011200|M009_S010000|M009_S000000|M007_S007800|F195_S001400|F177_S000000|F010_S000000|F002_S000000,+--++++++--++---++--,1,0,NaN
20,1,R20_I01,4,GA_DP,Proposed GA-DP,16,22263516,722.354877387623,13622.3394301244,498.422787417455,2687.38136082387,83.8370144737,3957.6510438313,4,1,25,16.9739529537642,0.523758566625299,0.2125064,150,13-10-5-19-8-4-18-11-25-23-12-7-22-15-24-2-3-16-9-21,M002_S000000|F300_S005000|F301_S010000|F301_S005000|F301_S000000|M001_S001200|M001_S006200|F005_S005000|F003_S000000|F002_S000000|F132_S000000|F073_S005000|F177_S000000|F195_S001400|M007_S007800|M009_S000000|M009_S010000|M005_S011200|F010_S000000|M002_S011200,------++-++++-+++---,1,0,NaN
20,1,R20_I01,4,GA_DP,Proposed GA-DP,17,22263517,722.354877387623,13622.3394301244,498.422787417455,2687.38136082387,83.8370144737,3957.6510438313,4,1,25,16.9739529537642,0.523758566625299,0.2205943,150,13-10-5-19-8-4-18-11-25-23-12-7-22-15-24-2-3-16-9-21,M002_S000000|F300_S005000|F301_S010000|F301_S005000|F301_S000000|M001_S001200|M001_S006200|F005_S005000|F003_S000000|F002_S000000|F132_S000000|F073_S005000|F177_S000000|F195_S001400|M007_S007800|M009_S000000|M009_S010000|M005_S011200|F010_S000000|M002_S011200,------++-++++-+++---,1,0,NaN
20,1,R20_I01,4,GA_DP,Proposed GA-DP,18,22263518,718.591194447688,13393.1186705694,523.578099445551,2662.51292826467,80.0670371189086,3728.43028427631,3,0,25.7785443968074,17.4065432589175,0,0.2077105,150,13-10-18-4-8-19-5-11-25-23-21-9-16-3-2-24-15-22-7-12,M002_S000000|F300_S005000|M001_S006200|M001_S001200|F301_S000000|F301_S005000|F301_S010000|F005_S005000|F003_S000000|F002_S000000|M002_S011200|F010_S000000|M005_S011200|M009_S010000|M009_S000000|M007_S007800|F195_S001400|F177_S000000|F073_S005000|F132_S000000,-+-++++-+-+++---+---,1,0,NaN
20,1,R20_I01,4,GA_DP,Proposed GA-DP,19,22263519,736.907802650246,14562.3567584214,511.564992324623,2756.52685536929,98.1781806659486,4897.66837212832,8,4,25,15.3012683837027,2.5489608478485,0.2078429,150,25-11-18-4-8-19-5-10-13-7-12-21-16-3-2-24-15-22-9-23,F003_S000000|F005_S005000|M001_S006200|M001_S001200|F301_S000000|F301_S005000|F301_S010000|F300_S005000|M002_S000000|F073_S005000|F132_S000000|M002_S011200|M005_S011200|M009_S010000|M009_S000000|M007_S007800|F195_S001400|F177_S000000|F010_S000000|F002_S000000,+--++++++--++---++--,1,0,NaN
20,1,R20_I01,4,GA_DP,Proposed GA-DP,20,22263520,718.591194447688,13393.1186705694,523.578099445551,2662.51292826467,80.0670371189086,3728.43028427631,3,0,25.7785443968074,17.4065432589175,0,0.2074309,150,13-10-18-4-8-19-5-11-25-23-21-9-16-3-2-24-15-22-7-12,M002_S000000|F300_S005000|M001_S006200|M001_S001200|F301_S000000|F301_S005000|F301_S010000|F005_S005000|F003_S000000|F002_S000000|M002_S011200|F010_S000000|M005_S011200|M009_S010000|M009_S000000|M007_S007800|F195_S001400|F177_S000000|F073_S005000|F132_S000000,-+-++++-+-+++---+---,1,0,NaN
20,1,R20_I01,5,EXACT,Exact optimum,1,NaN,718.591194447688,13393.1186705694,523.578099445551,2662.51292826467,80.0670371189086,3728.43028427631,3,0,25.7785443968074,17.4065432589175,0,0.1592616,0,13-10-18-4-8-19-5-11-25-23-21-9-16-3-2-24-15-22-7-12,M002_S000000|F300_S005000|M001_S006200|M001_S001200|F301_S000000|F301_S005000|F301_S010000|F005_S005000|F003_S000000|F002_S000000|M002_S011200|F010_S000000|M005_S011200|M009_S010000|M009_S000000|M007_S007800|F195_S001400|F177_S000000|F073_S005000|F132_S000000,-+-++++-+-+++---+---,1,1,0
20,2,R20_I02,1,FIXED,Fixed order + fixed direction,1,NaN,905.972852386828,21943.6158598985,988.575072102443,3327.29391878096,267.202072789332,12283.0826638594,15,12,25,0,25.1642275400238,3.24e-05,0,4-18-13-21-20-16-24-17-2-14-23-25-11-6-12-22-15-10-8-19,M001_S001200|M001_S006200|M002_S000000|M002_S011200|M005_S006200|M005_S011200|M007_S007800|M008_S005000|M009_S000000|M009_S005000|F002_S000000|F003_S000000|F005_S005000|F021_S005000|F132_S000000|F177_S000000|F195_S001400|F300_S005000|F301_S000000|F301_S005000,++++++++++++++++++++,1,0,NaN
20,2,R20_I02,2,NN_DP,Nearest neighbour-DP,1,NaN,738.182473474766,14687.1614085881,528.818030965443,2761.8144728856,99.798599940516,5026.62821254902,10,4,26.3084146898007,18.52046432407,1.98323143197591,0.0003638,0,25-11-18-4-8-19-10-13-17-12-21-23-20-16-14-2-24-15-6-22,F003_S000000|F005_S005000|M001_S006200|M001_S001200|F301_S000000|F301_S005000|F300_S005000|M002_S000000|M008_S005000|F132_S000000|M002_S011200|F002_S000000|M005_S006200|M005_S011200|M009_S005000|M009_S000000|M007_S007800|F195_S001400|F021_S005000|F177_S000000,+--+++++--+-++---++-,1,0,NaN
20,2,R20_I02,3,JOINT_GA,Joint-encoding GA,1,22264001,737.518849183337,14637.4508698364,522.608811077122,2756.21808289099,99.2156699379394,4976.91767379731,10,4,25,18.5937142332346,1.89154874899625,0.3647128,150,25-11-18-4-8-19-10-13-17-12-23-21-20-16-14-2-24-15-6-22,F003_S000000|F005_S005000|M001_S006200|M001_S001200|F301_S000000|F301_S005000|F300_S005000|M002_S000000|M008_S005000|F132_S000000|F002_S000000|M002_S011200|M005_S006200|M005_S011200|M009_S005000|M009_S000000|M007_S007800|F195_S001400|F021_S005000|F177_S000000,+--+++++--+-++---++-,1,0,NaN
20,2,R20_I02,3,JOINT_GA,Joint-encoding GA,2,22264002,738.182473474766,14687.1614085881,528.818030965443,2761.8144728856,99.798599940516,5026.62821254902,10,4,26.3084146898007,18.52046432407,1.98323143197591,0.3675934,150,25-11-18-4-8-19-10-13-17-12-21-23-20-16-14-2-24-15-6-22,F003_S000000|F005_S005000|M001_S006200|M001_S001200|F301_S000000|F301_S005000|F300_S005000|M002_S000000|M008_S005000|F132_S000000|M002_S011200|F002_S000000|M005_S006200|M005_S011200|M009_S005000|M009_S000000|M007_S007800|F195_S001400|F021_S005000|F177_S000000,+--+++++--+-++---++-,1,0,NaN
20,2,R20_I02,3,JOINT_GA,Joint-encoding GA,3,22264003,738.182473474766,14687.1614085881,528.818030965443,2761.8144728856,99.798599940516,5026.62821254902,10,4,26.3084146898007,18.52046432407,1.98323143197591,0.3653119,150,25-11-18-4-8-19-10-13-17-12-21-23-20-16-14-2-24-15-6-22,F003_S000000|F005_S005000|M001_S006200|M001_S001200|F301_S000000|F301_S005000|F300_S005000|M002_S000000|M008_S005000|F132_S000000|M002_S011200|F002_S000000|M005_S006200|M005_S011200|M009_S005000|M009_S000000|M007_S007800|F195_S001400|F021_S005000|F177_S000000,+--+++++--+-++---++-,1,0,NaN
20,2,R20_I02,3,JOINT_GA,Joint-encoding GA,4,22264004,735.567325673838,14434.8677318548,538.171876335881,2751.96750766514,97.1004330650591,4774.33453581563,10,6,25.1599602821545,18.8091206335873,1.62193699192301,0.3825808,150,25-11-18-4-8-19-10-13-17-21-23-20-16-14-2-24-15-6-22-12,F003_S000000|F005_S005000|M001_S006200|M001_S001200|F301_S000000|F301_S005000|F300_S005000|M002_S000000|M008_S005000|M002_S011200|F002_S000000|M005_S006200|M005_S011200|M009_S005000|M009_S000000|M007_S007800|F195_S001400|F021_S005000|F177_S000000|F132_S000000,+--+++++++-++---++--,1,0,NaN
20,2,R20_I02,3,JOINT_GA,Joint-encoding GA,5,22264005,738.182473474766,14687.1614085881,528.818030965443,2761.8144728856,99.798599940516,5026.62821254902,10,4,26.3084146898007,18.52046432407,1.98323143197591,0.3752218,150,25-11-18-4-8-19-10-13-17-12-21-23-20-16-14-2-24-15-6-22,F003_S000000|F005_S005000|M001_S006200|M001_S001200|F301_S000000|F301_S005000|F300_S005000|M002_S000000|M008_S005000|F132_S000000|M002_S011200|F002_S000000|M005_S006200|M005_S011200|M009_S005000|M009_S000000|M007_S007800|F195_S001400|F021_S005000|F177_S000000,+--+++++--+-++---++-,1,0,NaN
20,2,R20_I02,3,JOINT_GA,Joint-encoding GA,6,22264006,738.182473474766,14687.1614085881,528.818030965443,2761.8144728856,99.798599940516,5026.62821254902,10,4,26.3084146898007,18.52046432407,1.98323143197591,0.3724161,150,25-11-18-4-8-19-10-13-17-12-21-23-20-16-14-2-24-15-6-22,F003_S000000|F005_S005000|M001_S006200|M001_S001200|F301_S000000|F301_S005000|F300_S005000|M002_S000000|M008_S005000|F132_S000000|M002_S011200|F002_S000000|M005_S006200|M005_S011200|M009_S005000|M009_S000000|M007_S007800|F195_S001400|F021_S005000|F177_S000000,+--+++++--+-++---++-,1,0,NaN
20,2,R20_I02,3,JOINT_GA,Joint-encoding GA,7,22264007,738.182473474766,14687.1614085881,528.818030965443,2761.8144728856,99.798599940516,5026.62821254902,10,4,26.3084146898007,18.52046432407,1.98323143197591,0.3718001,150,25-11-18-4-8-19-10-13-17-12-21-23-20-16-14-2-24-15-6-22,F003_S000000|F005_S005000|M001_S006200|M001_S001200|F301_S000000|F301_S005000|F300_S005000|M002_S000000|M008_S005000|F132_S000000|M002_S011200|F002_S000000|M005_S006200|M005_S011200|M009_S005000|M009_S000000|M007_S007800|F195_S001400|F021_S005000|F177_S000000,+--+++++--+-++---++-,1,0,NaN
20,2,R20_I02,3,JOINT_GA,Joint-encoding GA,8,22264008,738.182473474766,14687.1614085881,528.818030965443,2761.8144728856,99.798599940516,5026.62821254902,10,4,26.3084146898007,18.52046432407,1.98323143197591,0.3662249,150,25-11-18-4-8-19-10-13-17-12-21-23-20-16-14-2-24-15-6-22,F003_S000000|F005_S005000|M001_S006200|M001_S001200|F301_S000000|F301_S005000|F300_S005000|M002_S000000|M008_S005000|F132_S000000|M002_S011200|F002_S000000|M005_S006200|M005_S011200|M009_S005000|M009_S000000|M007_S007800|F195_S001400|F021_S005000|F177_S000000,+--+++++--+-++---++-,1,0,NaN
20,2,R20_I02,3,JOINT_GA,Joint-encoding GA,9,22264009,738.182473474766,14687.1614085881,528.818030965443,2761.8144728856,99.798599940516,5026.62821254902,10,4,26.3084146898007,18.52046432407,1.98323143197591,0.3711044,150,25-11-18-4-8-19-10-13-17-12-21-23-20-16-14-2-24-15-6-22,F003_S000000|F005_S005000|M001_S006200|M001_S001200|F301_S000000|F301_S005000|F300_S005000|M002_S000000|M008_S005000|F132_S000000|M002_S011200|F002_S000000|M005_S006200|M005_S011200|M009_S005000|M009_S000000|M007_S007800|F195_S001400|F021_S005000|F177_S000000,+--+++++--+-++---++-,1,0,NaN
20,2,R20_I02,3,JOINT_GA,Joint-encoding GA,10,22264010,738.182473474766,14687.1614085881,528.818030965443,2761.8144728856,99.798599940516,5026.62821254902,10,4,26.3084146898007,18.52046432407,1.98323143197591,0.3659717,150,25-11-18-4-8-19-10-13-17-12-21-23-20-16-14-2-24-15-6-22,F003_S000000|F005_S005000|M001_S006200|M001_S001200|F301_S000000|F301_S005000|F300_S005000|M002_S000000|M008_S005000|F132_S000000|M002_S011200|F002_S000000|M005_S006200|M005_S011200|M009_S005000|M009_S000000|M007_S007800|F195_S001400|F021_S005000|F177_S000000,+--+++++--+-++---++-,1,0,NaN
20,2,R20_I02,3,JOINT_GA,Joint-encoding GA,11,22264011,738.182473474766,14687.1614085881,528.818030965443,2761.8144728856,99.798599940516,5026.62821254902,10,4,26.3084146898007,18.52046432407,1.98323143197591,0.3638843,150,25-11-18-4-8-19-10-13-17-12-21-23-20-16-14-2-24-15-6-22,F003_S000000|F005_S005000|M001_S006200|M001_S001200|F301_S000000|F301_S005000|F300_S005000|M002_S000000|M008_S005000|F132_S000000|M002_S011200|F002_S000000|M005_S006200|M005_S011200|M009_S005000|M009_S000000|M007_S007800|F195_S001400|F021_S005000|F177_S000000,+--+++++--+-++---++-,1,0,NaN
20,2,R20_I02,3,JOINT_GA,Joint-encoding GA,12,22264012,738.182473474766,14687.1614085881,528.818030965443,2761.8144728856,99.798599940516,5026.62821254902,10,4,26.3084146898007,18.52046432407,1.98323143197591,0.3774465,150,25-11-18-4-8-19-10-13-17-12-21-23-20-16-14-2-24-15-6-22,F003_S000000|F005_S005000|M001_S006200|M001_S001200|F301_S000000|F301_S005000|F300_S005000|M002_S000000|M008_S005000|F132_S000000|M002_S011200|F002_S000000|M005_S006200|M005_S011200|M009_S005000|M009_S000000|M007_S007800|F195_S001400|F021_S005000|F177_S000000,+--+++++--+-++---++-,1,0,NaN
20,2,R20_I02,3,JOINT_GA,Joint-encoding GA,13,22264013,737.518849183337,14637.4508698364,522.608811077122,2756.21808289099,99.2156699379394,4976.91767379731,10,4,25,18.5937142332346,1.89154874899625,0.3743756,150,25-11-18-4-8-19-10-13-17-12-23-21-20-16-14-2-24-15-6-22,F003_S000000|F005_S005000|M001_S006200|M001_S001200|F301_S000000|F301_S005000|F300_S005000|M002_S000000|M008_S005000|F132_S000000|F002_S000000|M002_S011200|M005_S006200|M005_S011200|M009_S005000|M009_S000000|M007_S007800|F195_S001400|F021_S005000|F177_S000000,+--+++++--+-++---++-,1,0,NaN
20,2,R20_I02,3,JOINT_GA,Joint-encoding GA,14,22264014,737.034161947124,14637.8716455589,523.086141137159,2754.3212349965,98.4586866201672,4977.33844951977,8,5,25.873154528537,18.6472133237356,1.82458702562972,0.3627048,150,25-11-18-4-8-19-10-13-17-23-21-12-20-16-14-2-24-15-6-22,F003_S000000|F005_S005000|M001_S006200|M001_S001200|F301_S000000|F301_S005000|F300_S005000|M002_S000000|M008_S005000|F002_S000000|M002_S011200|F132_S000000|M005_S006200|M005_S011200|M009_S005000|M009_S000000|M007_S007800|F195_S001400|F021_S005000|F177_S000000,+--++-++++--++---++-,1,0,NaN
20,2,R20_I02,3,JOINT_GA,Joint-encoding GA,15,22264015,738.182473474766,14687.1614085881,528.818030965443,2761.8144728856,99.798599940516,5026.62821254902,10,4,26.3084146898007,18.52046432407,1.98323143197591,0.3698674,150,25-11-18-4-8-19-10-13-17-12-21-23-20-16-14-2-24-15-6-22,F003_S000000|F005_S005000|M001_S006200|M001_S001200|F301_S000000|F301_S005000|F300_S005000|M002_S000000|M008_S005000|F132_S000000|M002_S011200|F002_S000000|M005_S006200|M005_S011200|M009_S005000|M009_S000000|M007_S007800|F195_S001400|F021_S005000|F177_S000000,+--+++++--+-++---++-,1,0,NaN
20,2,R20_I02,3,JOINT_GA,Joint-encoding GA,16,22264016,737.518849183337,14637.4508698364,522.608811077122,2756.21808289099,99.2156699379394,4976.91767379731,10,4,25,18.5937142332346,1.89154874899625,0.3657586,150,25-11-18-4-8-19-10-13-17-12-23-21-20-16-14-2-24-15-6-22,F003_S000000|F005_S005000|M001_S006200|M001_S001200|F301_S000000|F301_S005000|F300_S005000|M002_S000000|M008_S005000|F132_S000000|F002_S000000|M002_S011200|M005_S006200|M005_S011200|M009_S005000|M009_S000000|M007_S007800|F195_S001400|F021_S005000|F177_S000000,+--+++++--+-++---++-,1,0,NaN
20,2,R20_I02,3,JOINT_GA,Joint-encoding GA,17,22264017,738.182473474766,14687.1614085881,528.818030965443,2761.8144728856,99.798599940516,5026.62821254902,10,4,26.3084146898007,18.52046432407,1.98323143197591,0.3629727,150,25-11-18-4-8-19-10-13-17-12-21-23-20-16-14-2-24-15-6-22,F003_S000000|F005_S005000|M001_S006200|M001_S001200|F301_S000000|F301_S005000|F300_S005000|M002_S000000|M008_S005000|F132_S000000|M002_S011200|F002_S000000|M005_S006200|M005_S011200|M009_S005000|M009_S000000|M007_S007800|F195_S001400|F021_S005000|F177_S000000,+--+++++--+-++---++-,1,0,NaN
20,2,R20_I02,3,JOINT_GA,Joint-encoding GA,18,22264018,738.182473474766,14687.1614085881,528.818030965443,2761.8144728856,99.798599940516,5026.62821254902,10,4,26.3084146898007,18.52046432407,1.98323143197591,0.3738372,150,25-11-18-4-8-19-10-13-17-12-21-23-20-16-14-2-24-15-6-22,F003_S000000|F005_S005000|M001_S006200|M001_S001200|F301_S000000|F301_S005000|F300_S005000|M002_S000000|M008_S005000|F132_S000000|M002_S011200|F002_S000000|M005_S006200|M005_S011200|M009_S005000|M009_S000000|M007_S007800|F195_S001400|F021_S005000|F177_S000000,+--+++++--+-++---++-,1,0,NaN
20,2,R20_I02,3,JOINT_GA,Joint-encoding GA,19,22264019,738.182473474766,14687.1614085881,528.818030965443,2761.8144728856,99.798599940516,5026.62821254902,10,4,26.3084146898007,18.52046432407,1.98323143197591,0.3603933,150,25-11-18-4-8-19-10-13-17-12-21-23-20-16-14-2-24-15-6-22,F003_S000000|F005_S005000|M001_S006200|M001_S001200|F301_S000000|F301_S005000|F300_S005000|M002_S000000|M008_S005000|F132_S000000|M002_S011200|F002_S000000|M005_S006200|M005_S011200|M009_S005000|M009_S000000|M007_S007800|F195_S001400|F021_S005000|F177_S000000,+--+++++--+-++---++-,1,0,NaN
20,2,R20_I02,3,JOINT_GA,Joint-encoding GA,20,22264020,738.182473474766,14687.1614085881,528.818030965443,2761.8144728856,99.798599940516,5026.62821254902,10,4,26.3084146898007,18.52046432407,1.98323143197591,0.3610466,150,25-11-18-4-8-19-10-13-17-12-21-23-20-16-14-2-24-15-6-22,F003_S000000|F005_S005000|M001_S006200|M001_S001200|F301_S000000|F301_S005000|F300_S005000|M002_S000000|M008_S005000|F132_S000000|M002_S011200|F002_S000000|M005_S006200|M005_S011200|M009_S005000|M009_S000000|M007_S007800|F195_S001400|F021_S005000|F177_S000000,+--+++++--+-++---++-,1,0,NaN
20,2,R20_I02,4,GA_DP,Proposed GA-DP,1,22264501,723.827302890616,13758.415308606,544.753861672603,2696.14346237877,85.2703307206496,4097.88211256684,7,3,26.3084146898007,20.1049677168958,0,0.2078415,150,13-10-19-8-4-18-11-25-17-22-6-15-24-2-14-16-20-12-21-23,M002_S000000|F300_S005000|F301_S005000|F301_S000000|M001_S001200|M001_S006200|F005_S005000|F003_S000000|M008_S005000|F177_S000000|F021_S005000|F195_S001400|M007_S007800|M009_S000000|M009_S005000|M005_S011200|M005_S006200|F132_S000000|M002_S011200|F002_S000000,-----++--+--+++---+-,1,0,NaN
20,2,R20_I02,4,GA_DP,Proposed GA-DP,2,22264502,723.827302890616,13758.415308606,544.753861672603,2696.14346237877,85.2703307206496,4097.88211256684,7,3,26.3084146898007,20.1049677168958,0,0.2093191,150,13-10-19-8-4-18-11-25-17-22-6-15-24-2-14-16-20-12-21-23,M002_S000000|F300_S005000|F301_S005000|F301_S000000|M001_S001200|M001_S006200|F005_S005000|F003_S000000|M008_S005000|F177_S000000|F021_S005000|F195_S001400|M007_S007800|M009_S000000|M009_S005000|M005_S011200|M005_S006200|F132_S000000|M002_S011200|F002_S000000,-----++--+--+++---+-,1,0,NaN
20,2,R20_I02,4,GA_DP,Proposed GA-DP,3,22264503,723.827302890616,13758.415308606,544.753861672603,2696.14346237877,85.2703307206496,4097.88211256684,7,3,26.3084146898007,20.1049677168958,0,0.2140957,150,13-10-19-8-4-18-11-25-17-22-6-15-24-2-14-16-20-12-21-23,M002_S000000|F300_S005000|F301_S005000|F301_S000000|M001_S001200|M001_S006200|F005_S005000|F003_S000000|M008_S005000|F177_S000000|F021_S005000|F195_S001400|M007_S007800|M009_S000000|M009_S005000|M005_S011200|M005_S006200|F132_S000000|M002_S011200|F002_S000000,-----++--+--+++---+-,1,0,NaN
20,2,R20_I02,4,GA_DP,Proposed GA-DP,4,22264504,723.827302890616,13758.415308606,544.753861672603,2696.14346237877,85.2703307206496,4097.88211256684,7,3,26.3084146898007,20.1049677168958,0,0.21358,150,13-10-19-8-4-18-11-25-17-22-6-15-24-2-14-16-20-12-21-23,M002_S000000|F300_S005000|F301_S005000|F301_S000000|M001_S001200|M001_S006200|F005_S005000|F003_S000000|M008_S005000|F177_S000000|F021_S005000|F195_S001400|M007_S007800|M009_S000000|M009_S005000|M005_S011200|M005_S006200|F132_S000000|M002_S011200|F002_S000000,-----++--+--+++---+-,1,0,NaN
20,2,R20_I02,4,GA_DP,Proposed GA-DP,5,22264505,731.564541365393,14249.6489969334,518.38112839575,2734.37667769202,93.178343045467,4589.11580089425,10,5,25.873154528537,19.250942295009,1.06893432230006,0.2151771,150,25-11-18-4-8-19-10-13-17-23-21-20-16-14-2-24-15-6-22-12,F003_S000000|F005_S005000|M001_S006200|M001_S001200|F301_S000000|F301_S005000|F300_S005000|M002_S000000|M008_S005000|F002_S000000|M002_S011200|M005_S006200|M005_S011200|M009_S005000|M009_S000000|M007_S007800|F195_S001400|F021_S005000|F177_S000000|F132_S000000,+--+++++++-++---++--,1,0,NaN
20,2,R20_I02,4,GA_DP,Proposed GA-DP,6,22264506,723.827302890616,13758.415308606,544.753861672603,2696.14346237877,85.2703307206496,4097.88211256684,7,3,26.3084146898007,20.1049677168958,0,0.2121796,150,13-10-19-8-4-18-11-25-17-22-6-15-24-2-14-16-20-12-21-23,M002_S000000|F300_S005000|F301_S005000|F301_S000000|M001_S001200|M001_S006200|F005_S005000|F003_S000000|M008_S005000|F177_S000000|F021_S005000|F195_S001400|M007_S007800|M009_S000000|M009_S005000|M005_S011200|M005_S006200|F132_S000000|M002_S011200|F002_S000000,-----++--+--+++---+-,1,0,NaN
20,2,R20_I02,4,GA_DP,Proposed GA-DP,7,22264507,723.827302890616,13758.415308606,544.753861672603,2696.14346237877,85.2703307206496,4097.88211256684,7,3,26.3084146898007,20.1049677168958,0,0.210044,150,13-10-19-8-4-18-11-25-17-22-6-15-24-2-14-16-20-12-21-23,M002_S000000|F300_S005000|F301_S005000|F301_S000000|M001_S001200|M001_S006200|F005_S005000|F003_S000000|M008_S005000|F177_S000000|F021_S005000|F195_S001400|M007_S007800|M009_S000000|M009_S005000|M005_S011200|M005_S006200|F132_S000000|M002_S011200|F002_S000000,-----++--+--+++---+-,1,0,NaN
20,2,R20_I02,4,GA_DP,Proposed GA-DP,8,22264508,723.827302890616,13758.415308606,544.753861672603,2696.14346237877,85.2703307206496,4097.88211256684,7,3,26.3084146898007,20.1049677168958,0,0.2071427,150,13-10-19-8-4-18-11-25-17-22-6-15-24-2-14-16-20-12-21-23,M002_S000000|F300_S005000|F301_S005000|F301_S000000|M001_S001200|M001_S006200|F005_S005000|F003_S000000|M008_S005000|F177_S000000|F021_S005000|F195_S001400|M007_S007800|M009_S000000|M009_S005000|M005_S011200|M005_S006200|F132_S000000|M002_S011200|F002_S000000,-----++--+--+++---+-,1,0,NaN
20,2,R20_I02,4,GA_DP,Proposed GA-DP,9,22264509,723.827302890616,13758.415308606,544.753861672603,2696.14346237877,85.2703307206496,4097.88211256684,7,3,26.3084146898007,20.1049677168958,0,0.2187881,150,13-10-19-8-4-18-11-25-17-22-6-15-24-2-14-16-20-12-21-23,M002_S000000|F300_S005000|F301_S005000|F301_S000000|M001_S001200|M001_S006200|F005_S005000|F003_S000000|M008_S005000|F177_S000000|F021_S005000|F195_S001400|M007_S007800|M009_S000000|M009_S005000|M005_S011200|M005_S006200|F132_S000000|M002_S011200|F002_S000000,-----++--+--+++---+-,1,0,NaN
20,2,R20_I02,4,GA_DP,Proposed GA-DP,10,22264510,723.827302890616,13758.415308606,544.753861672603,2696.14346237877,85.2703307206496,4097.88211256684,7,3,26.3084146898007,20.1049677168958,0,0.2070055,150,13-10-19-8-4-18-11-25-17-22-6-15-24-2-14-16-20-12-21-23,M002_S000000|F300_S005000|F301_S005000|F301_S000000|M001_S001200|M001_S006200|F005_S005000|F003_S000000|M008_S005000|F177_S000000|F021_S005000|F195_S001400|M007_S007800|M009_S000000|M009_S005000|M005_S011200|M005_S006200|F132_S000000|M002_S011200|F002_S000000,-----++--+--+++---+-,1,0,NaN
20,2,R20_I02,4,GA_DP,Proposed GA-DP,11,22264511,723.827302890616,13758.415308606,544.753861672603,2696.14346237877,85.2703307206496,4097.88211256684,7,3,26.3084146898007,20.1049677168958,0,0.2066595,150,13-10-19-8-4-18-11-25-17-22-6-15-24-2-14-16-20-12-21-23,M002_S000000|F300_S005000|F301_S005000|F301_S000000|M001_S001200|M001_S006200|F005_S005000|F003_S000000|M008_S005000|F177_S000000|F021_S005000|F195_S001400|M007_S007800|M009_S000000|M009_S005000|M005_S011200|M005_S006200|F132_S000000|M002_S011200|F002_S000000,-----++--+--+++---+-,1,0,NaN
20,2,R20_I02,4,GA_DP,Proposed GA-DP,12,22264512,723.827302890616,13758.415308606,544.753861672603,2696.14346237877,85.2703307206496,4097.88211256684,7,3,26.3084146898007,20.1049677168958,0,0.2115656,150,13-10-19-8-4-18-11-25-17-22-6-15-24-2-14-16-20-12-21-23,M002_S000000|F300_S005000|F301_S005000|F301_S000000|M001_S001200|M001_S006200|F005_S005000|F003_S000000|M008_S005000|F177_S000000|F021_S005000|F195_S001400|M007_S007800|M009_S000000|M009_S005000|M005_S011200|M005_S006200|F132_S000000|M002_S011200|F002_S000000,-----++--+--+++---+-,1,0,NaN
20,2,R20_I02,4,GA_DP,Proposed GA-DP,13,22264513,723.827302890616,13758.415308606,544.753861672603,2696.14346237877,85.2703307206496,4097.88211256684,7,3,26.3084146898007,20.1049677168958,0,0.2100571,150,13-10-19-8-4-18-11-25-17-22-6-15-24-2-14-16-20-12-21-23,M002_S000000|F300_S005000|F301_S005000|F301_S000000|M001_S001200|M001_S006200|F005_S005000|F003_S000000|M008_S005000|F177_S000000|F021_S005000|F195_S001400|M007_S007800|M009_S000000|M009_S005000|M005_S011200|M005_S006200|F132_S000000|M002_S011200|F002_S000000,-----++--+--+++---+-,1,0,NaN
20,2,R20_I02,4,GA_DP,Proposed GA-DP,14,22264514,723.827302890616,13758.415308606,544.753861672603,2696.14346237877,85.2703307206496,4097.88211256684,7,3,26.3084146898007,20.1049677168958,0,0.2031037,150,13-10-19-8-4-18-11-25-17-22-6-15-24-2-14-16-20-12-21-23,M002_S000000|F300_S005000|F301_S005000|F301_S000000|M001_S001200|M001_S006200|F005_S005000|F003_S000000|M008_S005000|F177_S000000|F021_S005000|F195_S001400|M007_S007800|M009_S000000|M009_S005000|M005_S011200|M005_S006200|F132_S000000|M002_S011200|F002_S000000,-----++--+--+++---+-,1,0,NaN
20,2,R20_I02,4,GA_DP,Proposed GA-DP,15,22264515,731.564541365393,14249.6489969334,518.38112839575,2734.37667769202,93.178343045467,4589.11580089425,10,5,25.873154528537,19.250942295009,1.06893432230006,0.2093066,150,25-11-18-4-8-19-10-13-17-23-21-20-16-14-2-24-15-6-22-12,F003_S000000|F005_S005000|M001_S006200|M001_S001200|F301_S000000|F301_S005000|F300_S005000|M002_S000000|M008_S005000|F002_S000000|M002_S011200|M005_S006200|M005_S011200|M009_S005000|M009_S000000|M007_S007800|F195_S001400|F021_S005000|F177_S000000|F132_S000000,+--+++++++-++---++--,1,0,NaN
20,2,R20_I02,4,GA_DP,Proposed GA-DP,16,22264516,723.827302890616,13758.415308606,544.753861672603,2696.14346237877,85.2703307206496,4097.88211256684,7,3,26.3084146898007,20.1049677168958,0,0.207975,150,13-10-19-8-4-18-11-25-17-22-6-15-24-2-14-16-20-12-21-23,M002_S000000|F300_S005000|F301_S005000|F301_S000000|M001_S001200|M001_S006200|F005_S005000|F003_S000000|M008_S005000|F177_S000000|F021_S005000|F195_S001400|M007_S007800|M009_S000000|M009_S005000|M005_S011200|M005_S006200|F132_S000000|M002_S011200|F002_S000000,-----++--+--+++---+-,1,0,NaN
20,2,R20_I02,4,GA_DP,Proposed GA-DP,17,22264517,723.827302890616,13758.415308606,544.753861672603,2696.14346237877,85.2703307206496,4097.88211256684,7,3,26.3084146898007,20.1049677168958,0,0.2109011,150,13-10-19-8-4-18-11-25-17-22-6-15-24-2-14-16-20-12-21-23,M002_S000000|F300_S005000|F301_S005000|F301_S000000|M001_S001200|M001_S006200|F005_S005000|F003_S000000|M008_S005000|F177_S000000|F021_S005000|F195_S001400|M007_S007800|M009_S000000|M009_S005000|M005_S011200|M005_S006200|F132_S000000|M002_S011200|F002_S000000,-----++--+--+++---+-,1,0,NaN
20,2,R20_I02,4,GA_DP,Proposed GA-DP,18,22264518,723.827302890616,13758.415308606,544.753861672603,2696.14346237877,85.2703307206496,4097.88211256684,7,3,26.3084146898007,20.1049677168958,0,0.2064916,150,13-10-19-8-4-18-11-25-17-22-6-15-24-2-14-16-20-12-21-23,M002_S000000|F300_S005000|F301_S005000|F301_S000000|M001_S001200|M001_S006200|F005_S005000|F003_S000000|M008_S005000|F177_S000000|F021_S005000|F195_S001400|M007_S007800|M009_S000000|M009_S005000|M005_S011200|M005_S006200|F132_S000000|M002_S011200|F002_S000000,-----++--+--+++---+-,1,0,NaN
20,2,R20_I02,4,GA_DP,Proposed GA-DP,19,22264519,731.564541365393,14249.6489969334,518.38112839575,2734.37667769202,93.178343045467,4589.11580089425,10,5,25.873154528537,19.250942295009,1.06893432230006,0.2065595,150,25-11-18-4-8-19-10-13-17-23-21-20-16-14-2-24-15-6-22-12,F003_S000000|F005_S005000|M001_S006200|M001_S001200|F301_S000000|F301_S005000|F300_S005000|M002_S000000|M008_S005000|F002_S000000|M002_S011200|M005_S006200|M005_S011200|M009_S005000|M009_S000000|M007_S007800|F195_S001400|F021_S005000|F177_S000000|F132_S000000,+--+++++++-++---++--,1,0,NaN
20,2,R20_I02,4,GA_DP,Proposed GA-DP,20,22264520,723.827302890616,13758.415308606,544.753861672603,2696.14346237877,85.2703307206496,4097.88211256684,7,3,26.3084146898007,20.1049677168958,0,0.2033184,150,13-10-19-8-4-18-11-25-17-22-6-15-24-2-14-16-20-12-21-23,M002_S000000|F300_S005000|F301_S005000|F301_S000000|M001_S001200|M001_S006200|F005_S005000|F003_S000000|M008_S005000|F177_S000000|F021_S005000|F195_S001400|M007_S007800|M009_S000000|M009_S005000|M005_S011200|M005_S006200|F132_S000000|M002_S011200|F002_S000000,-----++--+--+++---+-,1,0,NaN
20,2,R20_I02,5,EXACT,Exact optimum,1,NaN,723.827302890616,13758.415308606,544.753861672603,2696.14346237877,85.2703307206496,4097.88211256684,7,3,26.3084146898007,20.1049677168958,0,0.2211488,0,13-10-19-8-4-18-11-25-17-22-6-15-24-2-14-16-20-12-21-23,M002_S000000|F300_S005000|F301_S005000|F301_S000000|M001_S001200|M001_S006200|F005_S005000|F003_S000000|M008_S005000|F177_S000000|F021_S005000|F195_S001400|M007_S007800|M009_S000000|M009_S005000|M005_S011200|M005_S006200|F132_S000000|M002_S011200|F002_S000000,-----++--+--+++---+-,1,1,0
20,3,R20_I03,1,FIXED,Fixed order + fixed direction,1,NaN,907.931213469946,21950.6290167977,1032.95789364661,3312.69035937089,269.01218707601,12284.9048267531,15,13,25,0,25.1713318116463,3.15e-05,0,4-18-21-20-16-17-14-3-23-25-11-9-6-7-12-22-15-10-8-19,M001_S001200|M001_S006200|M002_S011200|M005_S006200|M005_S011200|M008_S005000|M009_S005000|M009_S010000|F002_S000000|F003_S000000|F005_S005000|F010_S000000|F021_S005000|F073_S005000|F132_S000000|F177_S000000|F195_S001400|F300_S005000|F301_S000000|F301_S005000,++++++++++++++++++++,1,0,NaN
20,3,R20_I03,2,NN_DP,Nearest neighbour-DP,1,NaN,749.554002858152,14964.1803013525,558.752526394817,2799.42021505133,110.928053384331,5298.45611130789,9,3,25,17.4437455461527,3.33676319369218,0.0003636,0,25-11-18-4-8-19-10-17-7-22-15-12-21-9-20-6-16-3-14-23,F003_S000000|F005_S005000|M001_S006200|M001_S001200|F301_S000000|F301_S005000|F300_S005000|M008_S005000|F073_S005000|F177_S000000|F195_S001400|F132_S000000|M002_S011200|F010_S000000|M005_S006200|F021_S005000|M005_S011200|M009_S010000|M009_S005000|F002_S000000,+--++++-++--++-++---,1,0,NaN
20,3,R20_I03,3,JOINT_GA,Joint-encoding GA,1,22265001,749.554002858152,14964.1803013525,558.752526394817,2799.42021505133,110.928053384331,5298.45611130789,9,3,25,17.4437455461527,3.33676319369218,0.3623225,150,25-11-18-4-8-19-10-17-7-22-15-12-21-9-20-6-16-3-14-23,F003_S000000|F005_S005000|M001_S006200|M001_S001200|F301_S000000|F301_S005000|F300_S005000|M008_S005000|F073_S005000|F177_S000000|F195_S001400|F132_S000000|M002_S011200|F010_S000000|M005_S006200|F021_S005000|M005_S011200|M009_S010000|M009_S005000|F002_S000000,+--++++-++--++-++---,1,0,NaN
20,3,R20_I03,3,JOINT_GA,Joint-encoding GA,2,22265002,749.554002858152,14964.1803013525,558.752526394817,2799.42021505133,110.928053384331,5298.45611130789,9,3,25,17.4437455461527,3.33676319369218,0.3614665,150,25-11-18-4-8-19-10-17-7-22-15-12-21-9-20-6-16-3-14-23,F003_S000000|F005_S005000|M001_S006200|M001_S001200|F301_S000000|F301_S005000|F300_S005000|M008_S005000|F073_S005000|F177_S000000|F195_S001400|F132_S000000|M002_S011200|F010_S000000|M005_S006200|F021_S005000|M005_S011200|M009_S010000|M009_S005000|F002_S000000,+--++++-++--++-++---,1,0,NaN
20,3,R20_I03,3,JOINT_GA,Joint-encoding GA,3,22265003,749.554002858152,14964.1803013525,558.752526394817,2799.42021505133,110.928053384331,5298.45611130789,9,3,25,17.4437455461527,3.33676319369218,0.3624377,150,25-11-18-4-8-19-10-17-7-22-15-12-21-9-20-6-16-3-14-23,F003_S000000|F005_S005000|M001_S006200|M001_S001200|F301_S000000|F301_S005000|F300_S005000|M008_S005000|F073_S005000|F177_S000000|F195_S001400|F132_S000000|M002_S011200|F010_S000000|M005_S006200|F021_S005000|M005_S011200|M009_S010000|M009_S005000|F002_S000000,+--++++-++--++-++---,1,0,NaN
20,3,R20_I03,3,JOINT_GA,Joint-encoding GA,4,22265004,744.009147417279,14641.8792755069,572.475582325104,2770.00057133859,105.383197943458,4976.15508546228,9,4,25,18.0544587101689,2.57232539274409,0.3643279,150,25-11-18-4-8-19-10-17-7-22-15-12-21-9-16-3-14-6-20-23,F003_S000000|F005_S005000|M001_S006200|M001_S001200|F301_S000000|F301_S005000|F300_S005000|M008_S005000|F073_S005000|F177_S000000|F195_S001400|F132_S000000|M002_S011200|F010_S000000|M005_S011200|M009_S010000|M009_S005000|F021_S005000|M005_S006200|F002_S000000,+--++++-++--+++--+--,1,0,NaN
20,3,R20_I03,3,JOINT_GA,Joint-encoding GA,5,22265005,747.828768862243,14926.1457361013,544.512158175164,2796.33928524457,109.262451482639,5260.42154605664,10,4,25,17.6337636852269,3.0989149583294,0.3640135,150,25-11-18-4-8-19-10-17-7-15-22-12-21-9-20-6-16-3-14-23,F003_S000000|F005_S005000|M001_S006200|M001_S001200|F301_S000000|F301_S005000|F300_S005000|M008_S005000|F073_S005000|F195_S001400|F177_S000000|F132_S000000|M002_S011200|F010_S000000|M005_S006200|F021_S005000|M005_S011200|M009_S010000|M009_S005000|F002_S000000,+--++++-++--++-++---,1,0,NaN
20,3,R20_I03,3,JOINT_GA,Joint-encoding GA,6,22265006,747.828768862243,14926.1457361013,544.512158175164,2796.33928524457,109.262451482639,5260.42154605664,10,4,25,17.6337636852269,3.0989149583294,0.3642247,150,25-11-18-4-8-19-10-17-7-15-22-12-21-9-20-6-16-3-14-23,F003_S000000|F005_S005000|M001_S006200|M001_S001200|F301_S000000|F301_S005000|F300_S005000|M008_S005000|F073_S005000|F195_S001400|F177_S000000|F132_S000000|M002_S011200|F010_S000000|M005_S006200|F021_S005000|M005_S011200|M009_S010000|M009_S005000|F002_S000000,+--++++-++--++-++---,1,0,NaN
20,3,R20_I03,3,JOINT_GA,Joint-encoding GA,7,22265007,749.554002858152,14964.1803013525,558.752526394817,2799.42021505133,110.928053384331,5298.45611130789,9,3,25,17.4437455461527,3.33676319369218,0.3598603,150,25-11-18-4-8-19-10-17-7-22-15-12-21-9-20-6-16-3-14-23,F003_S000000|F005_S005000|M001_S006200|M001_S001200|F301_S000000|F301_S005000|F300_S005000|M008_S005000|F073_S005000|F177_S000000|F195_S001400|F132_S000000|M002_S011200|F010_S000000|M005_S006200|F021_S005000|M005_S011200|M009_S010000|M009_S005000|F002_S000000,+--++++-++--++-++---,1,0,NaN
20,3,R20_I03,3,JOINT_GA,Joint-encoding GA,8,22265008,749.554002858152,14964.1803013525,558.752526394817,2799.42021505133,110.928053384331,5298.45611130789,9,3,25,17.4437455461527,3.33676319369218,0.3623661,150,25-11-18-4-8-19-10-17-7-22-15-12-21-9-20-6-16-3-14-23,F003_S000000|F005_S005000|M001_S006200|M001_S001200|F301_S000000|F301_S005000|F300_S005000|M008_S005000|F073_S005000|F177_S000000|F195_S001400|F132_S000000|M002_S011200|F010_S000000|M005_S006200|F021_S005000|M005_S011200|M009_S010000|M009_S005000|F002_S000000,+--++++-++--++-++---,1,0,NaN
20,3,R20_I03,3,JOINT_GA,Joint-encoding GA,9,22265009,749.554002858152,14964.1803013525,558.752526394817,2799.42021505133,110.928053384331,5298.45611130789,9,3,25,17.4437455461527,3.33676319369218,0.3593949,150,25-11-18-4-8-19-10-17-7-22-15-12-21-9-20-6-16-3-14-23,F003_S000000|F005_S005000|M001_S006200|M001_S001200|F301_S000000|F301_S005000|F300_S005000|M008_S005000|F073_S005000|F177_S000000|F195_S001400|F132_S000000|M002_S011200|F010_S000000|M005_S006200|F021_S005000|M005_S011200|M009_S010000|M009_S005000|F002_S000000,+--++++-++--++-++---,1,0,NaN
20,3,R20_I03,3,JOINT_GA,Joint-encoding GA,10,22265010,749.554002858152,14964.1803013525,558.752526394817,2799.42021505133,110.928053384331,5298.45611130789,9,3,25,17.4437455461527,3.33676319369218,0.3614878,150,25-11-18-4-8-19-10-17-7-22-15-12-21-9-20-6-16-3-14-23,F003_S000000|F005_S005000|M001_S006200|M001_S001200|F301_S000000|F301_S005000|F300_S005000|M008_S005000|F073_S005000|F177_S000000|F195_S001400|F132_S000000|M002_S011200|F010_S000000|M005_S006200|F021_S005000|M005_S011200|M009_S010000|M009_S005000|F002_S000000,+--++++-++--++-++---,1,0,NaN
20,3,R20_I03,3,JOINT_GA,Joint-encoding GA,11,22265011,749.554002858152,14964.1803013525,558.752526394817,2799.42021505133,110.928053384331,5298.45611130789,9,3,25,17.4437455461527,3.33676319369218,0.3694364,150,25-11-18-4-8-19-10-17-7-22-15-12-21-9-20-6-16-3-14-23,F003_S000000|F005_S005000|M001_S006200|M001_S001200|F301_S000000|F301_S005000|F300_S005000|M008_S005000|F073_S005000|F177_S000000|F195_S001400|F132_S000000|M002_S011200|F010_S000000|M005_S006200|F021_S005000|M005_S011200|M009_S010000|M009_S005000|F002_S000000,+--++++-++--++-++---,1,0,NaN
20,3,R20_I03,3,JOINT_GA,Joint-encoding GA,12,22265012,749.554002858152,14964.1803013525,558.752526394817,2799.42021505133,110.928053384331,5298.45611130789,9,3,25,17.4437455461527,3.33676319369218,0.3759676,150,25-11-18-4-8-19-10-17-7-22-15-12-21-9-20-6-16-3-14-23,F003_S000000|F005_S005000|M001_S006200|M001_S001200|F301_S000000|F301_S005000|F300_S005000|M008_S005000|F073_S005000|F177_S000000|F195_S001400|F132_S000000|M002_S011200|F010_S000000|M005_S006200|F021_S005000|M005_S011200|M009_S010000|M009_S005000|F002_S000000,+--++++-++--++-++---,1,0,NaN
20,3,R20_I03,3,JOINT_GA,Joint-encoding GA,13,22265013,749.554002858152,14964.1803013525,558.752526394817,2799.42021505133,110.928053384331,5298.45611130789,9,3,25,17.4437455461527,3.33676319369218,0.3687332,150,25-11-18-4-8-19-10-17-7-22-15-12-21-9-20-6-16-3-14-23,F003_S000000|F005_S005000|M001_S006200|M001_S001200|F301_S000000|F301_S005000|F300_S005000|M008_S005000|F073_S005000|F177_S000000|F195_S001400|F132_S000000|M002_S011200|F010_S000000|M005_S006200|F021_S005000|M005_S011200|M009_S010000|M009_S005000|F002_S000000,+--++++-++--++-++---,1,0,NaN
20,3,R20_I03,3,JOINT_GA,Joint-encoding GA,14,22265014,749.554002858152,14964.1803013525,558.752526394817,2799.42021505133,110.928053384331,5298.45611130789,9,3,25,17.4437455461527,3.33676319369218,0.3658805,150,25-11-18-4-8-19-10-17-7-22-15-12-21-9-20-6-16-3-14-23,F003_S000000|F005_S005000|M001_S006200|M001_S001200|F301_S000000|F301_S005000|F300_S005000|M008_S005000|F073_S005000|F177_S000000|F195_S001400|F132_S000000|M002_S011200|F010_S000000|M005_S006200|F021_S005000|M005_S011200|M009_S010000|M009_S005000|F002_S000000,+--++++-++--++-++---,1,0,NaN
20,3,R20_I03,3,JOINT_GA,Joint-encoding GA,15,22265015,749.554002858152,14964.1803013525,558.752526394817,2799.42021505133,110.928053384331,5298.45611130789,9,3,25,17.4437455461527,3.33676319369218,0.3723541,150,25-11-18-4-8-19-10-17-7-22-15-12-21-9-20-6-16-3-14-23,F003_S000000|F005_S005000|M001_S006200|M001_S001200|F301_S000000|F301_S005000|F300_S005000|M008_S005000|F073_S005000|F177_S000000|F195_S001400|F132_S000000|M002_S011200|F010_S000000|M005_S006200|F021_S005000|M005_S011200|M009_S010000|M009_S005000|F002_S000000,+--++++-++--++-++---,1,0,NaN
20,3,R20_I03,3,JOINT_GA,Joint-encoding GA,16,22265016,749.554002858152,14964.1803013525,558.752526394817,2799.42021505133,110.928053384331,5298.45611130789,9,3,25,17.4437455461527,3.33676319369218,0.3703731,150,25-11-18-4-8-19-10-17-7-22-15-12-21-9-20-6-16-3-14-23,F003_S000000|F005_S005000|M001_S006200|M001_S001200|F301_S000000|F301_S005000|F300_S005000|M008_S005000|F073_S005000|F177_S000000|F195_S001400|F132_S000000|M002_S011200|F010_S000000|M005_S006200|F021_S005000|M005_S011200|M009_S010000|M009_S005000|F002_S000000,+--++++-++--++-++---,1,0,NaN
20,3,R20_I03,3,JOINT_GA,Joint-encoding GA,17,22265017,749.554002858152,14964.1803013525,558.752526394817,2799.42021505133,110.928053384331,5298.45611130789,9,3,25,17.4437455461527,3.33676319369218,0.3709116,150,25-11-18-4-8-19-10-17-7-22-15-12-21-9-20-6-16-3-14-23,F003_S000000|F005_S005000|M001_S006200|M001_S001200|F301_S000000|F301_S005000|F300_S005000|M008_S005000|F073_S005000|F177_S000000|F195_S001400|F132_S000000|M002_S011200|F010_S000000|M005_S006200|F021_S005000|M005_S011200|M009_S010000|M009_S005000|F002_S000000,+--++++-++--++-++---,1,0,NaN
20,3,R20_I03,3,JOINT_GA,Joint-encoding GA,18,22265018,749.554002858152,14964.1803013525,558.752526394817,2799.42021505133,110.928053384331,5298.45611130789,9,3,25,17.4437455461527,3.33676319369218,0.3747925,150,25-11-18-4-8-19-10-17-7-22-15-12-21-9-20-6-16-3-14-23,F003_S000000|F005_S005000|M001_S006200|M001_S001200|F301_S000000|F301_S005000|F300_S005000|M008_S005000|F073_S005000|F177_S000000|F195_S001400|F132_S000000|M002_S011200|F010_S000000|M005_S006200|F021_S005000|M005_S011200|M009_S010000|M009_S005000|F002_S000000,+--++++-++--++-++---,1,0,NaN
20,3,R20_I03,3,JOINT_GA,Joint-encoding GA,19,22265019,749.554002858152,14964.1803013525,558.752526394817,2799.42021505133,110.928053384331,5298.45611130789,9,3,25,17.4437455461527,3.33676319369218,0.3792543,150,25-11-18-4-8-19-10-17-7-22-15-12-21-9-20-6-16-3-14-23,F003_S000000|F005_S005000|M001_S006200|M001_S001200|F301_S000000|F301_S005000|F300_S005000|M008_S005000|F073_S005000|F177_S000000|F195_S001400|F132_S000000|M002_S011200|F010_S000000|M005_S006200|F021_S005000|M005_S011200|M009_S010000|M009_S005000|F002_S000000,+--++++-++--++-++---,1,0,NaN
20,3,R20_I03,3,JOINT_GA,Joint-encoding GA,20,22265020,748.553406939361,14916.0631666089,551.072388089899,2801.28093321695,109.887262903806,5250.33897656426,10,4,25,17.5539516833518,3.19881670402189,0.3816531,150,25-11-18-4-8-19-10-17-7-22-15-12-21-9-6-20-16-3-14-23,F003_S000000|F005_S005000|M001_S006200|M001_S001200|F301_S000000|F301_S005000|F300_S005000|M008_S005000|F073_S005000|F177_S000000|F195_S001400|F132_S000000|M002_S011200|F010_S000000|F021_S005000|M005_S006200|M005_S011200|M009_S010000|M009_S005000|F002_S000000,+--++++-++--++-++---,1,0,NaN
20,3,R20_I03,4,GA_DP,Proposed GA-DP,1,22265501,729.703220151236,13873.6417661291,564.114712625113,2712.94670029658,91.0114543488955,4207.9175760845,9,5,26.5309464512964,19.6301207266083,0.600048261916671,0.2086925,150,10-19-8-4-18-11-25-17-7-12-21-16-3-14-6-20-15-22-9-23,F300_S005000|F301_S005000|F301_S000000|M001_S001200|M001_S006200|F005_S005000|F003_S000000|M008_S005000|F073_S005000|F132_S000000|M002_S011200|M005_S011200|M009_S010000|M009_S005000|F021_S005000|M005_S006200|F195_S001400|F177_S000000|F010_S000000|F002_S000000,----++----++--+--+--,1,0,NaN
20,3,R20_I03,4,GA_DP,Proposed GA-DP,2,22265502,732.702068920657,14108.2286178688,550.409961633654,2731.60263471009,93.985028668002,4442.50442782417,9,6,25,19.2998260165101,1.01348254944996,0.2103486,150,10-19-8-4-18-11-25-17-22-15-7-12-20-16-3-14-6-9-21-23,F300_S005000|F301_S005000|F301_S000000|M001_S001200|M001_S006200|F005_S005000|F003_S000000|M008_S005000|F177_S000000|F195_S001400|F073_S005000|F132_S000000|M005_S006200|M005_S011200|M009_S010000|M009_S005000|F021_S005000|F010_S000000|M002_S011200|F002_S000000,----++--+---++--+---,1,0,NaN
20,3,R20_I03,4,GA_DP,Proposed GA-DP,3,22265503,729.097455358463,13964.0110373094,539.759608689231,2717.88921116143,90.365494994387,4298.28684726479,8,3,25,19.6968399652231,0.51653490236797,0.2068136,150,10-19-8-4-18-11-25-17-7-12-21-16-3-14-6-15-22-20-9-23,F300_S005000|F301_S005000|F301_S000000|M001_S001200|M001_S006200|F005_S005000|F003_S000000|M008_S005000|F073_S005000|F132_S000000|M002_S011200|M005_S011200|M009_S010000|M009_S005000|F021_S005000|F195_S001400|F177_S000000|M005_S006200|F010_S000000|F002_S000000,----++----++----++--,1,0,NaN
20,3,R20_I03,4,GA_DP,Proposed GA-DP,4,22265504,729.097455358463,13964.0110373094,539.759608689231,2717.88921116143,90.365494994387,4298.28684726479,8,3,25,19.6968399652231,0.51653490236797,0.2049955,150,10-19-8-4-18-11-25-17-7-12-21-16-3-14-6-15-22-20-9-23,F300_S005000|F301_S005000|F301_S000000|M001_S001200|M001_S006200|F005_S005000|F003_S000000|M008_S005000|F073_S005000|F132_S000000|M002_S011200|M005_S011200|M009_S010000|M009_S005000|F021_S005000|F195_S001400|F177_S000000|M005_S006200|F010_S000000|F002_S000000,----++----++----++--,1,0,NaN
20,3,R20_I03,4,GA_DP,Proposed GA-DP,5,22265505,727.559475486822,14020.6580705347,523.714821748765,2719.96250524119,88.8275151227466,4354.93388049012,9,4,25,19.866233840973,0.304502332084369,0.2037852,150,10-19-8-4-18-11-25-17-22-20-16-3-14-6-15-7-12-21-9-23,F300_S005000|F301_S005000|F301_S000000|M001_S001200|M001_S006200|F005_S005000|F003_S000000|M008_S005000|F177_S000000|M005_S006200|M005_S011200|M009_S010000|M009_S005000|F021_S005000|F195_S001400|F073_S005000|F132_S000000|M002_S011200|F010_S000000|F002_S000000,----++--+++------+--,1,0,NaN
20,3,R20_I03,4,GA_DP,Proposed GA-DP,6,22265506,730.024146795166,13965.7337729548,552.517970868869,2723.63721727037,91.2451722123164,4300.00958291014,9,5,25,19.594773704811,0.644292599856155,0.2043996,150,10-19-8-4-18-11-25-17-23-12-7-22-20-16-3-14-15-6-9-21,F300_S005000|F301_S005000|F301_S000000|M001_S001200|M001_S006200|F005_S005000|F003_S000000|M008_S005000|F002_S000000|F132_S000000|F073_S005000|F177_S000000|M005_S006200|M005_S011200|M009_S010000|M009_S005000|F195_S001400|F021_S005000|F010_S000000|M002_S011200,----++-+++++++--++--,1,0,NaN
20,3,R20_I03,4,GA_DP,Proposed GA-DP,7,22265507,729.554295016787,14147.903175747,521.809602569117,2727.71804842284,90.8223346527113,4482.17898570241,8,3,25,19.6465234157371,0.579516797481238,0.2091355,150,10-19-8-4-18-11-25-17-7-12-21-20-16-3-14-6-15-22-9-23,F300_S005000|F301_S005000|F301_S000000|M001_S001200|M001_S006200|F005_S005000|F003_S000000|M008_S005000|F073_S005000|F132_S000000|M002_S011200|M005_S006200|M005_S011200|M009_S010000|M009_S005000|F021_S005000|F195_S001400|F177_S000000|F010_S000000|F002_S000000,----++----+++----+--,1,0,NaN
20,3,R20_I03,4,GA_DP,Proposed GA-DP,8,22265508,732.3886058069,14058.0027568759,566.279500240718,2729.39734934574,93.5391074554147,4392.27856683124,9,4,25,19.3343510013445,0.970267166124961,0.2060017,150,10-19-8-4-18-11-25-17-7-22-20-16-3-14-15-6-9-21-12-23,F300_S005000|F301_S005000|F301_S000000|M001_S001200|M001_S006200|F005_S005000|F003_S000000|M008_S005000|F073_S005000|F177_S000000|M005_S006200|M005_S011200|M009_S010000|M009_S005000|F195_S001400|F021_S005000|F010_S000000|M002_S011200|F132_S000000|F002_S000000,----++--++++--++----,1,0,NaN
20,3,R20_I03,4,GA_DP,Proposed GA-DP,9,22265509,733.266909677931,14103.8938501046,572.063971250204,2723.46478172195,94.575143875591,4438.16966006001,8,4,25,19.2376141717256,1.09135394411133,0.2063229,150,10-19-8-4-18-11-25-17-22-15-7-12-21-16-3-14-6-20-9-23,F300_S005000|F301_S005000|F301_S000000|M001_S001200|M001_S006200|F005_S005000|F003_S000000|M008_S005000|F177_S000000|F195_S001400|F073_S005000|F132_S000000|M002_S011200|M005_S011200|M009_S010000|M009_S005000|F021_S005000|M005_S006200|F010_S000000|F002_S000000,----++--+---++--+---,1,0,NaN
20,3,R20_I03,4,GA_DP,Proposed GA-DP,10,22265510,733.266909677931,14103.8938501046,572.063971250204,2723.46478172195,94.575143875591,4438.16966006001,8,4,25,19.2376141717256,1.09135394411133,0.2100821,150,10-19-8-4-18-11-25-17-22-15-7-12-21-16-3-14-6-20-9-23,F300_S005000|F301_S005000|F301_S000000|M001_S001200|M001_S006200|F005_S005000|F003_S000000|M008_S005000|F177_S000000|F195_S001400|F073_S005000|F132_S000000|M002_S011200|M005_S011200|M009_S010000|M009_S005000|F021_S005000|M005_S006200|F010_S000000|F002_S000000,----++--+---++--+---,1,0,NaN
20,3,R20_I03,4,GA_DP,Proposed GA-DP,11,22265511,730.990467981943,13938.480588745,546.985246083614,2722.11201576586,92.3330598235043,4272.75639870039,9,6,25,19.4883426038156,0.777513826433887,0.2063717,150,10-19-8-4-18-11-25-17-7-12-22-15-20-16-3-14-6-9-21-23,F300_S005000|F301_S005000|F301_S000000|M001_S001200|M001_S006200|F005_S005000|F003_S000000|M008_S005000|F073_S005000|F132_S000000|F177_S000000|F195_S001400|M005_S006200|M005_S011200|M009_S010000|M009_S005000|F021_S005000|F010_S000000|M002_S011200|F002_S000000,----++-----+++--+---,1,0,NaN
20,3,R20_I03,4,GA_DP,Proposed GA-DP,12,22265512,729.097455358463,13964.0110373094,539.759608689231,2717.88921116143,90.365494994387,4298.28684726479,8,3,25,19.6968399652231,0.51653490236797,0.213481,150,10-19-8-4-18-11-25-17-7-12-21-16-3-14-6-15-22-20-9-23,F300_S005000|F301_S005000|F301_S000000|M001_S001200|M001_S006200|F005_S005000|F003_S000000|M008_S005000|F073_S005000|F132_S000000|M002_S011200|M005_S011200|M009_S010000|M009_S005000|F021_S005000|F195_S001400|F177_S000000|M005_S006200|F010_S000000|F002_S000000,----++----++----++--,1,0,NaN
20,3,R20_I03,4,GA_DP,Proposed GA-DP,13,22265513,733.266909677931,14103.8938501046,572.063971250204,2723.46478172195,94.575143875591,4438.16966006001,8,4,25,19.2376141717256,1.09135394411133,0.2093463,150,10-19-8-4-18-11-25-17-22-15-7-12-21-16-3-14-6-20-9-23,F300_S005000|F301_S005000|F301_S000000|M001_S001200|M001_S006200|F005_S005000|F003_S000000|M008_S005000|F177_S000000|F195_S001400|F073_S005000|F132_S000000|M002_S011200|M005_S011200|M009_S010000|M009_S005000|F021_S005000|M005_S006200|F010_S000000|F002_S000000,----++--+---++--+---,1,0,NaN
20,3,R20_I03,4,GA_DP,Proposed GA-DP,14,22265514,733.266909677931,14103.8938501046,572.063971250204,2723.46478172195,94.575143875591,4438.16966006001,8,4,25,19.2376141717256,1.09135394411133,0.2103915,150,10-19-8-4-18-11-25-17-22-15-7-12-21-16-3-14-6-20-9-23,F300_S005000|F301_S005000|F301_S000000|M001_S001200|M001_S006200|F005_S005000|F003_S000000|M008_S005000|F177_S000000|F195_S001400|F073_S005000|F132_S000000|M002_S011200|M005_S011200|M009_S010000|M009_S005000|F021_S005000|M005_S006200|F010_S000000|F002_S000000,----++--+---++--+---,1,0,NaN
20,3,R20_I03,4,GA_DP,Proposed GA-DP,15,22265515,732.3886058069,14058.0027568759,566.279500240718,2729.39734934574,93.5391074554147,4392.27856683124,9,4,25,19.3343510013445,0.970267166124961,0.213425,150,10-19-8-4-18-11-25-17-7-22-20-16-3-14-15-6-9-21-12-23,F300_S005000|F301_S005000|F301_S000000|M001_S001200|M001_S006200|F005_S005000|F003_S000000|M008_S005000|F073_S005000|F177_S000000|M005_S006200|M005_S011200|M009_S010000|M009_S005000|F195_S001400|F021_S005000|F010_S000000|M002_S011200|F132_S000000|F002_S000000,----++--++++--++----,1,0,NaN
20,3,R20_I03,4,GA_DP,Proposed GA-DP,16,22265516,729.097455358463,13964.0110373094,539.759608689231,2717.88921116143,90.365494994387,4298.28684726479,8,3,25,19.6968399652231,0.51653490236797,0.2098725,150,10-19-8-4-18-11-25-17-7-12-21-16-3-14-6-15-22-20-9-23,F300_S005000|F301_S005000|F301_S000000|M001_S001200|M001_S006200|F005_S005000|F003_S000000|M008_S005000|F073_S005000|F132_S000000|M002_S011200|M005_S011200|M009_S010000|M009_S005000|F021_S005000|F195_S001400|F177_S000000|M005_S006200|F010_S000000|F002_S000000,----++----++----++--,1,0,NaN
20,3,R20_I03,4,GA_DP,Proposed GA-DP,17,22265517,729.703220151236,13873.6417661291,564.114712625113,2712.94670029658,91.0114543488955,4207.9175760845,9,5,26.5309464512964,19.6301207266083,0.600048261916671,0.2105136,150,10-19-8-4-18-11-25-17-7-12-21-16-3-14-6-20-15-22-9-23,F300_S005000|F301_S005000|F301_S000000|M001_S001200|M001_S006200|F005_S005000|F003_S000000|M008_S005000|F073_S005000|F132_S000000|M002_S011200|M005_S011200|M009_S010000|M009_S005000|F021_S005000|M005_S006200|F195_S001400|F177_S000000|F010_S000000|F002_S000000,----++----++--+--+--,1,0,NaN
20,3,R20_I03,4,GA_DP,Proposed GA-DP,18,22265518,732.3886058069,14058.0027568759,566.279500240718,2729.39734934574,93.5391074554147,4392.27856683124,9,4,25,19.3343510013445,0.970267166124961,0.2099222,150,10-19-8-4-18-11-25-17-7-22-20-16-3-14-15-6-9-21-12-23,F300_S005000|F301_S005000|F301_S000000|M001_S001200|M001_S006200|F005_S005000|F003_S000000|M008_S005000|F073_S005000|F177_S000000|M005_S006200|M005_S011200|M009_S010000|M009_S005000|F195_S001400|F021_S005000|F010_S000000|M002_S011200|F132_S000000|F002_S000000,----++--++++--++----,1,0,NaN
20,3,R20_I03,4,GA_DP,Proposed GA-DP,19,22265519,729.014604890012,13997.7120546554,515.765563123674,2723.11190651984,90.3458294221943,4331.98786461081,8,5,25,19.7059651574427,0.505112777736284,0.2159156,150,10-19-8-4-18-11-25-17-7-12-20-16-3-14-6-15-22-9-21-23,F300_S005000|F301_S005000|F301_S000000|M001_S001200|M001_S006200|F005_S005000|F003_S000000|M008_S005000|F073_S005000|F132_S000000|M005_S006200|M005_S011200|M009_S010000|M009_S005000|F021_S005000|F195_S001400|F177_S000000|F010_S000000|M002_S011200|F002_S000000,----++----++----+---,1,0,NaN
20,3,R20_I03,4,GA_DP,Proposed GA-DP,20,22265520,732.702068920657,14108.2286178688,550.409961633654,2731.60263471009,93.985028668002,4442.50442782417,9,6,25,19.2998260165101,1.01348254944996,0.2070537,150,10-19-8-4-18-11-25-17-22-15-7-12-20-16-3-14-6-9-21-23,F300_S005000|F301_S005000|F301_S000000|M001_S001200|M001_S006200|F005_S005000|F003_S000000|M008_S005000|F177_S000000|F195_S001400|F073_S005000|F132_S000000|M005_S006200|M005_S011200|M009_S010000|M009_S005000|F021_S005000|F010_S000000|M002_S011200|F002_S000000,----++--+---++--+---,1,0,NaN
20,3,R20_I03,5,EXACT,Exact optimum,1,NaN,725.350765490113,13774.2490156045,519.27164980821,2701.99644635122,86.6819900222956,4108.52482555991,7,4,25,20.1095022696757,0,1.6675566,0,10-19-8-4-18-11-23-25-17-7-12-20-16-3-14-6-15-22-9-21,F300_S005000|F301_S005000|F301_S000000|M001_S001200|M001_S006200|F005_S005000|F002_S000000|F003_S000000|M008_S005000|F073_S005000|F132_S000000|M005_S006200|M005_S011200|M009_S010000|M009_S005000|F021_S005000|F195_S001400|F177_S000000|F010_S000000|M002_S011200,----++-----++----+--,1,1,0
20,4,R20_I04,1,FIXED,Fixed order + fixed direction,1,NaN,896.839915345651,21503.0730192787,977.538634213711,3294.15027761971,258.023583114614,11840.4506865845,15,14,25,0,23.71046207337,3.31e-05,0,4-18-13-21-16-24-17-2-14-3-23-25-11-9-6-7-12-22-8-5,M001_S001200|M001_S006200|M002_S000000|M002_S011200|M005_S011200|M007_S007800|M008_S005000|M009_S000000|M009_S005000|M009_S010000|F002_S000000|F003_S000000|F005_S005000|F010_S000000|F021_S005000|F073_S005000|F132_S000000|F177_S000000|F301_S000000|F301_S010000,++++++++++++++++++++,1,0,NaN
20,4,R20_I04,2,NN_DP,Nearest neighbour-DP,1,NaN,740.83041022731,14726.521466617,503.751307769668,2768.68742459671,102.519106938096,5063.89913392284,8,3,25,17.3954685166097,2.19044759164457,0.0003515,0,25-11-18-4-8-5-13-17-7-22-6-16-3-14-2-24-9-21-23-12,F003_S000000|F005_S005000|M001_S006200|M001_S001200|F301_S000000|F301_S010000|M002_S000000|M008_S005000|F073_S005000|F177_S000000|F021_S005000|M005_S011200|M009_S010000|M009_S005000|M009_S000000|M007_S007800|F010_S000000|M002_S011200|F002_S000000|F132_S000000,+--++++-++++------++,1,0,NaN
20,4,R20_I04,3,JOINT_GA,Joint-encoding GA,1,22266001,740.83041022731,14726.521466617,503.751307769668,2768.68742459671,102.519106938096,5063.89913392284,8,3,25,17.3954685166097,2.19044759164457,0.3660196,150,25-11-18-4-8-5-13-17-7-22-6-16-3-14-2-24-9-21-23-12,F003_S000000|F005_S005000|M001_S006200|M001_S001200|F301_S000000|F301_S010000|M002_S000000|M008_S005000|F073_S005000|F177_S000000|F021_S005000|M005_S011200|M009_S010000|M009_S005000|M009_S000000|M007_S007800|F010_S000000|M002_S011200|F002_S000000|F132_S000000,+--++++-++++------++,1,0,NaN
20,4,R20_I04,3,JOINT_GA,Joint-encoding GA,2,22266002,740.40417598531,14716.8828697098,503.751307769668,2769.65184032818,101.939329852932,5054.26053701568,8,3,25,17.4429947511926,2.131652667236,0.3832293,150,25-11-18-4-8-5-13-17-7-22-6-16-3-14-2-24-9-21-12-23,F003_S000000|F005_S005000|M001_S006200|M001_S001200|F301_S000000|F301_S010000|M002_S000000|M008_S005000|F073_S005000|F177_S000000|F021_S005000|M005_S011200|M009_S010000|M009_S005000|M009_S000000|M007_S007800|F010_S000000|M002_S011200|F132_S000000|F002_S000000,+--++++-++++--------,1,0,NaN
20,4,R20_I04,3,JOINT_GA,Joint-encoding GA,3,22266003,740.83041022731,14726.521466617,503.751307769668,2768.68742459671,102.519106938096,5063.89913392284,8,3,25,17.3954685166097,2.19044759164457,0.3827104,150,25-11-18-4-8-5-13-17-7-22-6-16-3-14-2-24-9-21-23-12,F003_S000000|F005_S005000|M001_S006200|M001_S001200|F301_S000000|F301_S010000|M002_S000000|M008_S005000|F073_S005000|F177_S000000|F021_S005000|M005_S011200|M009_S010000|M009_S005000|M009_S000000|M007_S007800|F010_S000000|M002_S011200|F002_S000000|F132_S000000,+--++++-++++------++,1,0,NaN
20,4,R20_I04,3,JOINT_GA,Joint-encoding GA,4,22266004,740.83041022731,14726.521466617,503.751307769668,2768.68742459671,102.519106938096,5063.89913392284,8,3,25,17.3954685166097,2.19044759164457,0.3637852,150,25-11-18-4-8-5-13-17-7-22-6-16-3-14-2-24-9-21-23-12,F003_S000000|F005_S005000|M001_S006200|M001_S001200|F301_S000000|F301_S010000|M002_S000000|M008_S005000|F073_S005000|F177_S000000|F021_S005000|M005_S011200|M009_S010000|M009_S005000|M009_S000000|M007_S007800|F010_S000000|M002_S011200|F002_S000000|F132_S000000,+--++++-++++------++,1,0,NaN
20,4,R20_I04,3,JOINT_GA,Joint-encoding GA,5,22266005,740.83041022731,14726.521466617,503.751307769668,2768.68742459671,102.519106938096,5063.89913392284,8,3,25,17.3954685166097,2.19044759164457,0.3686193,150,25-11-18-4-8-5-13-17-7-22-6-16-3-14-2-24-9-21-23-12,F003_S000000|F005_S005000|M001_S006200|M001_S001200|F301_S000000|F301_S010000|M002_S000000|M008_S005000|F073_S005000|F177_S000000|F021_S005000|M005_S011200|M009_S010000|M009_S005000|M009_S000000|M007_S007800|F010_S000000|M002_S011200|F002_S000000|F132_S000000,+--++++-++++------++,1,0,NaN
20,4,R20_I04,3,JOINT_GA,Joint-encoding GA,6,22266006,740.83041022731,14726.521466617,503.751307769668,2768.68742459671,102.519106938096,5063.89913392284,8,3,25,17.3954685166097,2.19044759164457,0.360686,150,25-11-18-4-8-5-13-17-7-22-6-16-3-14-2-24-9-21-23-12,F003_S000000|F005_S005000|M001_S006200|M001_S001200|F301_S000000|F301_S010000|M002_S000000|M008_S005000|F073_S005000|F177_S000000|F021_S005000|M005_S011200|M009_S010000|M009_S005000|M009_S000000|M007_S007800|F010_S000000|M002_S011200|F002_S000000|F132_S000000,+--++++-++++------++,1,0,NaN
20,4,R20_I04,3,JOINT_GA,Joint-encoding GA,7,22266007,740.83041022731,14726.521466617,503.751307769668,2768.68742459671,102.519106938096,5063.89913392284,8,3,25,17.3954685166097,2.19044759164457,0.3774774,150,25-11-18-4-8-5-13-17-7-22-6-16-3-14-2-24-9-21-23-12,F003_S000000|F005_S005000|M001_S006200|M001_S001200|F301_S000000|F301_S010000|M002_S000000|M008_S005000|F073_S005000|F177_S000000|F021_S005000|M005_S011200|M009_S010000|M009_S005000|M009_S000000|M007_S007800|F010_S000000|M002_S011200|F002_S000000|F132_S000000,+--++++-++++------++,1,0,NaN
20,4,R20_I04,3,JOINT_GA,Joint-encoding GA,8,22266008,740.83041022731,14726.521466617,503.751307769668,2768.68742459671,102.519106938096,5063.89913392284,8,3,25,17.3954685166097,2.19044759164457,0.3726838,150,25-11-18-4-8-5-13-17-7-22-6-16-3-14-2-24-9-21-23-12,F003_S000000|F005_S005000|M001_S006200|M001_S001200|F301_S000000|F301_S010000|M002_S000000|M008_S005000|F073_S005000|F177_S000000|F021_S005000|M005_S011200|M009_S010000|M009_S005000|M009_S000000|M007_S007800|F010_S000000|M002_S011200|F002_S000000|F132_S000000,+--++++-++++------++,1,0,NaN
20,4,R20_I04,3,JOINT_GA,Joint-encoding GA,9,22266009,740.83041022731,14726.521466617,503.751307769668,2768.68742459671,102.519106938096,5063.89913392284,8,3,25,17.3954685166097,2.19044759164457,0.364848,150,25-11-18-4-8-5-13-17-7-22-6-16-3-14-2-24-9-21-23-12,F003_S000000|F005_S005000|M001_S006200|M001_S001200|F301_S000000|F301_S010000|M002_S000000|M008_S005000|F073_S005000|F177_S000000|F021_S005000|M005_S011200|M009_S010000|M009_S005000|M009_S000000|M007_S007800|F010_S000000|M002_S011200|F002_S000000|F132_S000000,+--++++-++++------++,1,0,NaN
20,4,R20_I04,3,JOINT_GA,Joint-encoding GA,10,22266010,740.83041022731,14726.521466617,503.751307769668,2768.68742459671,102.519106938096,5063.89913392284,8,3,25,17.3954685166097,2.19044759164457,0.361109,150,25-11-18-4-8-5-13-17-7-22-6-16-3-14-2-24-9-21-23-12,F003_S000000|F005_S005000|M001_S006200|M001_S001200|F301_S000000|F301_S010000|M002_S000000|M008_S005000|F073_S005000|F177_S000000|F021_S005000|M005_S011200|M009_S010000|M009_S005000|M009_S000000|M007_S007800|F010_S000000|M002_S011200|F002_S000000|F132_S000000,+--++++-++++------++,1,0,NaN
20,4,R20_I04,3,JOINT_GA,Joint-encoding GA,11,22266011,740.83041022731,14726.521466617,503.751307769668,2768.68742459671,102.519106938096,5063.89913392284,8,3,25,17.3954685166097,2.19044759164457,0.3609777,150,25-11-18-4-8-5-13-17-7-22-6-16-3-14-2-24-9-21-23-12,F003_S000000|F005_S005000|M001_S006200|M001_S001200|F301_S000000|F301_S010000|M002_S000000|M008_S005000|F073_S005000|F177_S000000|F021_S005000|M005_S011200|M009_S010000|M009_S005000|M009_S000000|M007_S007800|F010_S000000|M002_S011200|F002_S000000|F132_S000000,+--++++-++++------++,1,0,NaN
20,4,R20_I04,3,JOINT_GA,Joint-encoding GA,12,22266012,740.83041022731,14726.521466617,503.751307769668,2768.68742459671,102.519106938096,5063.89913392284,8,3,25,17.3954685166097,2.19044759164457,0.3623976,150,25-11-18-4-8-5-13-17-7-22-6-16-3-14-2-24-9-21-23-12,F003_S000000|F005_S005000|M001_S006200|M001_S001200|F301_S000000|F301_S010000|M002_S000000|M008_S005000|F073_S005000|F177_S000000|F021_S005000|M005_S011200|M009_S010000|M009_S005000|M009_S000000|M007_S007800|F010_S000000|M002_S011200|F002_S000000|F132_S000000,+--++++-++++------++,1,0,NaN
20,4,R20_I04,3,JOINT_GA,Joint-encoding GA,13,22266013,740.83041022731,14726.521466617,503.751307769668,2768.68742459671,102.519106938096,5063.89913392284,8,3,25,17.3954685166097,2.19044759164457,0.3594461,150,25-11-18-4-8-5-13-17-7-22-6-16-3-14-2-24-9-21-23-12,F003_S000000|F005_S005000|M001_S006200|M001_S001200|F301_S000000|F301_S010000|M002_S000000|M008_S005000|F073_S005000|F177_S000000|F021_S005000|M005_S011200|M009_S010000|M009_S005000|M009_S000000|M007_S007800|F010_S000000|M002_S011200|F002_S000000|F132_S000000,+--++++-++++------++,1,0,NaN
20,4,R20_I04,3,JOINT_GA,Joint-encoding GA,14,22266014,740.83041022731,14726.521466617,503.751307769668,2768.68742459671,102.519106938096,5063.89913392284,8,3,25,17.3954685166097,2.19044759164457,0.3627731,150,25-11-18-4-8-5-13-17-7-22-6-16-3-14-2-24-9-21-23-12,F003_S000000|F005_S005000|M001_S006200|M001_S001200|F301_S000000|F301_S010000|M002_S000000|M008_S005000|F073_S005000|F177_S000000|F021_S005000|M005_S011200|M009_S010000|M009_S005000|M009_S000000|M007_S007800|F010_S000000|M002_S011200|F002_S000000|F132_S000000,+--++++-++++------++,1,0,NaN
20,4,R20_I04,3,JOINT_GA,Joint-encoding GA,15,22266015,740.83041022731,14726.521466617,503.751307769668,2768.68742459671,102.519106938096,5063.89913392284,8,3,25,17.3954685166097,2.19044759164457,0.3625473,150,25-11-18-4-8-5-13-17-7-22-6-16-3-14-2-24-9-21-23-12,F003_S000000|F005_S005000|M001_S006200|M001_S001200|F301_S000000|F301_S010000|M002_S000000|M008_S005000|F073_S005000|F177_S000000|F021_S005000|M005_S011200|M009_S010000|M009_S005000|M009_S000000|M007_S007800|F010_S000000|M002_S011200|F002_S000000|F132_S000000,+--++++-++++------++,1,0,NaN
20,4,R20_I04,3,JOINT_GA,Joint-encoding GA,16,22266016,740.83041022731,14726.521466617,503.751307769668,2768.68742459671,102.519106938096,5063.89913392284,8,3,25,17.3954685166097,2.19044759164457,0.3592104,150,25-11-18-4-8-5-13-17-7-22-6-16-3-14-2-24-9-21-23-12,F003_S000000|F005_S005000|M001_S006200|M001_S001200|F301_S000000|F301_S010000|M002_S000000|M008_S005000|F073_S005000|F177_S000000|F021_S005000|M005_S011200|M009_S010000|M009_S005000|M009_S000000|M007_S007800|F010_S000000|M002_S011200|F002_S000000|F132_S000000,+--++++-++++------++,1,0,NaN
20,4,R20_I04,3,JOINT_GA,Joint-encoding GA,17,22266017,740.83041022731,14726.521466617,503.751307769668,2768.68742459671,102.519106938096,5063.89913392284,8,3,25,17.3954685166097,2.19044759164457,0.3666056,150,25-11-18-4-8-5-13-17-7-22-6-16-3-14-2-24-9-21-23-12,F003_S000000|F005_S005000|M001_S006200|M001_S001200|F301_S000000|F301_S010000|M002_S000000|M008_S005000|F073_S005000|F177_S000000|F021_S005000|M005_S011200|M009_S010000|M009_S005000|M009_S000000|M007_S007800|F010_S000000|M002_S011200|F002_S000000|F132_S000000,+--++++-++++------++,1,0,NaN
20,4,R20_I04,3,JOINT_GA,Joint-encoding GA,18,22266018,740.83041022731,14726.521466617,503.751307769668,2768.68742459671,102.519106938096,5063.89913392284,8,3,25,17.3954685166097,2.19044759164457,0.3776998,150,25-11-18-4-8-5-13-17-7-22-6-16-3-14-2-24-9-21-23-12,F003_S000000|F005_S005000|M001_S006200|M001_S001200|F301_S000000|F301_S010000|M002_S000000|M008_S005000|F073_S005000|F177_S000000|F021_S005000|M005_S011200|M009_S010000|M009_S005000|M009_S000000|M007_S007800|F010_S000000|M002_S011200|F002_S000000|F132_S000000,+--++++-++++------++,1,0,NaN
20,4,R20_I04,3,JOINT_GA,Joint-encoding GA,19,22266019,740.40417598531,14716.8828697098,503.751307769668,2769.65184032818,101.939329852932,5054.26053701568,8,3,25,17.4429947511926,2.131652667236,0.3880901,150,25-11-18-4-8-5-13-17-7-22-6-16-3-14-2-24-9-21-12-23,F003_S000000|F005_S005000|M001_S006200|M001_S001200|F301_S000000|F301_S010000|M002_S000000|M008_S005000|F073_S005000|F177_S000000|F021_S005000|M005_S011200|M009_S010000|M009_S005000|M009_S000000|M007_S007800|F010_S000000|M002_S011200|F132_S000000|F002_S000000,+--++++-++++--------,1,0,NaN
20,4,R20_I04,3,JOINT_GA,Joint-encoding GA,20,22266020,740.83041022731,14726.521466617,503.751307769668,2768.68742459671,102.519106938096,5063.89913392284,8,3,25,17.3954685166097,2.19044759164457,0.3623686,150,25-11-18-4-8-5-13-17-7-22-6-16-3-14-2-24-9-21-23-12,F003_S000000|F005_S005000|M001_S006200|M001_S001200|F301_S000000|F301_S010000|M002_S000000|M008_S005000|F073_S005000|F177_S000000|F021_S005000|M005_S011200|M009_S010000|M009_S005000|M009_S000000|M007_S007800|F010_S000000|M002_S011200|F002_S000000|F132_S000000,+--++++-++++------++,1,0,NaN
20,4,R20_I04,4,GA_DP,Proposed GA-DP,1,22266501,729.260761323246,14088.0546130771,520.997503277432,2712.11455635917,90.8139149151794,4425.43228038291,6,2,25.2753292401499,18.6855146782599,0.594525524107341,0.2096925,150,13-18-4-8-5-11-25-17-24-2-14-3-16-6-22-7-12-21-9-23,M002_S000000|M001_S006200|M001_S001200|F301_S000000|F301_S010000|F005_S005000|F003_S000000|M008_S005000|M007_S007800|M009_S000000|M009_S005000|M009_S010000|M005_S011200|F021_S005000|F177_S000000|F073_S005000|F132_S000000|M002_S011200|F010_S000000|F002_S000000,--++++--++++-----+--,1,0,NaN
20,4,R20_I04,4,GA_DP,Proposed GA-DP,2,22266502,725.587171162509,13685.0475968509,510.622390899651,2690.96765109499,87.2668973399748,4022.42526415671,5,3,25,19.0951296048348,0.087789005719989,0.2049169,150,13-18-4-8-5-11-23-25-17-7-12-22-24-2-14-3-16-6-9-21,M002_S000000|M001_S006200|M001_S001200|F301_S000000|F301_S010000|F005_S005000|F002_S000000|F003_S000000|M008_S005000|F073_S005000|F132_S000000|F177_S000000|M007_S007800|M009_S000000|M009_S005000|M009_S010000|M005_S011200|F021_S005000|F010_S000000|M002_S011200,--+++-+-----++++----,1,0,NaN
20,4,R20_I04,4,GA_DP,Proposed GA-DP,3,22266503,726.834298193129,14062.2924524561,475.892514509002,2725.80068200708,88.3129205379226,4399.67011976191,7,2,25,18.9560716738394,0.259818214704043,0.2158151,150,11-5-8-4-18-13-17-25-23-21-9-24-2-14-3-16-6-22-7-12,F005_S005000|F301_S010000|F301_S000000|M001_S001200|M001_S006200|M002_S000000|M008_S005000|F003_S000000|F002_S000000|M002_S011200|F010_S000000|M007_S007800|M009_S000000|M009_S005000|M009_S010000|M005_S011200|F021_S005000|F177_S000000|F073_S005000|F132_S000000,+---++++-++++++-----,1,0,NaN
20,4,R20_I04,4,GA_DP,Proposed GA-DP,4,22266504,730.452565821045,14163.6718529554,500.186055311714,2722.04279355987,92.0762352560346,4501.04952026125,7,2,25,18.5526253546017,0.758923520450994,0.2201215,150,13-18-4-8-5-11-23-25-17-7-22-24-2-14-3-16-6-9-21-12,M002_S000000|M001_S006200|M001_S001200|F301_S000000|F301_S010000|F005_S005000|F002_S000000|F003_S000000|M008_S005000|F073_S005000|F177_S000000|M007_S007800|M009_S000000|M009_S005000|M009_S010000|M005_S011200|F021_S005000|F010_S000000|M002_S011200|F132_S000000,--+++-+--++++++----+,1,0,NaN
20,4,R20_I04,4,GA_DP,Proposed GA-DP,5,22266505,729.260761323246,14088.0546130771,520.997503277432,2712.11455635917,90.8139149151794,4425.43228038291,6,2,25.2753292401499,18.6855146782599,0.594525524107341,0.2083358,150,13-18-4-8-5-11-25-17-24-2-14-3-16-6-22-7-12-21-9-23,M002_S000000|M001_S006200|M001_S001200|F301_S000000|F301_S010000|F005_S005000|F003_S000000|M008_S005000|M007_S007800|M009_S000000|M009_S005000|M009_S010000|M005_S011200|F021_S005000|F177_S000000|F073_S005000|F132_S000000|M002_S011200|F010_S000000|F002_S000000,--++++--++++-----+--,1,0,NaN
20,4,R20_I04,4,GA_DP,Proposed GA-DP,6,22266506,729.260761323246,14088.0546130771,520.997503277432,2712.11455635917,90.8139149151794,4425.43228038291,6,2,25.2753292401499,18.6855146782599,0.594525524107341,0.205578,150,13-18-4-8-5-11-25-17-24-2-14-3-16-6-22-7-12-21-9-23,M002_S000000|M001_S006200|M001_S001200|F301_S000000|F301_S010000|F005_S005000|F003_S000000|M008_S005000|M007_S007800|M009_S000000|M009_S005000|M009_S010000|M005_S011200|F021_S005000|F177_S000000|F073_S005000|F132_S000000|M002_S011200|F010_S000000|F002_S000000,--++++--++++-----+--,1,0,NaN
20,4,R20_I04,4,GA_DP,Proposed GA-DP,7,22266507,728.406702893466,14078.4355863745,491.294020639563,2720.26413914513,90.1820352949497,4415.81325368029,8,3,25,18.7807444305453,0.476716357523716,0.2071794,150,17-13-18-4-8-5-11-25-23-12-7-22-6-16-3-14-2-24-9-21,M008_S005000|M002_S000000|M001_S006200|M001_S001200|F301_S000000|F301_S010000|F005_S005000|F003_S000000|F002_S000000|F132_S000000|F073_S005000|F177_S000000|F021_S005000|M005_S011200|M009_S010000|M009_S005000|M009_S000000|M007_S007800|F010_S000000|M002_S011200,---+++-+-+++++------,1,0,NaN
20,4,R20_I04,4,GA_DP,Proposed GA-DP,8,22266508,725.56256272899,13697.1491787668,508.525946679165,2691.89819439412,87.2837280490792,4034.52684607259,6,3,25,19.0978735096385,0.0843945084085415,0.2105415,150,13-18-4-8-5-11-23-25-17-7-12-6-16-3-14-2-24-22-9-21,M002_S000000|M001_S006200|M001_S001200|F301_S000000|F301_S010000|F005_S005000|F002_S000000|F003_S000000|M008_S005000|F073_S005000|F132_S000000|F021_S005000|M005_S011200|M009_S010000|M009_S005000|M009_S000000|M007_S007800|F177_S000000|F010_S000000|M002_S011200,--+++-+----++----+--,1,0,NaN
20,4,R20_I04,4,GA_DP,Proposed GA-DP,9,22266509,727.511501676763,13862.7419061487,517.999832495829,2704.88112240658,88.9991376611825,4200.11957345448,7,3,25,18.8805617113538,0.35323193820646,0.2044533,150,13-18-4-8-5-11-23-25-17-12-7-22-6-24-2-14-3-16-9-21,M002_S000000|M001_S006200|M001_S001200|F301_S000000|F301_S010000|F005_S005000|F002_S000000|F003_S000000|M008_S005000|F132_S000000|F073_S005000|F177_S000000|F021_S005000|M007_S007800|M009_S000000|M009_S005000|M009_S010000|M005_S011200|F010_S000000|M002_S011200,--+++-+---++-++++---,1,0,NaN
20,4,R20_I04,4,GA_DP,Proposed GA-DP,10,22266510,726.834298193129,14062.2924524561,475.892514509002,2725.80068200708,88.3129205379226,4399.67011976191,7,2,25,18.9560716738394,0.259818214704043,0.2043301,150,11-5-8-4-18-13-17-25-23-21-9-24-2-14-3-16-6-22-7-12,F005_S005000|F301_S010000|F301_S000000|M001_S001200|M001_S006200|M002_S000000|M008_S005000|F003_S000000|F002_S000000|M002_S011200|F010_S000000|M007_S007800|M009_S000000|M009_S005000|M009_S010000|M005_S011200|F021_S005000|F177_S000000|F073_S005000|F132_S000000,+---++++-++++++-----,1,0,NaN
20,4,R20_I04,4,GA_DP,Proposed GA-DP,11,22266511,726.774019082086,14017.920603984,475.254197335562,2724.93478101088,88.2692095992191,4355.29827128987,7,4,25,18.9627929526331,0.251503289651152,0.2039312,150,11-5-8-4-18-13-17-25-23-12-7-22-24-2-14-3-16-6-9-21,F005_S005000|F301_S010000|F301_S000000|M001_S001200|M001_S006200|M002_S000000|M008_S005000|F003_S000000|F002_S000000|F132_S000000|F073_S005000|F177_S000000|M007_S007800|M009_S000000|M009_S005000|M009_S010000|M005_S011200|F021_S005000|F010_S000000|M002_S011200,+---++++-+++++++----,1,0,NaN
20,4,R20_I04,4,GA_DP,Proposed GA-DP,12,22266512,729.260761323246,14088.0546130771,520.997503277432,2712.11455635917,90.8139149151794,4425.43228038291,6,2,25.2753292401499,18.6855146782599,0.594525524107341,0.2058554,150,13-18-4-8-5-11-25-17-24-2-14-3-16-6-22-7-12-21-9-23,M002_S000000|M001_S006200|M001_S001200|F301_S000000|F301_S010000|F005_S005000|F003_S000000|M008_S005000|M007_S007800|M009_S000000|M009_S005000|M009_S010000|M005_S011200|F021_S005000|F177_S000000|F073_S005000|F132_S000000|M002_S011200|F010_S000000|F002_S000000,--++++--++++-----+--,1,0,NaN
20,4,R20_I04,4,GA_DP,Proposed GA-DP,13,22266513,729.260761323246,14088.0546130771,520.997503277432,2712.11455635917,90.8139149151794,4425.43228038291,6,2,25.2753292401499,18.6855146782599,0.594525524107341,0.2069843,150,13-18-4-8-5-11-25-17-24-2-14-3-16-6-22-7-12-21-9-23,M002_S000000|M001_S006200|M001_S001200|F301_S000000|F301_S010000|F005_S005000|F003_S000000|M008_S005000|M007_S007800|M009_S000000|M009_S005000|M009_S010000|M005_S011200|F021_S005000|F177_S000000|F073_S005000|F132_S000000|M002_S011200|F010_S000000|F002_S000000,--++++--++++-----+--,1,0,NaN
20,4,R20_I04,4,GA_DP,Proposed GA-DP,14,22266514,729.260761323246,14088.0546130771,520.997503277432,2712.11455635917,90.8139149151794,4425.43228038291,6,2,25.2753292401499,18.6855146782599,0.594525524107341,0.2131444,150,13-18-4-8-5-11-25-17-24-2-14-3-16-6-22-7-12-21-9-23,M002_S000000|M001_S006200|M001_S001200|F301_S000000|F301_S010000|F005_S005000|F003_S000000|M008_S005000|M007_S007800|M009_S000000|M009_S005000|M009_S010000|M005_S011200|F021_S005000|F177_S000000|F073_S005000|F132_S000000|M002_S011200|F010_S000000|F002_S000000,--++++--++++-----+--,1,0,NaN
20,4,R20_I04,4,GA_DP,Proposed GA-DP,15,22266515,726.834298193129,14062.2924524561,475.892514509002,2725.80068200708,88.3129205379226,4399.67011976191,7,2,25,18.9560716738394,0.259818214704043,0.204382,150,11-5-8-4-18-13-17-25-23-21-9-24-2-14-3-16-6-22-7-12,F005_S005000|F301_S010000|F301_S000000|M001_S001200|M001_S006200|M002_S000000|M008_S005000|F003_S000000|F002_S000000|M002_S011200|F010_S000000|M007_S007800|M009_S000000|M009_S005000|M009_S010000|M005_S011200|F021_S005000|F177_S000000|F073_S005000|F132_S000000,+---++++-++++++-----,1,0,NaN
20,4,R20_I04,4,GA_DP,Proposed GA-DP,16,22266516,727.511501676763,13862.7419061487,517.999832495829,2704.88112240658,88.9991376611825,4200.11957345448,7,3,25,18.8805617113538,0.35323193820646,0.2054198,150,13-18-4-8-5-11-23-25-17-12-7-22-6-24-2-14-3-16-9-21,M002_S000000|M001_S006200|M001_S001200|F301_S000000|F301_S010000|F005_S005000|F002_S000000|F003_S000000|M008_S005000|F132_S000000|F073_S005000|F177_S000000|F021_S005000|M007_S007800|M009_S000000|M009_S005000|M009_S010000|M005_S011200|F010_S000000|M002_S011200,--+++-+---++-++++---,1,0,NaN
20,4,R20_I04,4,GA_DP,Proposed GA-DP,17,22266517,729.260761323246,14088.0546130771,520.997503277432,2712.11455635917,90.8139149151794,4425.43228038291,6,2,25.2753292401499,18.6855146782599,0.594525524107341,0.208271,150,13-18-4-8-5-11-25-17-24-2-14-3-16-6-22-7-12-21-9-23,M002_S000000|M001_S006200|M001_S001200|F301_S000000|F301_S010000|F005_S005000|F003_S000000|M008_S005000|M007_S007800|M009_S000000|M009_S005000|M009_S010000|M005_S011200|F021_S005000|F177_S000000|F073_S005000|F132_S000000|M002_S011200|F010_S000000|F002_S000000,--++++--++++-----+--,1,0,NaN
20,4,R20_I04,4,GA_DP,Proposed GA-DP,18,22266518,730.296900038235,14048.3068965219,508.196788030737,2717.93821044763,91.9205694732239,4385.68456382772,7,2,25,18.5699824971806,0.737450919163944,0.2202247,150,13-18-4-8-5-11-23-25-17-7-22-6-24-2-14-3-16-9-21-12,M002_S000000|M001_S006200|M001_S001200|F301_S000000|F301_S010000|F005_S005000|F002_S000000|F003_S000000|M008_S005000|F073_S005000|F177_S000000|F021_S005000|M007_S007800|M009_S000000|M009_S005000|M009_S010000|M005_S011200|F010_S000000|M002_S011200|F132_S000000,--+++-+--++-++++---+,1,0,NaN
20,4,R20_I04,4,GA_DP,Proposed GA-DP,19,22266519,729.260761323246,14088.0546130771,520.997503277432,2712.11455635917,90.8139149151794,4425.43228038291,6,2,25.2753292401499,18.6855146782599,0.594525524107341,0.2114043,150,13-18-4-8-5-11-25-17-24-2-14-3-16-6-22-7-12-21-9-23,M002_S000000|M001_S006200|M001_S001200|F301_S000000|F301_S010000|F005_S005000|F003_S000000|M008_S005000|M007_S007800|M009_S000000|M009_S005000|M009_S010000|M005_S011200|F021_S005000|F177_S000000|F073_S005000|F132_S000000|M002_S011200|F010_S000000|F002_S000000,--++++--++++-----+--,1,0,NaN
20,4,R20_I04,4,GA_DP,Proposed GA-DP,20,22266520,726.618353299275,13902.5556475505,483.264930054584,2720.83019789864,88.1135438164083,4239.93331485634,7,4,25,18.980150095212,0.230030688364118,0.2059815,150,11-5-8-4-18-13-17-25-23-12-7-22-6-24-2-14-3-16-9-21,F005_S005000|F301_S010000|F301_S000000|M001_S001200|M001_S006200|M002_S000000|M008_S005000|F003_S000000|F002_S000000|F132_S000000|F073_S005000|F177_S000000|F021_S005000|M007_S007800|M009_S000000|M009_S005000|M009_S010000|M005_S011200|F010_S000000|M002_S011200,+---++++-+++-++++---,1,0,NaN
20,4,R20_I04,5,EXACT,Exact optimum,1,NaN,724.950744112293,13577.2832697932,529.910123030304,2682.70339029031,86.6304702897591,3914.66093709902,5,2,25.4421415263987,19.1660928881729,0,0.5054635,0,13-18-4-8-5-11-23-25-17-24-2-14-3-16-6-22-7-12-9-21,M002_S000000|M001_S006200|M001_S001200|F301_S000000|F301_S010000|F005_S005000|F002_S000000|F003_S000000|M008_S005000|M007_S007800|M009_S000000|M009_S005000|M009_S010000|M005_S011200|F021_S005000|F177_S000000|F073_S005000|F132_S000000|F010_S000000|M002_S011200,--+++-+--++++-------,1,1,0
20,5,R20_I05,1,FIXED,Fixed order + fixed direction,1,NaN,867.066995857145,20183.2343405401,929.364754896801,3174.27303812915,227.806565102817,10516.004359418,13,10,25,0,21.2893826437409,5.99e-05,0,4-18-13-21-20-16-17-2-14-3-23-25-11-7-22-15-10-8-19-5,M001_S001200|M001_S006200|M002_S000000|M002_S011200|M005_S006200|M005_S011200|M008_S005000|M009_S000000|M009_S005000|M009_S010000|F002_S000000|F003_S000000|F005_S005000|F073_S005000|F177_S000000|F195_S001400|F300_S005000|F301_S000000|F301_S005000|F301_S010000,++++++++++++++++++++,1,0,NaN
20,5,R20_I05,2,NN_DP,Nearest neighbour-DP,1,NaN,729.200371717066,14059.1179144142,514.45607920651,2719.67382194853,90.3196653616179,4391.8879332922,7,2,25.7888079456095,15.9003427415421,2.00395509428554,0.0003572,0,25-11-18-4-8-19-5-10-13-17-7-22-15-20-16-3-14-2-21-23,F003_S000000|F005_S005000|M001_S006200|M001_S001200|F301_S000000|F301_S005000|F301_S010000|F300_S005000|M002_S000000|M008_S005000|F073_S005000|F177_S000000|F195_S001400|M005_S006200|M005_S011200|M009_S010000|M009_S005000|M009_S000000|M002_S011200|F002_S000000,+--++++++-++-++---+-,1,0,NaN
20,5,R20_I05,3,JOINT_GA,Joint-encoding GA,1,22267001,721.648923021696,13847.9246566092,498.243442990301,2705.33564323143,82.7682166662473,4180.69467548716,8,2,25.7888079456095,16.771261451567,0.94762316756751,0.3750521,150,25-11-18-4-8-19-5-10-13-17-7-22-20-16-3-14-2-15-21-23,F003_S000000|F005_S005000|M001_S006200|M001_S001200|F301_S000000|F301_S005000|F301_S010000|F300_S005000|M002_S000000|M008_S005000|F073_S005000|F177_S000000|M005_S006200|M005_S011200|M009_S010000|M009_S005000|M009_S000000|F195_S001400|M002_S011200|F002_S000000,+--++++++-++++----+-,1,0,NaN
20,5,R20_I05,3,JOINT_GA,Joint-encoding GA,2,22267002,726.150725085745,14081.070320709,482.642067029232,2720.05674966871,87.2188912337279,4413.84033958696,9,3,25,16.2520625793278,1.57735627439979,0.3817879,150,25-11-18-4-8-19-5-10-13-17-7-15-22-20-16-3-14-2-21-23,F003_S000000|F005_S005000|M001_S006200|M001_S001200|F301_S000000|F301_S005000|F301_S010000|F300_S005000|M002_S000000|M008_S005000|F073_S005000|F195_S001400|F177_S000000|M005_S006200|M005_S011200|M009_S010000|M009_S005000|M009_S000000|M002_S011200|F002_S000000,+--++++++-+++++---+-,1,0,NaN
20,5,R20_I05,3,JOINT_GA,Joint-encoding GA,3,22267003,726.150725085745,14081.070320709,482.642067029232,2720.05674966871,87.2188912337279,4413.84033958696,9,3,25,16.2520625793278,1.57735627439979,0.3619869,150,25-11-18-4-8-19-5-10-13-17-7-15-22-20-16-3-14-2-21-23,F003_S000000|F005_S005000|M001_S006200|M001_S001200|F301_S000000|F301_S005000|F301_S010000|F300_S005000|M002_S000000|M008_S005000|F073_S005000|F195_S001400|F177_S000000|M005_S006200|M005_S011200|M009_S010000|M009_S005000|M009_S000000|M002_S011200|F002_S000000,+--++++++-+++++---+-,1,0,NaN
20,5,R20_I05,3,JOINT_GA,Joint-encoding GA,4,22267004,726.150725085745,14081.070320709,482.642067029232,2720.05674966871,87.2188912337279,4413.84033958696,9,3,25,16.2520625793278,1.57735627439979,0.3789522,150,25-11-18-4-8-19-5-10-13-17-7-15-22-20-16-3-14-2-21-23,F003_S000000|F005_S005000|M001_S006200|M001_S001200|F301_S000000|F301_S005000|F301_S010000|F300_S005000|M002_S000000|M008_S005000|F073_S005000|F195_S001400|F177_S000000|M005_S006200|M005_S011200|M009_S010000|M009_S005000|M009_S000000|M002_S011200|F002_S000000,+--++++++-+++++---+-,1,0,NaN
20,5,R20_I05,3,JOINT_GA,Joint-encoding GA,5,22267005,726.150725085745,14081.070320709,482.642067029232,2720.05674966871,87.2188912337279,4413.84033958696,9,3,25,16.2520625793278,1.57735627439979,0.3835789,150,25-11-18-4-8-19-5-10-13-17-7-15-22-20-16-3-14-2-21-23,F003_S000000|F005_S005000|M001_S006200|M001_S001200|F301_S000000|F301_S005000|F301_S010000|F300_S005000|M002_S000000|M008_S005000|F073_S005000|F195_S001400|F177_S000000|M005_S006200|M005_S011200|M009_S010000|M009_S005000|M009_S000000|M002_S011200|F002_S000000,+--++++++-+++++---+-,1,0,NaN
20,5,R20_I05,3,JOINT_GA,Joint-encoding GA,6,22267006,726.150725085745,14081.070320709,482.642067029232,2720.05674966871,87.2188912337279,4413.84033958696,9,3,25,16.2520625793278,1.57735627439979,0.3758613,150,25-11-18-4-8-19-5-10-13-17-7-15-22-20-16-3-14-2-21-23,F003_S000000|F005_S005000|M001_S006200|M001_S001200|F301_S000000|F301_S005000|F301_S010000|F300_S005000|M002_S000000|M008_S005000|F073_S005000|F195_S001400|F177_S000000|M005_S006200|M005_S011200|M009_S010000|M009_S005000|M009_S000000|M002_S011200|F002_S000000,+--++++++-+++++---+-,1,0,NaN
20,5,R20_I05,3,JOINT_GA,Joint-encoding GA,7,22267007,726.150725085745,14081.070320709,482.642067029232,2720.05674966871,87.2188912337279,4413.84033958696,9,3,25,16.2520625793278,1.57735627439979,0.3773421,150,25-11-18-4-8-19-5-10-13-17-7-15-22-20-16-3-14-2-21-23,F003_S000000|F005_S005000|M001_S006200|M001_S001200|F301_S000000|F301_S005000|F301_S010000|F300_S005000|M002_S000000|M008_S005000|F073_S005000|F195_S001400|F177_S000000|M005_S006200|M005_S011200|M009_S010000|M009_S005000|M009_S000000|M002_S011200|F002_S000000,+--++++++-+++++---+-,1,0,NaN
20,5,R20_I05,3,JOINT_GA,Joint-encoding GA,8,22267008,726.150725085745,14081.070320709,482.642067029232,2720.05674966871,87.2188912337279,4413.84033958696,9,3,25,16.2520625793278,1.57735627439979,0.3818796,150,25-11-18-4-8-19-5-10-13-17-7-15-22-20-16-3-14-2-21-23,F003_S000000|F005_S005000|M001_S006200|M001_S001200|F301_S000000|F301_S005000|F301_S010000|F300_S005000|M002_S000000|M008_S005000|F073_S005000|F195_S001400|F177_S000000|M005_S006200|M005_S011200|M009_S010000|M009_S005000|M009_S000000|M002_S011200|F002_S000000,+--++++++-+++++---+-,1,0,NaN
20,5,R20_I05,3,JOINT_GA,Joint-encoding GA,9,22267009,726.150725085745,14081.070320709,482.642067029232,2720.05674966871,87.2188912337279,4413.84033958696,9,3,25,16.2520625793278,1.57735627439979,0.369694,150,25-11-18-4-8-19-5-10-13-17-7-15-22-20-16-3-14-2-21-23,F003_S000000|F005_S005000|M001_S006200|M001_S001200|F301_S000000|F301_S005000|F301_S010000|F300_S005000|M002_S000000|M008_S005000|F073_S005000|F195_S001400|F177_S000000|M005_S006200|M005_S011200|M009_S010000|M009_S005000|M009_S000000|M002_S011200|F002_S000000,+--++++++-+++++---+-,1,0,NaN
20,5,R20_I05,3,JOINT_GA,Joint-encoding GA,10,22267010,726.150725085745,14081.070320709,482.642067029232,2720.05674966871,87.2188912337279,4413.84033958696,9,3,25,16.2520625793278,1.57735627439979,0.370647,150,25-11-18-4-8-19-5-10-13-17-7-15-22-20-16-3-14-2-21-23,F003_S000000|F005_S005000|M001_S006200|M001_S001200|F301_S000000|F301_S005000|F301_S010000|F300_S005000|M002_S000000|M008_S005000|F073_S005000|F195_S001400|F177_S000000|M005_S006200|M005_S011200|M009_S010000|M009_S005000|M009_S000000|M002_S011200|F002_S000000,+--++++++-+++++---+-,1,0,NaN
20,5,R20_I05,3,JOINT_GA,Joint-encoding GA,11,22267011,726.150725085745,14081.070320709,482.642067029232,2720.05674966871,87.2188912337279,4413.84033958696,9,3,25,16.2520625793278,1.57735627439979,0.373259,150,25-11-18-4-8-19-5-10-13-17-7-15-22-20-16-3-14-2-21-23,F003_S000000|F005_S005000|M001_S006200|M001_S001200|F301_S000000|F301_S005000|F301_S010000|F300_S005000|M002_S000000|M008_S005000|F073_S005000|F195_S001400|F177_S000000|M005_S006200|M005_S011200|M009_S010000|M009_S005000|M009_S000000|M002_S011200|F002_S000000,+--++++++-+++++---+-,1,0,NaN
20,5,R20_I05,3,JOINT_GA,Joint-encoding GA,12,22267012,726.150725085745,14081.070320709,482.642067029232,2720.05674966871,87.2188912337279,4413.84033958696,9,3,25,16.2520625793278,1.57735627439979,0.3679902,150,25-11-18-4-8-19-5-10-13-17-7-15-22-20-16-3-14-2-21-23,F003_S000000|F005_S005000|M001_S006200|M001_S001200|F301_S000000|F301_S005000|F301_S010000|F300_S005000|M002_S000000|M008_S005000|F073_S005000|F195_S001400|F177_S000000|M005_S006200|M005_S011200|M009_S010000|M009_S005000|M009_S000000|M002_S011200|F002_S000000,+--++++++-+++++---+-,1,0,NaN
20,5,R20_I05,3,JOINT_GA,Joint-encoding GA,13,22267013,726.150725085745,14081.070320709,482.642067029232,2720.05674966871,87.2188912337279,4413.84033958696,9,3,25,16.2520625793278,1.57735627439979,0.3829118,150,25-11-18-4-8-19-5-10-13-17-7-15-22-20-16-3-14-2-21-23,F003_S000000|F005_S005000|M001_S006200|M001_S001200|F301_S000000|F301_S005000|F301_S010000|F300_S005000|M002_S000000|M008_S005000|F073_S005000|F195_S001400|F177_S000000|M005_S006200|M005_S011200|M009_S010000|M009_S005000|M009_S000000|M002_S011200|F002_S000000,+--++++++-+++++---+-,1,0,NaN
20,5,R20_I05,3,JOINT_GA,Joint-encoding GA,14,22267014,726.150725085745,14081.070320709,482.642067029232,2720.05674966871,87.2188912337279,4413.84033958696,9,3,25,16.2520625793278,1.57735627439979,0.4420971,150,25-11-18-4-8-19-5-10-13-17-7-15-22-20-16-3-14-2-21-23,F003_S000000|F005_S005000|M001_S006200|M001_S001200|F301_S000000|F301_S005000|F301_S010000|F300_S005000|M002_S000000|M008_S005000|F073_S005000|F195_S001400|F177_S000000|M005_S006200|M005_S011200|M009_S010000|M009_S005000|M009_S000000|M002_S011200|F002_S000000,+--++++++-+++++---+-,1,0,NaN
20,5,R20_I05,3,JOINT_GA,Joint-encoding GA,15,22267015,726.150725085745,14081.070320709,482.642067029232,2720.05674966871,87.2188912337279,4413.84033958696,9,3,25,16.2520625793278,1.57735627439979,1.1661614,150,25-11-18-4-8-19-5-10-13-17-7-15-22-20-16-3-14-2-21-23,F003_S000000|F005_S005000|M001_S006200|M001_S001200|F301_S000000|F301_S005000|F301_S010000|F300_S005000|M002_S000000|M008_S005000|F073_S005000|F195_S001400|F177_S000000|M005_S006200|M005_S011200|M009_S010000|M009_S005000|M009_S000000|M002_S011200|F002_S000000,+--++++++-+++++---+-,1,0,NaN
20,5,R20_I05,3,JOINT_GA,Joint-encoding GA,16,22267016,726.150725085745,14081.070320709,482.642067029232,2720.05674966871,87.2188912337279,4413.84033958696,9,3,25,16.2520625793278,1.57735627439979,1.2228554,150,25-11-18-4-8-19-5-10-13-17-7-15-22-20-16-3-14-2-21-23,F003_S000000|F005_S005000|M001_S006200|M001_S001200|F301_S000000|F301_S005000|F301_S010000|F300_S005000|M002_S000000|M008_S005000|F073_S005000|F195_S001400|F177_S000000|M005_S006200|M005_S011200|M009_S010000|M009_S005000|M009_S000000|M002_S011200|F002_S000000,+--++++++-+++++---+-,1,0,NaN
20,5,R20_I05,3,JOINT_GA,Joint-encoding GA,17,22267017,726.150725085745,14081.070320709,482.642067029232,2720.05674966871,87.2188912337279,4413.84033958696,9,3,25,16.2520625793278,1.57735627439979,1.1608442,150,25-11-18-4-8-19-5-10-13-17-7-15-22-20-16-3-14-2-21-23,F003_S000000|F005_S005000|M001_S006200|M001_S001200|F301_S000000|F301_S005000|F301_S010000|F300_S005000|M002_S000000|M008_S005000|F073_S005000|F195_S001400|F177_S000000|M005_S006200|M005_S011200|M009_S010000|M009_S005000|M009_S000000|M002_S011200|F002_S000000,+--++++++-+++++---+-,1,0,NaN
20,5,R20_I05,3,JOINT_GA,Joint-encoding GA,18,22267018,726.150725085745,14081.070320709,482.642067029232,2720.05674966871,87.2188912337279,4413.84033958696,9,3,25,16.2520625793278,1.57735627439979,1.140121,150,25-11-18-4-8-19-5-10-13-17-7-15-22-20-16-3-14-2-21-23,F003_S000000|F005_S005000|M001_S006200|M001_S001200|F301_S000000|F301_S005000|F301_S010000|F300_S005000|M002_S000000|M008_S005000|F073_S005000|F195_S001400|F177_S000000|M005_S006200|M005_S011200|M009_S010000|M009_S005000|M009_S000000|M002_S011200|F002_S000000,+--++++++-+++++---+-,1,0,NaN
20,5,R20_I05,3,JOINT_GA,Joint-encoding GA,19,22267019,726.150725085745,14081.070320709,482.642067029232,2720.05674966871,87.2188912337279,4413.84033958696,9,3,25,16.2520625793278,1.57735627439979,1.1731963,150,25-11-18-4-8-19-5-10-13-17-7-15-22-20-16-3-14-2-21-23,F003_S000000|F005_S005000|M001_S006200|M001_S001200|F301_S000000|F301_S005000|F301_S010000|F300_S005000|M002_S000000|M008_S005000|F073_S005000|F195_S001400|F177_S000000|M005_S006200|M005_S011200|M009_S010000|M009_S005000|M009_S000000|M002_S011200|F002_S000000,+--++++++-+++++---+-,1,0,NaN
20,5,R20_I05,3,JOINT_GA,Joint-encoding GA,20,22267020,726.150725085745,14081.070320709,482.642067029232,2720.05674966871,87.2188912337279,4413.84033958696,9,3,25,16.2520625793278,1.57735627439979,1.1298906,150,25-11-18-4-8-19-5-10-13-17-7-15-22-20-16-3-14-2-21-23,F003_S000000|F005_S005000|M001_S006200|M001_S001200|F301_S000000|F301_S005000|F301_S010000|F300_S005000|M002_S000000|M008_S005000|F073_S005000|F195_S001400|F177_S000000|M005_S006200|M005_S011200|M009_S010000|M009_S005000|M009_S000000|M002_S011200|F002_S000000,+--++++++-+++++---+-,1,0,NaN
20,5,R20_I05,4,GA_DP,Proposed GA-DP,1,22267501,714.874605639598,13316.6834358545,506.526202049897,2668.06344231738,76.1401680150855,3649.45345473241,7,2,25,17.5525525645336,0,0.2164103,150,13-10-5-19-8-4-18-11-25-17-22-20-16-3-14-2-15-7-21-23,M002_S000000|F300_S005000|F301_S010000|F301_S005000|F301_S000000|M001_S001200|M001_S006200|F005_S005000|F003_S000000|M008_S005000|F177_S000000|M005_S006200|M005_S011200|M009_S010000|M009_S005000|M009_S000000|F195_S001400|F073_S005000|M002_S011200|F002_S000000,------++--+++-----+-,1,0,NaN
20,5,R20_I05,4,GA_DP,Proposed GA-DP,2,22267502,719.052223380282,13594.3528342493,485.993888607771,2689.42606646818,80.2703808081527,3927.12285312722,7,2,25,17.0707423052751,0.584384688968768,0.218152,150,13-10-5-19-8-4-18-11-25-17-7-15-22-2-14-3-16-20-21-23,M002_S000000|F300_S005000|F301_S010000|F301_S005000|F301_S000000|M001_S001200|M001_S006200|F005_S005000|F003_S000000|M008_S005000|F073_S005000|F195_S001400|F177_S000000|M009_S000000|M009_S005000|M009_S010000|M005_S011200|M005_S006200|M002_S011200|F002_S000000,------++--++-+++--+-,1,0,NaN
20,5,R20_I05,4,GA_DP,Proposed GA-DP,3,22267503,719.052223380282,13594.3528342493,485.993888607771,2689.42606646818,80.2703808081527,3927.12285312722,7,2,25,17.0707423052751,0.584384688968768,0.2103661,150,13-10-5-19-8-4-18-11-25-17-7-15-22-2-14-3-16-20-21-23,M002_S000000|F300_S005000|F301_S010000|F301_S005000|F301_S000000|M001_S001200|M001_S006200|F005_S005000|F003_S000000|M008_S005000|F073_S005000|F195_S001400|F177_S000000|M009_S000000|M009_S005000|M009_S010000|M005_S011200|M005_S006200|M002_S011200|F002_S000000,------++--++-+++--+-,1,0,NaN
20,5,R20_I05,4,GA_DP,Proposed GA-DP,4,22267504,714.874605639598,13316.6834358545,506.526202049897,2668.06344231738,76.1401680150855,3649.45345473241,7,2,25,17.5525525645336,0,0.2043836,150,13-10-5-19-8-4-18-11-25-17-22-20-16-3-14-2-15-7-21-23,M002_S000000|F300_S005000|F301_S010000|F301_S005000|F301_S000000|M001_S001200|M001_S006200|F005_S005000|F003_S000000|M008_S005000|F177_S000000|M005_S006200|M005_S011200|M009_S010000|M009_S005000|M009_S000000|F195_S001400|F073_S005000|M002_S011200|F002_S000000,------++--+++-----+-,1,0,NaN
20,5,R20_I05,4,GA_DP,Proposed GA-DP,5,22267505,714.874605639598,13316.6834358545,506.526202049897,2668.06344231738,76.1401680150855,3649.45345473241,7,2,25,17.5525525645336,0,0.2122595,150,13-10-5-19-8-4-18-11-25-17-22-20-16-3-14-2-15-7-21-23,M002_S000000|F300_S005000|F301_S010000|F301_S005000|F301_S000000|M001_S001200|M001_S006200|F005_S005000|F003_S000000|M008_S005000|F177_S000000|M005_S006200|M005_S011200|M009_S010000|M009_S005000|M009_S000000|F195_S001400|F073_S005000|M002_S011200|F002_S000000,------++--+++-----+-,1,0,NaN
20,5,R20_I05,4,GA_DP,Proposed GA-DP,6,22267506,714.874605639598,13316.6834358545,506.526202049897,2668.06344231738,76.1401680150855,3649.45345473241,7,2,25,17.5525525645336,0,0.2096527,150,13-10-5-19-8-4-18-11-25-17-22-20-16-3-14-2-15-7-21-23,M002_S000000|F300_S005000|F301_S010000|F301_S005000|F301_S000000|M001_S001200|M001_S006200|F005_S005000|F003_S000000|M008_S005000|F177_S000000|M005_S006200|M005_S011200|M009_S010000|M009_S005000|M009_S000000|F195_S001400|F073_S005000|M002_S011200|F002_S000000,------++--+++-----+-,1,0,NaN
20,5,R20_I05,4,GA_DP,Proposed GA-DP,7,22267507,719.052223380282,13594.3528342493,485.993888607771,2689.42606646818,80.2703808081527,3927.12285312722,7,2,25,17.0707423052751,0.584384688968768,0.2050623,150,13-10-5-19-8-4-18-11-25-17-7-15-22-2-14-3-16-20-21-23,M002_S000000|F300_S005000|F301_S010000|F301_S005000|F301_S000000|M001_S001200|M001_S006200|F005_S005000|F003_S000000|M008_S005000|F073_S005000|F195_S001400|F177_S000000|M009_S000000|M009_S005000|M009_S010000|M005_S011200|M005_S006200|M002_S011200|F002_S000000,------++--++-+++--+-,1,0,NaN
20,5,R20_I05,4,GA_DP,Proposed GA-DP,8,22267508,714.874605639598,13316.6834358545,506.526202049897,2668.06344231738,76.1401680150855,3649.45345473241,7,2,25,17.5525525645336,0,0.2108342,150,13-10-5-19-8-4-18-11-25-17-22-20-16-3-14-2-15-7-21-23,M002_S000000|F300_S005000|F301_S010000|F301_S005000|F301_S000000|M001_S001200|M001_S006200|F005_S005000|F003_S000000|M008_S005000|F177_S000000|M005_S006200|M005_S011200|M009_S010000|M009_S005000|M009_S000000|F195_S001400|F073_S005000|M002_S011200|F002_S000000,------++--+++-----+-,1,0,NaN
20,5,R20_I05,4,GA_DP,Proposed GA-DP,9,22267509,719.052223380282,13594.3528342493,485.993888607771,2689.42606646818,80.2703808081527,3927.12285312722,7,2,25,17.0707423052751,0.584384688968768,0.2144608,150,13-10-5-19-8-4-18-11-25-17-7-15-22-2-14-3-16-20-21-23,M002_S000000|F300_S005000|F301_S010000|F301_S005000|F301_S000000|M001_S001200|M001_S006200|F005_S005000|F003_S000000|M008_S005000|F073_S005000|F195_S001400|F177_S000000|M009_S000000|M009_S005000|M009_S010000|M005_S011200|M005_S006200|M002_S011200|F002_S000000,------++--++-+++--+-,1,0,NaN
20,5,R20_I05,4,GA_DP,Proposed GA-DP,10,22267510,714.874605639598,13316.6834358545,506.526202049897,2668.06344231738,76.1401680150855,3649.45345473241,7,2,25,17.5525525645336,0,0.2165057,150,13-10-5-19-8-4-18-11-25-17-22-20-16-3-14-2-15-7-21-23,M002_S000000|F300_S005000|F301_S010000|F301_S005000|F301_S000000|M001_S001200|M001_S006200|F005_S005000|F003_S000000|M008_S005000|F177_S000000|M005_S006200|M005_S011200|M009_S010000|M009_S005000|M009_S000000|F195_S001400|F073_S005000|M002_S011200|F002_S000000,------++--+++-----+-,1,0,NaN
20,5,R20_I05,4,GA_DP,Proposed GA-DP,11,22267511,714.874605639598,13316.6834358545,506.526202049897,2668.06344231738,76.1401680150855,3649.45345473241,7,2,25,17.5525525645336,0,0.2166363,150,13-10-5-19-8-4-18-11-25-17-22-20-16-3-14-2-15-7-21-23,M002_S000000|F300_S005000|F301_S010000|F301_S005000|F301_S000000|M001_S001200|M001_S006200|F005_S005000|F003_S000000|M008_S005000|F177_S000000|M005_S006200|M005_S011200|M009_S010000|M009_S005000|M009_S000000|F195_S001400|F073_S005000|M002_S011200|F002_S000000,------++--+++-----+-,1,0,NaN
20,5,R20_I05,4,GA_DP,Proposed GA-DP,12,22267512,719.052223380282,13594.3528342493,485.993888607771,2689.42606646818,80.2703808081527,3927.12285312722,7,2,25,17.0707423052751,0.584384688968768,0.2254988,150,13-10-5-19-8-4-18-11-25-17-7-15-22-2-14-3-16-20-21-23,M002_S000000|F300_S005000|F301_S010000|F301_S005000|F301_S000000|M001_S001200|M001_S006200|F005_S005000|F003_S000000|M008_S005000|F073_S005000|F195_S001400|F177_S000000|M009_S000000|M009_S005000|M009_S010000|M005_S011200|M005_S006200|M002_S011200|F002_S000000,------++--++-+++--+-,1,0,NaN
20,5,R20_I05,4,GA_DP,Proposed GA-DP,13,22267513,719.052223380282,13594.3528342493,485.993888607771,2689.42606646818,80.2703808081527,3927.12285312722,7,2,25,17.0707423052751,0.584384688968768,0.2165125,150,13-10-5-19-8-4-18-11-25-17-7-15-22-2-14-3-16-20-21-23,M002_S000000|F300_S005000|F301_S010000|F301_S005000|F301_S000000|M001_S001200|M001_S006200|F005_S005000|F003_S000000|M008_S005000|F073_S005000|F195_S001400|F177_S000000|M009_S000000|M009_S005000|M009_S010000|M005_S011200|M005_S006200|M002_S011200|F002_S000000,------++--++-+++--+-,1,0,NaN
20,5,R20_I05,4,GA_DP,Proposed GA-DP,14,22267514,719.052223380282,13594.3528342493,485.993888607771,2689.42606646818,80.2703808081527,3927.12285312722,7,2,25,17.0707423052751,0.584384688968768,0.6754447,150,13-10-5-19-8-4-18-11-25-17-7-15-22-2-14-3-16-20-21-23,M002_S000000|F300_S005000|F301_S010000|F301_S005000|F301_S000000|M001_S001200|M001_S006200|F005_S005000|F003_S000000|M008_S005000|F073_S005000|F195_S001400|F177_S000000|M009_S000000|M009_S005000|M009_S010000|M005_S011200|M005_S006200|M002_S011200|F002_S000000,------++--++-+++--+-,1,0,NaN
20,5,R20_I05,4,GA_DP,Proposed GA-DP,15,22267515,714.874605639598,13316.6834358545,506.526202049897,2668.06344231738,76.1401680150855,3649.45345473241,7,2,25,17.5525525645336,0,0.6599638,150,13-10-5-19-8-4-18-11-25-17-22-20-16-3-14-2-15-7-21-23,M002_S000000|F300_S005000|F301_S010000|F301_S005000|F301_S000000|M001_S001200|M001_S006200|F005_S005000|F003_S000000|M008_S005000|F177_S000000|M005_S006200|M005_S011200|M009_S010000|M009_S005000|M009_S000000|F195_S001400|F073_S005000|M002_S011200|F002_S000000,------++--+++-----+-,1,0,NaN
20,5,R20_I05,4,GA_DP,Proposed GA-DP,16,22267516,719.052223380282,13594.3528342493,485.993888607771,2689.42606646818,80.2703808081527,3927.12285312722,7,2,25,17.0707423052751,0.584384688968768,0.6773009,150,13-10-5-19-8-4-18-11-25-17-7-15-22-2-14-3-16-20-21-23,M002_S000000|F300_S005000|F301_S010000|F301_S005000|F301_S000000|M001_S001200|M001_S006200|F005_S005000|F003_S000000|M008_S005000|F073_S005000|F195_S001400|F177_S000000|M009_S000000|M009_S005000|M009_S010000|M005_S011200|M005_S006200|M002_S011200|F002_S000000,------++--++-+++--+-,1,0,NaN
20,5,R20_I05,4,GA_DP,Proposed GA-DP,17,22267517,714.874605639598,13316.6834358545,506.526202049897,2668.06344231738,76.1401680150855,3649.45345473241,7,2,25,17.5525525645336,0,0.6423663,150,13-10-5-19-8-4-18-11-25-17-22-20-16-3-14-2-15-7-21-23,M002_S000000|F300_S005000|F301_S010000|F301_S005000|F301_S000000|M001_S001200|M001_S006200|F005_S005000|F003_S000000|M008_S005000|F177_S000000|M005_S006200|M005_S011200|M009_S010000|M009_S005000|M009_S000000|F195_S001400|F073_S005000|M002_S011200|F002_S000000,------++--+++-----+-,1,0,NaN
20,5,R20_I05,4,GA_DP,Proposed GA-DP,18,22267518,714.874605639598,13316.6834358545,506.526202049897,2668.06344231738,76.1401680150855,3649.45345473241,7,2,25,17.5525525645336,0,0.6498337,150,13-10-5-19-8-4-18-11-25-17-22-20-16-3-14-2-15-7-21-23,M002_S000000|F300_S005000|F301_S010000|F301_S005000|F301_S000000|M001_S001200|M001_S006200|F005_S005000|F003_S000000|M008_S005000|F177_S000000|M005_S006200|M005_S011200|M009_S010000|M009_S005000|M009_S000000|F195_S001400|F073_S005000|M002_S011200|F002_S000000,------++--+++-----+-,1,0,NaN
20,5,R20_I05,4,GA_DP,Proposed GA-DP,19,22267519,719.052223380282,13594.3528342493,485.993888607771,2689.42606646818,80.2703808081527,3927.12285312722,7,2,25,17.0707423052751,0.584384688968768,0.6546542,150,13-10-5-19-8-4-18-11-25-17-7-15-22-2-14-3-16-20-21-23,M002_S000000|F300_S005000|F301_S010000|F301_S005000|F301_S000000|M001_S001200|M001_S006200|F005_S005000|F003_S000000|M008_S005000|F073_S005000|F195_S001400|F177_S000000|M009_S000000|M009_S005000|M009_S010000|M005_S011200|M005_S006200|M002_S011200|F002_S000000,------++--++-+++--+-,1,0,NaN
20,5,R20_I05,4,GA_DP,Proposed GA-DP,20,22267520,714.874605639598,13316.6834358545,506.526202049897,2668.06344231738,76.1401680150855,3649.45345473241,7,2,25,17.5525525645336,0,0.6782092,150,13-10-5-19-8-4-18-11-25-17-22-20-16-3-14-2-15-7-21-23,M002_S000000|F300_S005000|F301_S010000|F301_S005000|F301_S000000|M001_S001200|M001_S006200|F005_S005000|F003_S000000|M008_S005000|F177_S000000|M005_S006200|M005_S011200|M009_S010000|M009_S005000|M009_S000000|F195_S001400|F073_S005000|M002_S011200|F002_S000000,------++--+++-----+-,1,0,NaN
20,5,R20_I05,5,EXACT,Exact optimum,1,NaN,714.874605639598,13316.6834358545,506.526202049897,2668.06344231738,76.1401680150855,3649.45345473241,7,2,25,17.5525525645336,0,0.4251706,0,13-10-5-19-8-4-18-11-25-17-22-20-16-3-14-2-15-7-21-23,M002_S000000|F300_S005000|F301_S010000|F301_S005000|F301_S000000|M001_S001200|M001_S006200|F005_S005000|F003_S000000|M008_S005000|F177_S000000|M005_S006200|M005_S011200|M009_S010000|M009_S005000|M009_S000000|F195_S001400|F073_S005000|M002_S011200|F002_S000000,------++--+++-----+-,1,1,0
20,6,R20_I06,1,FIXED,Fixed order + fixed direction,1,NaN,892.419692520034,21525.3558957404,967.267303814717,3274.86916090885,253.643478242237,11863.8758292301,15,12,25,0,25.8097032264796,6.53e-05,0,18-13-21-20-16-24-17-14-3-23-25-9-6-7-12-22-15-8-19-5,M001_S006200|M002_S000000|M002_S011200|M005_S006200|M005_S011200|M007_S007800|M008_S005000|M009_S005000|M009_S010000|F002_S000000|F003_S000000|F010_S000000|F021_S005000|F073_S005000|F132_S000000|F177_S000000|F195_S001400|F301_S000000|F301_S005000|F301_S010000,++++++++++++++++++++,1,0,NaN
20,6,R20_I06,2,NN_DP,Nearest neighbour-DP,1,NaN,727.160488798219,13768.3504001139,528.294879916795,2708.93894013184,88.8691841811588,4106.87033360369,10,4,25,18.5181036576134,2.51213197166428,0.0008832,0,25-23-17-7-22-15-24-14-3-16-20-6-9-21-12-13-18-8-19-5,F003_S000000|F002_S000000|M008_S005000|F073_S005000|F177_S000000|F195_S001400|M007_S007800|M009_S005000|M009_S010000|M005_S011200|M005_S006200|F021_S005000|F010_S000000|M002_S011200|F132_S000000|M002_S000000|M001_S006200|F301_S000000|F301_S005000|F301_S010000,+--++-+++--+--+--+++,1,0,NaN
20,6,R20_I06,3,JOINT_GA,Joint-encoding GA,1,22268001,724.645031722988,13741.4323959119,512.94372114459,2700.18532652124,86.3537271059273,4079.95232940161,9,4,25,18.7999729503145,2.15751305103046,1.0000068,150,17-7-22-15-24-14-3-16-20-6-9-21-12-13-18-8-19-5-25-23,M008_S005000|F073_S005000|F177_S000000|F195_S001400|M007_S007800|M009_S005000|M009_S010000|M005_S011200|M005_S006200|F021_S005000|F010_S000000|M002_S011200|F132_S000000|M002_S000000|M001_S006200|F301_S000000|F301_S005000|F301_S010000|F003_S000000|F002_S000000,-++-+++--+--+--++++-,1,0,NaN
20,6,R20_I06,3,JOINT_GA,Joint-encoding GA,2,22268002,724.645031722988,13741.4323959119,512.94372114459,2700.18532652124,86.3537271059273,4079.95232940161,9,4,25,18.7999729503145,2.15751305103046,1.1427002,150,17-7-22-15-24-14-3-16-20-6-9-21-12-13-18-8-19-5-25-23,M008_S005000|F073_S005000|F177_S000000|F195_S001400|M007_S007800|M009_S005000|M009_S010000|M005_S011200|M005_S006200|F021_S005000|F010_S000000|M002_S011200|F132_S000000|M002_S000000|M001_S006200|F301_S000000|F301_S005000|F301_S010000|F003_S000000|F002_S000000,-++-+++--+--+--++++-,1,0,NaN
20,6,R20_I06,3,JOINT_GA,Joint-encoding GA,3,22268003,724.645031722988,13741.4323959119,512.94372114459,2700.18532652124,86.3537271059273,4079.95232940161,9,4,25,18.7999729503145,2.15751305103046,1.1290181,150,17-7-22-15-24-14-3-16-20-6-9-21-12-13-18-8-19-5-25-23,M008_S005000|F073_S005000|F177_S000000|F195_S001400|M007_S007800|M009_S005000|M009_S010000|M005_S011200|M005_S006200|F021_S005000|F010_S000000|M002_S011200|F132_S000000|M002_S000000|M001_S006200|F301_S000000|F301_S005000|F301_S010000|F003_S000000|F002_S000000,-++-+++--+--+--++++-,1,0,NaN
20,6,R20_I06,3,JOINT_GA,Joint-encoding GA,4,22268004,724.645031722988,13741.4323959119,512.94372114459,2700.18532652124,86.3537271059273,4079.95232940161,9,4,25,18.7999729503145,2.15751305103046,1.1247278,150,17-7-22-15-24-14-3-16-20-6-9-21-12-13-18-8-19-5-25-23,M008_S005000|F073_S005000|F177_S000000|F195_S001400|M007_S007800|M009_S005000|M009_S010000|M005_S011200|M005_S006200|F021_S005000|F010_S000000|M002_S011200|F132_S000000|M002_S000000|M001_S006200|F301_S000000|F301_S005000|F301_S010000|F003_S000000|F002_S000000,-++-+++--+--+--++++-,1,0,NaN
20,6,R20_I06,3,JOINT_GA,Joint-encoding GA,5,22268005,724.645031722988,13741.4323959119,512.94372114459,2700.18532652124,86.3537271059273,4079.95232940161,9,4,25,18.7999729503145,2.15751305103046,1.1764957,150,17-7-22-15-24-14-3-16-20-6-9-21-12-13-18-8-19-5-25-23,M008_S005000|F073_S005000|F177_S000000|F195_S001400|M007_S007800|M009_S005000|M009_S010000|M005_S011200|M005_S006200|F021_S005000|F010_S000000|M002_S011200|F132_S000000|M002_S000000|M001_S006200|F301_S000000|F301_S005000|F301_S010000|F003_S000000|F002_S000000,-++-+++--+--+--++++-,1,0,NaN
20,6,R20_I06,3,JOINT_GA,Joint-encoding GA,6,22268006,724.645031722988,13741.4323959119,512.94372114459,2700.18532652124,86.3537271059273,4079.95232940161,9,4,25,18.7999729503145,2.15751305103046,1.1806405,150,17-7-22-15-24-14-3-16-20-6-9-21-12-13-18-8-19-5-25-23,M008_S005000|F073_S005000|F177_S000000|F195_S001400|M007_S007800|M009_S005000|M009_S010000|M005_S011200|M005_S006200|F021_S005000|F010_S000000|M002_S011200|F132_S000000|M002_S000000|M001_S006200|F301_S000000|F301_S005000|F301_S010000|F003_S000000|F002_S000000,-++-+++--+--+--++++-,1,0,NaN
20,6,R20_I06,3,JOINT_GA,Joint-encoding GA,7,22268007,724.645031722988,13741.4323959119,512.94372114459,2700.18532652124,86.3537271059273,4079.95232940161,9,4,25,18.7999729503145,2.15751305103046,1.1800301,150,17-7-22-15-24-14-3-16-20-6-9-21-12-13-18-8-19-5-25-23,M008_S005000|F073_S005000|F177_S000000|F195_S001400|M007_S007800|M009_S005000|M009_S010000|M005_S011200|M005_S006200|F021_S005000|F010_S000000|M002_S011200|F132_S000000|M002_S000000|M001_S006200|F301_S000000|F301_S005000|F301_S010000|F003_S000000|F002_S000000,-++-+++--+--+--++++-,1,0,NaN
20,6,R20_I06,3,JOINT_GA,Joint-encoding GA,8,22268008,727.160488798219,13768.3504001139,528.294879916795,2708.93894013184,88.8691841811588,4106.87033360369,10,4,25,18.5181036576134,2.51213197166428,1.2441072,150,25-23-17-7-22-15-24-14-3-16-20-6-9-21-12-13-18-8-19-5,F003_S000000|F002_S000000|M008_S005000|F073_S005000|F177_S000000|F195_S001400|M007_S007800|M009_S005000|M009_S010000|M005_S011200|M005_S006200|F021_S005000|F010_S000000|M002_S011200|F132_S000000|M002_S000000|M001_S006200|F301_S000000|F301_S005000|F301_S010000,+--++-+++--+--+--+++,1,0,NaN
20,6,R20_I06,3,JOINT_GA,Joint-encoding GA,9,22268009,727.160488798219,13768.3504001139,528.294879916795,2708.93894013184,88.8691841811588,4106.87033360369,10,4,25,18.5181036576134,2.51213197166428,1.2667698,150,25-23-17-7-22-15-24-14-3-16-20-6-9-21-12-13-18-8-19-5,F003_S000000|F002_S000000|M008_S005000|F073_S005000|F177_S000000|F195_S001400|M007_S007800|M009_S005000|M009_S010000|M005_S011200|M005_S006200|F021_S005000|F010_S000000|M002_S011200|F132_S000000|M002_S000000|M001_S006200|F301_S000000|F301_S005000|F301_S010000,+--++-+++--+--+--+++,1,0,NaN
20,6,R20_I06,3,JOINT_GA,Joint-encoding GA,10,22268010,727.160488798219,13768.3504001139,528.294879916795,2708.93894013184,88.8691841811588,4106.87033360369,10,4,25,18.5181036576134,2.51213197166428,1.2133738,150,25-23-17-7-22-15-24-14-3-16-20-6-9-21-12-13-18-8-19-5,F003_S000000|F002_S000000|M008_S005000|F073_S005000|F177_S000000|F195_S001400|M007_S007800|M009_S005000|M009_S010000|M005_S011200|M005_S006200|F021_S005000|F010_S000000|M002_S011200|F132_S000000|M002_S000000|M001_S006200|F301_S000000|F301_S005000|F301_S010000,+--++-+++--+--+--+++,1,0,NaN
20,6,R20_I06,3,JOINT_GA,Joint-encoding GA,11,22268011,723.652554799324,13543.1046163951,539.302828795811,2687.75529212528,85.3612501822638,3881.6245498848,8,5,25,18.9111848534115,2.01759768579163,1.2410393,150,25-23-12-7-22-15-24-14-3-16-20-6-9-21-17-13-18-8-19-5,F003_S000000|F002_S000000|F132_S000000|F073_S005000|F177_S000000|F195_S001400|M007_S007800|M009_S005000|M009_S010000|M005_S011200|M005_S006200|F021_S005000|F010_S000000|M002_S011200|M008_S005000|M002_S000000|M001_S006200|F301_S000000|F301_S005000|F301_S010000,+-+++-+++--+-----+++,1,0,NaN
20,6,R20_I06,3,JOINT_GA,Joint-encoding GA,12,22268012,724.645031722988,13741.4323959119,512.94372114459,2700.18532652124,86.3537271059273,4079.95232940161,9,4,25,18.7999729503145,2.15751305103046,1.1305169,150,17-7-22-15-24-14-3-16-20-6-9-21-12-13-18-8-19-5-25-23,M008_S005000|F073_S005000|F177_S000000|F195_S001400|M007_S007800|M009_S005000|M009_S010000|M005_S011200|M005_S006200|F021_S005000|F010_S000000|M002_S011200|F132_S000000|M002_S000000|M001_S006200|F301_S000000|F301_S005000|F301_S010000|F003_S000000|F002_S000000,-++-+++--+--+--++++-,1,0,NaN
20,6,R20_I06,3,JOINT_GA,Joint-encoding GA,13,22268013,724.645031722988,13741.4323959119,512.94372114459,2700.18532652124,86.3537271059273,4079.95232940161,9,4,25,18.7999729503145,2.15751305103046,1.179966,150,17-7-22-15-24-14-3-16-20-6-9-21-12-13-18-8-19-5-25-23,M008_S005000|F073_S005000|F177_S000000|F195_S001400|M007_S007800|M009_S005000|M009_S010000|M005_S011200|M005_S006200|F021_S005000|F010_S000000|M002_S011200|F132_S000000|M002_S000000|M001_S006200|F301_S000000|F301_S005000|F301_S010000|F003_S000000|F002_S000000,-++-+++--+--+--++++-,1,0,NaN
20,6,R20_I06,3,JOINT_GA,Joint-encoding GA,14,22268014,724.645031722988,13741.4323959119,512.94372114459,2700.18532652124,86.3537271059273,4079.95232940161,9,4,25,18.7999729503145,2.15751305103046,1.1259963,150,17-7-22-15-24-14-3-16-20-6-9-21-12-13-18-8-19-5-25-23,M008_S005000|F073_S005000|F177_S000000|F195_S001400|M007_S007800|M009_S005000|M009_S010000|M005_S011200|M005_S006200|F021_S005000|F010_S000000|M002_S011200|F132_S000000|M002_S000000|M001_S006200|F301_S000000|F301_S005000|F301_S010000|F003_S000000|F002_S000000,-++-+++--+--+--++++-,1,0,NaN
20,6,R20_I06,3,JOINT_GA,Joint-encoding GA,15,22268015,724.645031722988,13741.4323959119,512.94372114459,2700.18532652124,86.3537271059273,4079.95232940161,9,4,25,18.7999729503145,2.15751305103046,1.1121332,150,17-7-22-15-24-14-3-16-20-6-9-21-12-13-18-8-19-5-25-23,M008_S005000|F073_S005000|F177_S000000|F195_S001400|M007_S007800|M009_S005000|M009_S010000|M005_S011200|M005_S006200|F021_S005000|F010_S000000|M002_S011200|F132_S000000|M002_S000000|M001_S006200|F301_S000000|F301_S005000|F301_S010000|F003_S000000|F002_S000000,-++-+++--+--+--++++-,1,0,NaN
20,6,R20_I06,3,JOINT_GA,Joint-encoding GA,16,22268016,724.645031722988,13741.4323959119,512.94372114459,2700.18532652124,86.3537271059273,4079.95232940161,9,4,25,18.7999729503145,2.15751305103046,1.1692284,150,17-7-22-15-24-14-3-16-20-6-9-21-12-13-18-8-19-5-25-23,M008_S005000|F073_S005000|F177_S000000|F195_S001400|M007_S007800|M009_S005000|M009_S010000|M005_S011200|M005_S006200|F021_S005000|F010_S000000|M002_S011200|F132_S000000|M002_S000000|M001_S006200|F301_S000000|F301_S005000|F301_S010000|F003_S000000|F002_S000000,-++-+++--+--+--++++-,1,0,NaN
20,6,R20_I06,3,JOINT_GA,Joint-encoding GA,17,22268017,724.645031722988,13741.4323959119,512.94372114459,2700.18532652124,86.3537271059273,4079.95232940161,9,4,25,18.7999729503145,2.15751305103046,1.0646505,150,17-7-22-15-24-14-3-16-20-6-9-21-12-13-18-8-19-5-25-23,M008_S005000|F073_S005000|F177_S000000|F195_S001400|M007_S007800|M009_S005000|M009_S010000|M005_S011200|M005_S006200|F021_S005000|F010_S000000|M002_S011200|F132_S000000|M002_S000000|M001_S006200|F301_S000000|F301_S005000|F301_S010000|F003_S000000|F002_S000000,-++-+++--+--+--++++-,1,0,NaN
20,6,R20_I06,3,JOINT_GA,Joint-encoding GA,18,22268018,723.652554799324,13543.1046163951,539.302828795811,2687.75529212528,85.3612501822638,3881.6245498848,8,5,25,18.9111848534115,2.01759768579163,1.1321442,150,25-23-12-7-22-15-24-14-3-16-20-6-9-21-17-13-18-8-19-5,F003_S000000|F002_S000000|F132_S000000|F073_S005000|F177_S000000|F195_S001400|M007_S007800|M009_S005000|M009_S010000|M005_S011200|M005_S006200|F021_S005000|F010_S000000|M002_S011200|M008_S005000|M002_S000000|M001_S006200|F301_S000000|F301_S005000|F301_S010000,+-+++-+++--+-----+++,1,0,NaN
20,6,R20_I06,3,JOINT_GA,Joint-encoding GA,19,22268019,724.645031722988,13741.4323959119,512.94372114459,2700.18532652124,86.3537271059273,4079.95232940161,9,4,25,18.7999729503145,2.15751305103046,0.3810348,150,17-7-22-15-24-14-3-16-20-6-9-21-12-13-18-8-19-5-25-23,M008_S005000|F073_S005000|F177_S000000|F195_S001400|M007_S007800|M009_S005000|M009_S010000|M005_S011200|M005_S006200|F021_S005000|F010_S000000|M002_S011200|F132_S000000|M002_S000000|M001_S006200|F301_S000000|F301_S005000|F301_S010000|F003_S000000|F002_S000000,-++-+++--+--+--++++-,1,0,NaN
20,6,R20_I06,3,JOINT_GA,Joint-encoding GA,20,22268020,723.652554799324,13543.1046163951,539.302828795811,2687.75529212528,85.3612501822638,3881.6245498848,8,5,25,18.9111848534115,2.01759768579163,0.3758466,150,25-23-12-7-22-15-24-14-3-16-20-6-9-21-17-13-18-8-19-5,F003_S000000|F002_S000000|F132_S000000|F073_S005000|F177_S000000|F195_S001400|M007_S007800|M009_S005000|M009_S010000|M005_S011200|M005_S006200|F021_S005000|F010_S000000|M002_S011200|M008_S005000|M002_S000000|M001_S006200|F301_S000000|F301_S005000|F301_S010000,+-+++-+++--+-----+++,1,0,NaN
20,6,R20_I06,4,GA_DP,Proposed GA-DP,1,22268501,709.340909034275,12982.3332733459,496.621972966176,2658.29074399054,70.8020361052871,3320.85320683564,8,4,25,20.5148748980177,0,0.6526773,150,25-5-19-8-18-13-17-23-12-7-22-20-16-3-14-24-15-6-9-21,F003_S000000|F301_S010000|F301_S005000|F301_S000000|M001_S006200|M002_S000000|M008_S005000|F002_S000000|F132_S000000|F073_S005000|F177_S000000|M005_S006200|M005_S011200|M009_S010000|M009_S005000|M007_S007800|F195_S001400|F021_S005000|F010_S000000|M002_S011200,+---+++++++++---++--,1,0,NaN
20,6,R20_I06,4,GA_DP,Proposed GA-DP,2,22268502,715.005979648355,13206.816567662,513.490639912225,2660.54399740398,76.7195047059475,3545.33650115173,9,3,25,19.8800759730766,0.79863864355326,0.639926,150,13-18-8-19-5-23-25-17-7-22-20-16-3-14-24-15-6-9-21-12,M002_S000000|M001_S006200|F301_S000000|F301_S005000|F301_S010000|F002_S000000|F003_S000000|M008_S005000|F073_S005000|F177_S000000|M005_S006200|M005_S011200|M009_S010000|M009_S005000|M007_S007800|F195_S001400|F021_S005000|F010_S000000|M002_S011200|F132_S000000,--+++---++++---++--+,1,0,NaN
20,6,R20_I06,4,GA_DP,Proposed GA-DP,3,22268503,709.340909034275,12982.3332733459,496.621972966176,2658.29074399054,70.8020361052871,3320.85320683564,8,4,25,20.5148748980177,0,0.6368552,150,25-5-19-8-18-13-17-23-12-7-22-20-16-3-14-24-15-6-9-21,F003_S000000|F301_S010000|F301_S005000|F301_S000000|M001_S006200|M002_S000000|M008_S005000|F002_S000000|F132_S000000|F073_S005000|F177_S000000|M005_S006200|M005_S011200|M009_S010000|M009_S005000|M007_S007800|F195_S001400|F021_S005000|F010_S000000|M002_S011200,+---+++++++++---++--,1,0,NaN
20,6,R20_I06,4,GA_DP,Proposed GA-DP,4,22268504,709.340909034275,12982.3332733459,496.621972966176,2658.29074399054,70.8020361052871,3320.85320683564,8,4,25,20.5148748980177,0,0.6092416,150,25-5-19-8-18-13-17-23-12-7-22-20-16-3-14-24-15-6-9-21,F003_S000000|F301_S010000|F301_S005000|F301_S000000|M001_S006200|M002_S000000|M008_S005000|F002_S000000|F132_S000000|F073_S005000|F177_S000000|M005_S006200|M005_S011200|M009_S010000|M009_S005000|M007_S007800|F195_S001400|F021_S005000|F010_S000000|M002_S011200,+---+++++++++---++--,1,0,NaN
20,6,R20_I06,4,GA_DP,Proposed GA-DP,5,22268505,720.466715155079,13578.4431284453,506.090091678311,2688.53182413651,81.9202261456607,3916.96306193506,9,4,25,19.2681737982933,1.56847095368447,0.6463369,150,5-19-8-18-13-12-21-9-6-15-24-14-3-16-20-22-7-17-25-23,F301_S010000|F301_S005000|F301_S000000|M001_S006200|M002_S000000|F132_S000000|M002_S011200|F010_S000000|F021_S005000|F195_S001400|M007_S007800|M009_S005000|M009_S010000|M005_S011200|M005_S006200|F177_S000000|F073_S005000|M008_S005000|F003_S000000|F002_S000000,---++-++--+++----++-,1,0,NaN
20,6,R20_I06,4,GA_DP,Proposed GA-DP,6,22268506,709.340909034275,12982.3332733459,496.621972966176,2658.29074399054,70.8020361052871,3320.85320683564,8,4,25,20.5148748980177,0,0.6773028,150,25-5-19-8-18-13-17-23-12-7-22-20-16-3-14-24-15-6-9-21,F003_S000000|F301_S010000|F301_S005000|F301_S000000|M001_S006200|M002_S000000|M008_S005000|F002_S000000|F132_S000000|F073_S005000|F177_S000000|M005_S006200|M005_S011200|M009_S010000|M009_S005000|M007_S007800|F195_S001400|F021_S005000|F010_S000000|M002_S011200,+---+++++++++---++--,1,0,NaN
20,6,R20_I06,4,GA_DP,Proposed GA-DP,7,22268507,709.340909034275,12982.3332733459,496.621972966176,2658.29074399054,70.8020361052871,3320.85320683564,8,4,25,20.5148748980177,0,0.6841191,150,25-5-19-8-18-13-17-23-12-7-22-20-16-3-14-24-15-6-9-21,F003_S000000|F301_S010000|F301_S005000|F301_S000000|M001_S006200|M002_S000000|M008_S005000|F002_S000000|F132_S000000|F073_S005000|F177_S000000|M005_S006200|M005_S011200|M009_S010000|M009_S005000|M007_S007800|F195_S001400|F021_S005000|F010_S000000|M002_S011200,+---+++++++++---++--,1,0,NaN
20,6,R20_I06,4,GA_DP,Proposed GA-DP,8,22268508,709.340909034275,12982.3332733459,496.621972966176,2658.29074399054,70.8020361052871,3320.85320683564,8,4,25,20.5148748980177,0,0.695811,150,25-5-19-8-18-13-17-23-12-7-22-20-16-3-14-24-15-6-9-21,F003_S000000|F301_S010000|F301_S005000|F301_S000000|M001_S006200|M002_S000000|M008_S005000|F002_S000000|F132_S000000|F073_S005000|F177_S000000|M005_S006200|M005_S011200|M009_S010000|M009_S005000|M007_S007800|F195_S001400|F021_S005000|F010_S000000|M002_S011200,+---+++++++++---++--,1,0,NaN
20,6,R20_I06,4,GA_DP,Proposed GA-DP,9,22268509,712.220581286883,13021.2515772888,523.293684377317,2647.48690936294,73.7980728939061,3359.77151077849,9,4,25,20.1921935097937,0.405964496891647,0.6916981,150,13-18-8-19-5-23-25-17-12-7-22-20-16-3-14-24-15-6-9-21,M002_S000000|M001_S006200|F301_S000000|F301_S005000|F301_S010000|F002_S000000|F003_S000000|M008_S005000|F132_S000000|F073_S005000|F177_S000000|M005_S006200|M005_S011200|M009_S010000|M009_S005000|M007_S007800|F195_S001400|F021_S005000|F010_S000000|M002_S011200,--+++----++++---++--,1,0,NaN
20,6,R20_I06,4,GA_DP,Proposed GA-DP,10,22268510,709.340909034275,12982.3332733459,496.621972966176,2658.29074399054,70.8020361052871,3320.85320683564,8,4,25,20.5148748980177,0,0.7401277,150,25-5-19-8-18-13-17-23-12-7-22-20-16-3-14-24-15-6-9-21,F003_S000000|F301_S010000|F301_S005000|F301_S000000|M001_S006200|M002_S000000|M008_S005000|F002_S000000|F132_S000000|F073_S005000|F177_S000000|M005_S006200|M005_S011200|M009_S010000|M009_S005000|M007_S007800|F195_S001400|F021_S005000|F010_S000000|M002_S011200,+---+++++++++---++--,1,0,NaN
20,6,R20_I06,4,GA_DP,Proposed GA-DP,11,22268511,709.340909034275,12982.3332733459,496.621972966176,2658.29074399054,70.8020361052871,3320.85320683564,8,4,25,20.5148748980177,0,0.7164828,150,25-5-19-8-18-13-17-23-12-7-22-20-16-3-14-24-15-6-9-21,F003_S000000|F301_S010000|F301_S005000|F301_S000000|M001_S006200|M002_S000000|M008_S005000|F002_S000000|F132_S000000|F073_S005000|F177_S000000|M005_S006200|M005_S011200|M009_S010000|M009_S005000|M007_S007800|F195_S001400|F021_S005000|F010_S000000|M002_S011200,+---+++++++++---++--,1,0,NaN
20,6,R20_I06,4,GA_DP,Proposed GA-DP,12,22268512,709.340909034275,12982.3332733459,496.621972966176,2658.29074399054,70.8020361052871,3320.85320683564,8,4,25,20.5148748980177,0,0.6579333,150,25-5-19-8-18-13-17-23-12-7-22-20-16-3-14-24-15-6-9-21,F003_S000000|F301_S010000|F301_S005000|F301_S000000|M001_S006200|M002_S000000|M008_S005000|F002_S000000|F132_S000000|F073_S005000|F177_S000000|M005_S006200|M005_S011200|M009_S010000|M009_S005000|M007_S007800|F195_S001400|F021_S005000|F010_S000000|M002_S011200,+---+++++++++---++--,1,0,NaN
20,6,R20_I06,4,GA_DP,Proposed GA-DP,13,22268513,712.220581286883,13021.2515772888,523.293684377317,2647.48690936294,73.7980728939061,3359.77151077849,9,4,25,20.1921935097937,0.405964496891647,0.636814,150,13-18-8-19-5-23-25-17-12-7-22-20-16-3-14-24-15-6-9-21,M002_S000000|M001_S006200|F301_S000000|F301_S005000|F301_S010000|F002_S000000|F003_S000000|M008_S005000|F132_S000000|F073_S005000|F177_S000000|M005_S006200|M005_S011200|M009_S010000|M009_S005000|M007_S007800|F195_S001400|F021_S005000|F010_S000000|M002_S011200,--+++----++++---++--,1,0,NaN
20,6,R20_I06,4,GA_DP,Proposed GA-DP,14,22268514,719.576957920524,13571.3108552906,503.329717045771,2692.44665711161,80.9680969898138,3909.83078878034,10,5,25,19.3678754568305,1.443036592967,0.6374956,150,5-19-8-18-13-12-23-25-17-7-22-20-16-3-14-24-15-6-9-21,F301_S010000|F301_S005000|F301_S000000|M001_S006200|M002_S000000|F132_S000000|F002_S000000|F003_S000000|M008_S005000|F073_S005000|F177_S000000|M005_S006200|M005_S011200|M009_S010000|M009_S005000|M007_S007800|F195_S001400|F021_S005000|F010_S000000|M002_S011200,---++-+--++++---++--,1,0,NaN
20,6,R20_I06,4,GA_DP,Proposed GA-DP,15,22268515,709.340909034275,12982.3332733459,496.621972966176,2658.29074399054,70.8020361052871,3320.85320683564,8,4,25,20.5148748980177,0,0.6389124,150,25-5-19-8-18-13-17-23-12-7-22-20-16-3-14-24-15-6-9-21,F003_S000000|F301_S010000|F301_S005000|F301_S000000|M001_S006200|M002_S000000|M008_S005000|F002_S000000|F132_S000000|F073_S005000|F177_S000000|M005_S006200|M005_S011200|M009_S010000|M009_S005000|M007_S007800|F195_S001400|F021_S005000|F010_S000000|M002_S011200,+---+++++++++---++--,1,0,NaN
20,6,R20_I06,4,GA_DP,Proposed GA-DP,16,22268516,709.340909034275,12982.3332733459,496.621972966176,2658.29074399054,70.8020361052871,3320.85320683564,8,4,25,20.5148748980177,0,0.6872697,150,25-5-19-8-18-13-17-23-12-7-22-20-16-3-14-24-15-6-9-21,F003_S000000|F301_S010000|F301_S005000|F301_S000000|M001_S006200|M002_S000000|M008_S005000|F002_S000000|F132_S000000|F073_S005000|F177_S000000|M005_S006200|M005_S011200|M009_S010000|M009_S005000|M007_S007800|F195_S001400|F021_S005000|F010_S000000|M002_S011200,+---+++++++++---++--,1,0,NaN
20,6,R20_I06,4,GA_DP,Proposed GA-DP,17,22268517,709.340909034275,12982.3332733459,496.621972966176,2658.29074399054,70.8020361052871,3320.85320683564,8,4,25,20.5148748980177,0,0.6518244,150,25-5-19-8-18-13-17-23-12-7-22-20-16-3-14-24-15-6-9-21,F003_S000000|F301_S010000|F301_S005000|F301_S000000|M001_S006200|M002_S000000|M008_S005000|F002_S000000|F132_S000000|F073_S005000|F177_S000000|M005_S006200|M005_S011200|M009_S010000|M009_S005000|M007_S007800|F195_S001400|F021_S005000|F010_S000000|M002_S011200,+---+++++++++---++--,1,0,NaN
20,6,R20_I06,4,GA_DP,Proposed GA-DP,18,22268518,709.340909034275,12982.3332733459,496.621972966176,2658.29074399054,70.8020361052871,3320.85320683564,8,4,25,20.5148748980177,0,0.6214292,150,25-5-19-8-18-13-17-23-12-7-22-20-16-3-14-24-15-6-9-21,F003_S000000|F301_S010000|F301_S005000|F301_S000000|M001_S006200|M002_S000000|M008_S005000|F002_S000000|F132_S000000|F073_S005000|F177_S000000|M005_S006200|M005_S011200|M009_S010000|M009_S005000|M007_S007800|F195_S001400|F021_S005000|F010_S000000|M002_S011200,+---+++++++++---++--,1,0,NaN
20,6,R20_I06,4,GA_DP,Proposed GA-DP,19,22268519,709.340909034275,12982.3332733459,496.621972966176,2658.29074399054,70.8020361052871,3320.85320683564,8,4,25,20.5148748980177,0,0.212948,150,25-5-19-8-18-13-17-23-12-7-22-20-16-3-14-24-15-6-9-21,F003_S000000|F301_S010000|F301_S005000|F301_S000000|M001_S006200|M002_S000000|M008_S005000|F002_S000000|F132_S000000|F073_S005000|F177_S000000|M005_S006200|M005_S011200|M009_S010000|M009_S005000|M007_S007800|F195_S001400|F021_S005000|F010_S000000|M002_S011200,+---+++++++++---++--,1,0,NaN
20,6,R20_I06,4,GA_DP,Proposed GA-DP,20,22268520,709.340909034275,12982.3332733459,496.621972966176,2658.29074399054,70.8020361052871,3320.85320683564,8,4,25,20.5148748980177,0,0.2089131,150,25-5-19-8-18-13-17-23-12-7-22-20-16-3-14-24-15-6-9-21,F003_S000000|F301_S010000|F301_S005000|F301_S000000|M001_S006200|M002_S000000|M008_S005000|F002_S000000|F132_S000000|F073_S005000|F177_S000000|M005_S006200|M005_S011200|M009_S010000|M009_S005000|M007_S007800|F195_S001400|F021_S005000|F010_S000000|M002_S011200,+---+++++++++---++--,1,0,NaN
20,6,R20_I06,5,EXACT,Exact optimum,1,NaN,709.340909034275,12982.3332733459,496.621972966176,2658.29074399054,70.8020361052871,3320.85320683564,8,4,25,20.5148748980177,0,0.6814723,0,25-5-19-8-18-13-17-23-12-7-22-20-16-3-14-24-15-6-9-21,F003_S000000|F301_S010000|F301_S005000|F301_S000000|M001_S006200|M002_S000000|M008_S005000|F002_S000000|F132_S000000|F073_S005000|F177_S000000|M005_S006200|M005_S011200|M009_S010000|M009_S005000|M007_S007800|F195_S001400|F021_S005000|F010_S000000|M002_S011200,+---+++++++++---++--,1,1,0
20,7,R20_I07,1,FIXED,Fixed order + fixed direction,1,NaN,896.310583920461,21544.5241669707,943.284181061964,3305.41876862188,256.773609702288,11872.4513849809,15,12,25,0,23.6383353877316,3.27e-05,0,4-18-13-21-20-16-24-17-14-3-23-25-11-6-12-22-10-8-19-5,M001_S001200|M001_S006200|M002_S000000|M002_S011200|M005_S006200|M005_S011200|M007_S007800|M008_S005000|M009_S005000|M009_S010000|F002_S000000|F003_S000000|F005_S005000|F021_S005000|F132_S000000|F177_S000000|F300_S005000|F301_S000000|F301_S005000|F301_S010000,++++++++++++++++++++,1,0,NaN
20,7,R20_I07,2,NN_DP,Nearest neighbour-DP,1,NaN,740.352727820672,14784.9769166419,499.231017905329,2777.45852075578,101.10380619641,5112.90413465203,11,4,25,17.3999793037844,2.12529061872274,0.0003544,0,25-11-18-4-8-19-5-10-13-17-12-21-23-20-16-3-14-24-22-6,F003_S000000|F005_S005000|M001_S006200|M001_S001200|F301_S000000|F301_S005000|F301_S010000|F300_S005000|M002_S000000|M008_S005000|F132_S000000|M002_S011200|F002_S000000|M005_S006200|M005_S011200|M009_S010000|M009_S005000|M007_S007800|F177_S000000|F021_S005000,+--++++++--+-++---+-,1,0,NaN
20,7,R20_I07,3,JOINT_GA,Joint-encoding GA,1,22269001,740.352727820672,14784.9769166419,499.231017905329,2777.45852075578,101.10380619641,5112.90413465203,11,4,25,17.3999793037844,2.12529061872274,0.3653782,150,25-11-18-4-8-19-5-10-13-17-12-21-23-20-16-3-14-24-22-6,F003_S000000|F005_S005000|M001_S006200|M001_S001200|F301_S000000|F301_S005000|F301_S010000|F300_S005000|M002_S000000|M008_S005000|F132_S000000|M002_S011200|F002_S000000|M005_S006200|M005_S011200|M009_S010000|M009_S005000|M007_S007800|F177_S000000|F021_S005000,+--++++++--+-++---+-,1,0,NaN
20,7,R20_I07,3,JOINT_GA,Joint-encoding GA,2,22269002,738.791044454037,14615.9077841623,491.604659907351,2773.24941351578,99.5421228297756,4943.83500217247,10,3,25,17.5742139267656,1.90986983119966,0.3642219,150,25-11-18-4-8-19-5-10-13-17-12-21-6-20-16-3-14-24-22-23,F003_S000000|F005_S005000|M001_S006200|M001_S001200|F301_S000000|F301_S005000|F301_S010000|F300_S005000|M002_S000000|M008_S005000|F132_S000000|M002_S011200|F021_S005000|M005_S006200|M005_S011200|M009_S010000|M009_S005000|M007_S007800|F177_S000000|F002_S000000,+--++++++--+-++---+-,1,0,NaN
20,7,R20_I07,3,JOINT_GA,Joint-encoding GA,3,22269003,740.352727820672,14784.9769166419,499.231017905329,2777.45852075578,101.10380619641,5112.90413465203,11,4,25,17.3999793037844,2.12529061872274,0.3663282,150,25-11-18-4-8-19-5-10-13-17-12-21-23-20-16-3-14-24-22-6,F003_S000000|F005_S005000|M001_S006200|M001_S001200|F301_S000000|F301_S005000|F301_S010000|F300_S005000|M002_S000000|M008_S005000|F132_S000000|M002_S011200|F002_S000000|M005_S006200|M005_S011200|M009_S010000|M009_S005000|M007_S007800|F177_S000000|F021_S005000,+--++++++--+-++---+-,1,0,NaN
20,7,R20_I07,3,JOINT_GA,Joint-encoding GA,4,22269004,734.413984427859,14432.92105577,494.226100496266,2747.91395711149,95.2987714684917,4760.84827378018,10,4,25,18.0625558145778,1.30609205010761,0.3634249,150,25-11-18-4-8-19-5-10-13-17-23-21-12-20-16-3-14-24-22-6,F003_S000000|F005_S005000|M001_S006200|M001_S001200|F301_S000000|F301_S005000|F301_S010000|F300_S005000|M002_S000000|M008_S005000|F002_S000000|M002_S011200|F132_S000000|M005_S006200|M005_S011200|M009_S010000|M009_S005000|M007_S007800|F177_S000000|F021_S005000,+--++++++++-+++---+-,1,0,NaN
20,7,R20_I07,3,JOINT_GA,Joint-encoding GA,5,22269005,740.352727820672,14784.9769166419,499.231017905329,2777.45852075578,101.10380619641,5112.90413465203,11,4,25,17.3999793037844,2.12529061872274,0.360066,150,25-11-18-4-8-19-5-10-13-17-12-21-23-20-16-3-14-24-22-6,F003_S000000|F005_S005000|M001_S006200|M001_S001200|F301_S000000|F301_S005000|F301_S010000|F300_S005000|M002_S000000|M008_S005000|F132_S000000|M002_S011200|F002_S000000|M005_S006200|M005_S011200|M009_S010000|M009_S005000|M007_S007800|F177_S000000|F021_S005000,+--++++++--+-++---+-,1,0,NaN
20,7,R20_I07,3,JOINT_GA,Joint-encoding GA,6,22269006,738.176480022455,14778.6948694903,458.31291125283,2781.74293250601,98.972808307045,5106.62208750046,12,5,25,17.6427799397757,1.82509595407221,0.3620295,150,25-11-18-4-8-19-5-10-13-17-23-21-6-20-16-3-14-24-22-12,F003_S000000|F005_S005000|M001_S006200|M001_S001200|F301_S000000|F301_S005000|F301_S010000|F300_S005000|M002_S000000|M008_S005000|F002_S000000|M002_S011200|F021_S005000|M005_S006200|M005_S011200|M009_S010000|M009_S005000|M007_S007800|F177_S000000|F132_S000000,+--+++++++++-++-----,1,0,NaN
20,7,R20_I07,3,JOINT_GA,Joint-encoding GA,7,22269007,738.791044454037,14615.9077841623,491.604659907351,2773.24941351578,99.5421228297756,4943.83500217247,10,3,25,17.5742139267656,1.90986983119966,0.3609214,150,25-11-18-4-8-19-5-10-13-17-12-21-6-20-16-3-14-24-22-23,F003_S000000|F005_S005000|M001_S006200|M001_S001200|F301_S000000|F301_S005000|F301_S010000|F300_S005000|M002_S000000|M008_S005000|F132_S000000|M002_S011200|F021_S005000|M005_S006200|M005_S011200|M009_S010000|M009_S005000|M007_S007800|F177_S000000|F002_S000000,+--++++++--+-++---+-,1,0,NaN
20,7,R20_I07,3,JOINT_GA,Joint-encoding GA,8,22269008,738.791044454037,14615.9077841623,491.604659907351,2773.24941351578,99.5421228297756,4943.83500217247,10,3,25,17.5742139267656,1.90986983119966,0.3623401,150,25-11-18-4-8-19-5-10-13-17-12-21-6-20-16-3-14-24-22-23,F003_S000000|F005_S005000|M001_S006200|M001_S001200|F301_S000000|F301_S005000|F301_S010000|F300_S005000|M002_S000000|M008_S005000|F132_S000000|M002_S011200|F021_S005000|M005_S006200|M005_S011200|M009_S010000|M009_S005000|M007_S007800|F177_S000000|F002_S000000,+--++++++--+-++---+-,1,0,NaN
20,7,R20_I07,3,JOINT_GA,Joint-encoding GA,9,22269009,738.791044454037,14615.9077841623,491.604659907351,2773.24941351578,99.5421228297756,4943.83500217247,10,3,25,17.5742139267656,1.90986983119966,0.358249,150,25-11-18-4-8-19-5-10-13-17-12-21-6-20-16-3-14-24-22-23,F003_S000000|F005_S005000|M001_S006200|M001_S001200|F301_S000000|F301_S005000|F301_S010000|F300_S005000|M002_S000000|M008_S005000|F132_S000000|M002_S011200|F021_S005000|M005_S006200|M005_S011200|M009_S010000|M009_S005000|M007_S007800|F177_S000000|F002_S000000,+--++++++--+-++---+-,1,0,NaN
20,7,R20_I07,3,JOINT_GA,Joint-encoding GA,10,22269010,734.086592358466,14437.7281829119,498.334957095185,2751.46241561469,94.8376707342049,4765.65540092204,10,4,25,18.0990824466701,1.2609311302155,0.3608219,150,25-11-18-4-8-19-5-10-13-17-12-20-16-3-14-24-22-6-21-23,F003_S000000|F005_S005000|M001_S006200|M001_S001200|F301_S000000|F301_S005000|F301_S010000|F300_S005000|M002_S000000|M008_S005000|F132_S000000|M005_S006200|M005_S011200|M009_S010000|M009_S005000|M007_S007800|F177_S000000|F021_S005000|M002_S011200|F002_S000000,+--++++++--++---+-+-,1,0,NaN
20,7,R20_I07,3,JOINT_GA,Joint-encoding GA,11,22269011,740.352727820672,14784.9769166419,499.231017905329,2777.45852075578,101.10380619641,5112.90413465203,11,4,25,17.3999793037844,2.12529061872274,0.360145,150,25-11-18-4-8-19-5-10-13-17-12-21-23-20-16-3-14-24-22-6,F003_S000000|F005_S005000|M001_S006200|M001_S001200|F301_S000000|F301_S005000|F301_S010000|F300_S005000|M002_S000000|M008_S005000|F132_S000000|M002_S011200|F002_S000000|M005_S006200|M005_S011200|M009_S010000|M009_S005000|M007_S007800|F177_S000000|F021_S005000,+--++++++--+-++---+-,1,0,NaN
20,7,R20_I07,3,JOINT_GA,Joint-encoding GA,12,22269012,740.352727820672,14784.9769166419,499.231017905329,2777.45852075578,101.10380619641,5112.90413465203,11,4,25,17.3999793037844,2.12529061872274,0.3625394,150,25-11-18-4-8-19-5-10-13-17-12-21-23-20-16-3-14-24-22-6,F003_S000000|F005_S005000|M001_S006200|M001_S001200|F301_S000000|F301_S005000|F301_S010000|F300_S005000|M002_S000000|M008_S005000|F132_S000000|M002_S011200|F002_S000000|M005_S006200|M005_S011200|M009_S010000|M009_S005000|M007_S007800|F177_S000000|F021_S005000,+--++++++--+-++---+-,1,0,NaN
20,7,R20_I07,3,JOINT_GA,Joint-encoding GA,13,22269013,738.791044454037,14615.9077841623,491.604659907351,2773.24941351578,99.5421228297756,4943.83500217247,10,3,25,17.5742139267656,1.90986983119966,0.362757,150,25-11-18-4-8-19-5-10-13-17-12-21-6-20-16-3-14-24-22-23,F003_S000000|F005_S005000|M001_S006200|M001_S001200|F301_S000000|F301_S005000|F301_S010000|F300_S005000|M002_S000000|M008_S005000|F132_S000000|M002_S011200|F021_S005000|M005_S006200|M005_S011200|M009_S010000|M009_S005000|M007_S007800|F177_S000000|F002_S000000,+--++++++--+-++---+-,1,0,NaN
20,7,R20_I07,3,JOINT_GA,Joint-encoding GA,14,22269014,738.791044454037,14615.9077841623,491.604659907351,2773.24941351578,99.5421228297756,4943.83500217247,10,3,25,17.5742139267656,1.90986983119966,0.3611588,150,25-11-18-4-8-19-5-10-13-17-12-21-6-20-16-3-14-24-22-23,F003_S000000|F005_S005000|M001_S006200|M001_S001200|F301_S000000|F301_S005000|F301_S010000|F300_S005000|M002_S000000|M008_S005000|F132_S000000|M002_S011200|F021_S005000|M005_S006200|M005_S011200|M009_S010000|M009_S005000|M007_S007800|F177_S000000|F002_S000000,+--++++++--+-++---+-,1,0,NaN
20,7,R20_I07,3,JOINT_GA,Joint-encoding GA,15,22269015,738.791044454037,14615.9077841623,491.604659907351,2773.24941351578,99.5421228297756,4943.83500217247,10,3,25,17.5742139267656,1.90986983119966,0.3617766,150,25-11-18-4-8-19-5-10-13-17-12-21-6-20-16-3-14-24-22-23,F003_S000000|F005_S005000|M001_S006200|M001_S001200|F301_S000000|F301_S005000|F301_S010000|F300_S005000|M002_S000000|M008_S005000|F132_S000000|M002_S011200|F021_S005000|M005_S006200|M005_S011200|M009_S010000|M009_S005000|M007_S007800|F177_S000000|F002_S000000,+--++++++--+-++---+-,1,0,NaN
20,7,R20_I07,3,JOINT_GA,Joint-encoding GA,16,22269016,739.689103529242,14735.2663778902,493.021798017009,2771.86213076117,100.520876193834,5063.19359590032,11,4,25,17.4740188502691,2.03374935592036,0.3632728,150,25-11-18-4-8-19-5-10-13-17-12-23-21-20-16-3-14-24-22-6,F003_S000000|F005_S005000|M001_S006200|M001_S001200|F301_S000000|F301_S005000|F301_S010000|F300_S005000|M002_S000000|M008_S005000|F132_S000000|F002_S000000|M002_S011200|M005_S006200|M005_S011200|M009_S010000|M009_S005000|M007_S007800|F177_S000000|F021_S005000,+--++++++--+-++---+-,1,0,NaN
20,7,R20_I07,3,JOINT_GA,Joint-encoding GA,17,22269017,738.791044454037,14615.9077841623,491.604659907351,2773.24941351578,99.5421228297756,4943.83500217247,10,3,25,17.5742139267656,1.90986983119966,0.3647717,150,25-11-18-4-8-19-5-10-13-17-12-21-6-20-16-3-14-24-22-23,F003_S000000|F005_S005000|M001_S006200|M001_S001200|F301_S000000|F301_S005000|F301_S010000|F300_S005000|M002_S000000|M008_S005000|F132_S000000|M002_S011200|F021_S005000|M005_S006200|M005_S011200|M009_S010000|M009_S005000|M007_S007800|F177_S000000|F002_S000000,+--++++++--+-++---+-,1,0,NaN
20,7,R20_I07,3,JOINT_GA,Joint-encoding GA,18,22269018,738.791044454037,14615.9077841623,491.604659907351,2773.24941351578,99.5421228297756,4943.83500217247,10,3,25,17.5742139267656,1.90986983119966,0.3612643,150,25-11-18-4-8-19-5-10-13-17-12-21-6-20-16-3-14-24-22-23,F003_S000000|F005_S005000|M001_S006200|M001_S001200|F301_S000000|F301_S005000|F301_S010000|F300_S005000|M002_S000000|M008_S005000|F132_S000000|M002_S011200|F021_S005000|M005_S006200|M005_S011200|M009_S010000|M009_S005000|M007_S007800|F177_S000000|F002_S000000,+--++++++--+-++---+-,1,0,NaN
20,7,R20_I07,3,JOINT_GA,Joint-encoding GA,19,22269019,738.791044454037,14615.9077841623,491.604659907351,2773.24941351578,99.5421228297756,4943.83500217247,10,3,25,17.5742139267656,1.90986983119966,0.3615598,150,25-11-18-4-8-19-5-10-13-17-12-21-6-20-16-3-14-24-22-23,F003_S000000|F005_S005000|M001_S006200|M001_S001200|F301_S000000|F301_S005000|F301_S010000|F300_S005000|M002_S000000|M008_S005000|F132_S000000|M002_S011200|F021_S005000|M005_S006200|M005_S011200|M009_S010000|M009_S005000|M007_S007800|F177_S000000|F002_S000000,+--++++++--+-++---+-,1,0,NaN
20,7,R20_I07,3,JOINT_GA,Joint-encoding GA,20,22269020,739.648180197322,14602.1396864176,505.279185933376,2768.72036165603,100.507081244278,4930.06690442772,9,3,25,17.4785846037763,2.02810433428623,0.3605091,150,25-11-18-4-8-19-5-10-13-17-12-21-6-20-16-3-14-24-22-23,F003_S000000|F005_S005000|M001_S006200|M001_S001200|F301_S000000|F301_S005000|F301_S010000|F300_S005000|M002_S000000|M008_S005000|F132_S000000|M002_S011200|F021_S005000|M005_S006200|M005_S011200|M009_S010000|M009_S005000|M007_S007800|F177_S000000|F002_S000000,+--++++-+--+-++---+-,1,0,NaN
20,7,R20_I07,4,GA_DP,Proposed GA-DP,1,22269501,730.513231714684,14009.6832042748,527.566975617865,2724.32523114363,91.3670770129789,4337.61042228496,9,3,25,18.4977568244905,0.768016765861041,0.2040322,150,13-10-5-19-8-4-18-11-25-17-12-6-22-24-14-3-16-20-21-23,M002_S000000|F300_S005000|F301_S010000|F301_S005000|F301_S000000|M001_S001200|M001_S006200|F005_S005000|F003_S000000|M008_S005000|F132_S000000|F021_S005000|F177_S000000|M007_S007800|M009_S005000|M009_S010000|M005_S011200|M005_S006200|M002_S011200|F002_S000000,------++-----+++--+-,1,0,NaN
20,7,R20_I07,4,GA_DP,Proposed GA-DP,2,22269502,730.172132149634,14103.1590453955,492.357113746253,2731.67341687548,91.0062886375751,4431.0862634056,8,4,25,18.5358127808932,0.720965014848808,0.2066982,150,25-11-18-4-8-19-5-10-13-17-23-12-20-6-22-24-14-3-16-21,F003_S000000|F005_S005000|M001_S006200|M001_S001200|F301_S000000|F301_S005000|F301_S010000|F300_S005000|M002_S000000|M008_S005000|F002_S000000|F132_S000000|M005_S006200|F021_S005000|F177_S000000|M007_S007800|M009_S005000|M009_S010000|M005_S011200|M002_S011200,+--++++++++++--+++--,1,0,NaN
20,7,R20_I07,4,GA_DP,Proposed GA-DP,3,22269503,730.172132149634,14103.1590453955,492.357113746253,2731.67341687548,91.0062886375751,4431.0862634056,8,4,25,18.5358127808932,0.720965014848808,0.2052022,150,25-11-18-4-8-19-5-10-13-17-23-12-20-6-22-24-14-3-16-21,F003_S000000|F005_S005000|M001_S006200|M001_S001200|F301_S000000|F301_S005000|F301_S010000|F300_S005000|M002_S000000|M008_S005000|F002_S000000|F132_S000000|M005_S006200|F021_S005000|F177_S000000|M007_S007800|M009_S005000|M009_S010000|M005_S011200|M002_S011200,+--++++++++++--+++--,1,0,NaN
20,7,R20_I07,4,GA_DP,Proposed GA-DP,4,22269504,730.172132149634,14103.1590453955,492.357113746253,2731.67341687548,91.0062886375751,4431.0862634056,8,4,25,18.5358127808932,0.720965014848808,0.2050272,150,25-11-18-4-8-19-5-10-13-17-23-12-20-6-22-24-14-3-16-21,F003_S000000|F005_S005000|M001_S006200|M001_S001200|F301_S000000|F301_S005000|F301_S010000|F300_S005000|M002_S000000|M008_S005000|F002_S000000|F132_S000000|M005_S006200|F021_S005000|F177_S000000|M007_S007800|M009_S005000|M009_S010000|M005_S011200|M002_S011200,+--++++++++++--+++--,1,0,NaN
20,7,R20_I07,4,GA_DP,Proposed GA-DP,5,22269505,730.513231714684,14009.6832042748,527.566975617865,2724.32523114363,91.3670770129789,4337.61042228496,9,3,25,18.4977568244905,0.768016765861041,0.2048297,150,13-10-5-19-8-4-18-11-25-17-12-6-22-24-14-3-16-20-21-23,M002_S000000|F300_S005000|F301_S010000|F301_S005000|F301_S000000|M001_S001200|M001_S006200|F005_S005000|F003_S000000|M008_S005000|F132_S000000|F021_S005000|F177_S000000|M007_S007800|M009_S005000|M009_S010000|M005_S011200|M005_S006200|M002_S011200|F002_S000000,------++-----+++--+-,1,0,NaN
20,7,R20_I07,4,GA_DP,Proposed GA-DP,6,22269506,730.513231714684,14009.6832042748,527.566975617865,2724.32523114363,91.3670770129789,4337.61042228496,9,3,25,18.4977568244905,0.768016765861041,0.2048859,150,13-10-5-19-8-4-18-11-25-17-12-6-22-24-14-3-16-20-21-23,M002_S000000|F300_S005000|F301_S010000|F301_S005000|F301_S000000|M001_S001200|M001_S006200|F005_S005000|F003_S000000|M008_S005000|F132_S000000|F021_S005000|F177_S000000|M007_S007800|M009_S005000|M009_S010000|M005_S011200|M005_S006200|M002_S011200|F002_S000000,------++-----+++--+-,1,0,NaN
20,7,R20_I07,4,GA_DP,Proposed GA-DP,7,22269507,731.381468967507,14179.0508538185,479.33601827883,2740.48952693704,92.2100398154877,4506.97807182865,9,4,25,18.4008889230733,0.88778262669826,0.2049821,150,13-10-5-19-8-4-18-11-25-17-12-20-6-22-24-14-3-16-21-23,M002_S000000|F300_S005000|F301_S010000|F301_S005000|F301_S000000|M001_S001200|M001_S006200|F005_S005000|F003_S000000|M008_S005000|F132_S000000|M005_S006200|F021_S005000|F177_S000000|M007_S007800|M009_S005000|M009_S010000|M005_S011200|M002_S011200|F002_S000000,------++---+--+++---,1,0,NaN
20,7,R20_I07,4,GA_DP,Proposed GA-DP,8,22269508,730.172132149634,14103.1590453955,492.357113746253,2731.67341687548,91.0062886375751,4431.0862634056,8,4,25,18.5358127808932,0.720965014848808,0.2036093,150,25-11-18-4-8-19-5-10-13-17-23-12-20-6-22-24-14-3-16-21,F003_S000000|F005_S005000|M001_S006200|M001_S001200|F301_S000000|F301_S005000|F301_S010000|F300_S005000|M002_S000000|M008_S005000|F002_S000000|F132_S000000|M005_S006200|F021_S005000|F177_S000000|M007_S007800|M009_S005000|M009_S010000|M005_S011200|M002_S011200,+--++++++++++--+++--,1,0,NaN
20,7,R20_I07,4,GA_DP,Proposed GA-DP,9,22269509,730.172132149634,14103.1590453955,492.357113746253,2731.67341687548,91.0062886375751,4431.0862634056,8,4,25,18.5358127808932,0.720965014848808,0.2057908,150,25-11-18-4-8-19-5-10-13-17-23-12-20-6-22-24-14-3-16-21,F003_S000000|F005_S005000|M001_S006200|M001_S001200|F301_S000000|F301_S005000|F301_S010000|F300_S005000|M002_S000000|M008_S005000|F002_S000000|F132_S000000|M005_S006200|F021_S005000|F177_S000000|M007_S007800|M009_S005000|M009_S010000|M005_S011200|M002_S011200,+--++++++++++--+++--,1,0,NaN
20,7,R20_I07,4,GA_DP,Proposed GA-DP,10,22269510,730.172132149634,14103.1590453955,492.357113746253,2731.67341687548,91.0062886375751,4431.0862634056,8,4,25,18.5358127808932,0.720965014848808,0.2066127,150,25-11-18-4-8-19-5-10-13-17-23-12-20-6-22-24-14-3-16-21,F003_S000000|F005_S005000|M001_S006200|M001_S001200|F301_S000000|F301_S005000|F301_S010000|F300_S005000|M002_S000000|M008_S005000|F002_S000000|F132_S000000|M005_S006200|F021_S005000|F177_S000000|M007_S007800|M009_S005000|M009_S010000|M005_S011200|M002_S011200,+--++++++++++--+++--,1,0,NaN
20,7,R20_I07,4,GA_DP,Proposed GA-DP,11,22269511,730.513231714684,14009.6832042748,527.566975617865,2724.32523114363,91.3670770129789,4337.61042228496,9,3,25,18.4977568244905,0.768016765861041,0.2063485,150,13-10-5-19-8-4-18-11-25-17-12-6-22-24-14-3-16-20-21-23,M002_S000000|F300_S005000|F301_S010000|F301_S005000|F301_S000000|M001_S001200|M001_S006200|F005_S005000|F003_S000000|M008_S005000|F132_S000000|F021_S005000|F177_S000000|M007_S007800|M009_S005000|M009_S010000|M005_S011200|M005_S006200|M002_S011200|F002_S000000,------++-----+++--+-,1,0,NaN
20,7,R20_I07,4,GA_DP,Proposed GA-DP,12,22269512,730.861444893379,14130.662190849,489.359070260678,2736.32756035939,91.6979671491731,4458.58940885915,9,4,25,18.4589072131011,0.816049778687476,0.2066069,150,25-11-18-4-8-19-5-10-13-17-23-12-20-16-3-14-24-22-6-21,F003_S000000|F005_S005000|M001_S006200|M001_S001200|F301_S000000|F301_S005000|F301_S010000|F300_S005000|M002_S000000|M008_S005000|F002_S000000|F132_S000000|M005_S006200|M005_S011200|M009_S010000|M009_S005000|M007_S007800|F177_S000000|F021_S005000|M002_S011200,+--+++++++++++---++-,1,0,NaN
20,7,R20_I07,4,GA_DP,Proposed GA-DP,13,22269513,730.172132149634,14103.1590453955,492.357113746253,2731.67341687548,91.0062886375751,4431.0862634056,8,4,25,18.5358127808932,0.720965014848808,0.2066731,150,25-11-18-4-8-19-5-10-13-17-23-12-20-6-22-24-14-3-16-21,F003_S000000|F005_S005000|M001_S006200|M001_S001200|F301_S000000|F301_S005000|F301_S010000|F300_S005000|M002_S000000|M008_S005000|F002_S000000|F132_S000000|M005_S006200|F021_S005000|F177_S000000|M007_S007800|M009_S005000|M009_S010000|M005_S011200|M002_S011200,+--++++++++++--+++--,1,0,NaN
20,7,R20_I07,4,GA_DP,Proposed GA-DP,14,22269514,730.513231714684,14009.6832042748,527.566975617865,2724.32523114363,91.3670770129789,4337.61042228496,9,3,25,18.4977568244905,0.768016765861041,0.205665,150,13-10-5-19-8-4-18-11-25-17-12-6-22-24-14-3-16-20-21-23,M002_S000000|F300_S005000|F301_S010000|F301_S005000|F301_S000000|M001_S001200|M001_S006200|F005_S005000|F003_S000000|M008_S005000|F132_S000000|F021_S005000|F177_S000000|M007_S007800|M009_S005000|M009_S010000|M005_S011200|M005_S006200|M002_S011200|F002_S000000,------++-----+++--+-,1,0,NaN
20,7,R20_I07,4,GA_DP,Proposed GA-DP,15,22269515,730.513231714684,14009.6832042748,527.566975617865,2724.32523114363,91.3670770129789,4337.61042228496,9,3,25,18.4977568244905,0.768016765861041,0.2034647,150,13-10-5-19-8-4-18-11-25-17-12-6-22-24-14-3-16-20-21-23,M002_S000000|F300_S005000|F301_S010000|F301_S005000|F301_S000000|M001_S001200|M001_S006200|F005_S005000|F003_S000000|M008_S005000|F132_S000000|F021_S005000|F177_S000000|M007_S007800|M009_S005000|M009_S010000|M005_S011200|M005_S006200|M002_S011200|F002_S000000,------++-----+++--+-,1,0,NaN
20,7,R20_I07,4,GA_DP,Proposed GA-DP,16,22269516,730.513231714684,14009.6832042748,527.566975617865,2724.32523114363,91.3670770129789,4337.61042228496,9,3,25,18.4977568244905,0.768016765861041,0.2046732,150,13-10-5-19-8-4-18-11-25-17-12-6-22-24-14-3-16-20-21-23,M002_S000000|F300_S005000|F301_S010000|F301_S005000|F301_S000000|M001_S001200|M001_S006200|F005_S005000|F003_S000000|M008_S005000|F132_S000000|F021_S005000|F177_S000000|M007_S007800|M009_S005000|M009_S010000|M005_S011200|M005_S006200|M002_S011200|F002_S000000,------++-----+++--+-,1,0,NaN
20,7,R20_I07,4,GA_DP,Proposed GA-DP,17,22269517,731.381468967507,14179.0508538185,479.33601827883,2740.48952693704,92.2100398154877,4506.97807182865,9,4,25,18.4008889230733,0.88778262669826,0.2038626,150,13-10-5-19-8-4-18-11-25-17-12-20-6-22-24-14-3-16-21-23,M002_S000000|F300_S005000|F301_S010000|F301_S005000|F301_S000000|M001_S001200|M001_S006200|F005_S005000|F003_S000000|M008_S005000|F132_S000000|M005_S006200|F021_S005000|F177_S000000|M007_S007800|M009_S005000|M009_S010000|M005_S011200|M002_S011200|F002_S000000,------++---+--+++---,1,0,NaN
20,7,R20_I07,4,GA_DP,Proposed GA-DP,18,22269518,730.513231714684,14009.6832042748,527.566975617865,2724.32523114363,91.3670770129789,4337.61042228496,9,3,25,18.4977568244905,0.768016765861041,0.2048213,150,13-10-5-19-8-4-18-11-25-17-12-6-22-24-14-3-16-20-21-23,M002_S000000|F300_S005000|F301_S010000|F301_S005000|F301_S000000|M001_S001200|M001_S006200|F005_S005000|F003_S000000|M008_S005000|F132_S000000|F021_S005000|F177_S000000|M007_S007800|M009_S005000|M009_S010000|M005_S011200|M005_S006200|M002_S011200|F002_S000000,------++-----+++--+-,1,0,NaN
20,7,R20_I07,4,GA_DP,Proposed GA-DP,19,22269519,730.172132149634,14103.1590453955,492.357113746253,2731.67341687548,91.0062886375751,4431.0862634056,8,4,25,18.5358127808932,0.720965014848808,0.2056805,150,25-11-18-4-8-19-5-10-13-17-23-12-20-6-22-24-14-3-16-21,F003_S000000|F005_S005000|M001_S006200|M001_S001200|F301_S000000|F301_S005000|F301_S010000|F300_S005000|M002_S000000|M008_S005000|F002_S000000|F132_S000000|M005_S006200|F021_S005000|F177_S000000|M007_S007800|M009_S005000|M009_S010000|M005_S011200|M002_S011200,+--++++++++++--+++--,1,0,NaN
20,7,R20_I07,4,GA_DP,Proposed GA-DP,20,22269520,730.172132149634,14103.1590453955,492.357113746253,2731.67341687548,91.0062886375751,4431.0862634056,8,4,25,18.5358127808932,0.720965014848808,0.2047128,150,25-11-18-4-8-19-5-10-13-17-23-12-20-6-22-24-14-3-16-21,F003_S000000|F005_S005000|M001_S006200|M001_S001200|F301_S000000|F301_S005000|F301_S010000|F300_S005000|M002_S000000|M008_S005000|F002_S000000|F132_S000000|M005_S006200|F021_S005000|F177_S000000|M007_S007800|M009_S005000|M009_S010000|M005_S011200|M002_S011200,+--++++++++++--+++--,1,0,NaN
20,7,R20_I07,5,EXACT,Exact optimum,1,NaN,724.945528512349,13646.0661080574,512.345298857919,2695.99558027021,85.8138420818596,3973.99332606751,7,3,25,19.1189369491278,0,0.3997287,0,13-10-18-4-8-19-5-11-23-25-17-12-20-6-22-24-14-3-16-21,M002_S000000|F300_S005000|M001_S006200|M001_S001200|F301_S000000|F301_S005000|F301_S010000|F005_S005000|F002_S000000|F003_S000000|M008_S005000|F132_S000000|M005_S006200|F021_S005000|F177_S000000|M007_S007800|M009_S005000|M009_S010000|M005_S011200|M002_S011200,-+-++++-+---+--+++--,1,1,0
20,8,R20_I08,1,FIXED,Fixed order + fixed direction,1,NaN,903.40713268646,21698.0621481345,1007.55153875686,3300.47010315253,264.418537585797,12030.8679301961,13,12,25,0,24.614515089314,3.09e-05,0,4-18-21-16-24-17-2-3-23-25-11-9-6-7-22-15-10-8-19-5,M001_S001200|M001_S006200|M002_S011200|M005_S011200|M007_S007800|M008_S005000|M009_S000000|M009_S010000|F002_S000000|F003_S000000|F005_S005000|F010_S000000|F021_S005000|F073_S005000|F177_S000000|F195_S001400|F300_S005000|F301_S000000|F301_S005000|F301_S010000,++++++++++++++++++++,1,0,NaN
20,8,R20_I08,2,NN_DP,Nearest neighbour-DP,1,NaN,735.27727510393,14383.1116569916,517.306513316959,2739.28476208126,96.675128315658,4715.91743905322,6,2,25,18.6106409280345,1.42295514183035,0.0003827,0,25-11-18-4-8-19-5-10-17-7-22-15-24-2-3-16-6-9-21-23,F003_S000000|F005_S005000|M001_S006200|M001_S001200|F301_S000000|F301_S005000|F301_S010000|F300_S005000|M008_S005000|F073_S005000|F177_S000000|F195_S001400|M007_S007800|M009_S000000|M009_S010000|M005_S011200|F021_S005000|F010_S000000|M002_S011200|F002_S000000,+--+++++-++-+++-----,1,0,NaN
20,8,R20_I08,3,JOINT_GA,Joint-encoding GA,1,22270001,735.27727510393,14383.1116569916,517.306513316959,2739.28476208126,96.675128315658,4715.91743905322,6,2,25,18.6106409280345,1.42295514183035,0.3600953,150,25-11-18-4-8-19-5-10-17-7-22-15-24-2-3-16-6-9-21-23,F003_S000000|F005_S005000|M001_S006200|M001_S001200|F301_S000000|F301_S005000|F301_S010000|F300_S005000|M008_S005000|F073_S005000|F177_S000000|F195_S001400|M007_S007800|M009_S000000|M009_S010000|M005_S011200|F021_S005000|F010_S000000|M002_S011200|F002_S000000,+--+++++-++-+++-----,1,0,NaN
20,8,R20_I08,3,JOINT_GA,Joint-encoding GA,2,22270002,735.27727510393,14383.1116569916,517.306513316959,2739.28476208126,96.675128315658,4715.91743905322,6,2,25,18.6106409280345,1.42295514183035,0.3615222,150,25-11-18-4-8-19-5-10-17-7-22-15-24-2-3-16-6-9-21-23,F003_S000000|F005_S005000|M001_S006200|M001_S001200|F301_S000000|F301_S005000|F301_S010000|F300_S005000|M008_S005000|F073_S005000|F177_S000000|F195_S001400|M007_S007800|M009_S000000|M009_S010000|M005_S011200|F021_S005000|F010_S000000|M002_S011200|F002_S000000,+--+++++-++-+++-----,1,0,NaN
20,8,R20_I08,3,JOINT_GA,Joint-encoding GA,3,22270003,735.27727510393,14383.1116569916,517.306513316959,2739.28476208126,96.675128315658,4715.91743905322,6,2,25,18.6106409280345,1.42295514183035,0.3603858,150,25-11-18-4-8-19-5-10-17-7-22-15-24-2-3-16-6-9-21-23,F003_S000000|F005_S005000|M001_S006200|M001_S001200|F301_S000000|F301_S005000|F301_S010000|F300_S005000|M008_S005000|F073_S005000|F177_S000000|F195_S001400|M007_S007800|M009_S000000|M009_S010000|M005_S011200|F021_S005000|F010_S000000|M002_S011200|F002_S000000,+--+++++-++-+++-----,1,0,NaN
20,8,R20_I08,3,JOINT_GA,Joint-encoding GA,4,22270004,735.27727510393,14383.1116569916,517.306513316959,2739.28476208126,96.675128315658,4715.91743905322,6,2,25,18.6106409280345,1.42295514183035,0.3597201,150,25-11-18-4-8-19-5-10-17-7-22-15-24-2-3-16-6-9-21-23,F003_S000000|F005_S005000|M001_S006200|M001_S001200|F301_S000000|F301_S005000|F301_S010000|F300_S005000|M008_S005000|F073_S005000|F177_S000000|F195_S001400|M007_S007800|M009_S000000|M009_S010000|M005_S011200|F021_S005000|F010_S000000|M002_S011200|F002_S000000,+--+++++-++-+++-----,1,0,NaN
20,8,R20_I08,3,JOINT_GA,Joint-encoding GA,5,22270005,735.27727510393,14383.1116569916,517.306513316959,2739.28476208126,96.675128315658,4715.91743905322,6,2,25,18.6106409280345,1.42295514183035,0.3617361,150,25-11-18-4-8-19-5-10-17-7-22-15-24-2-3-16-6-9-21-23,F003_S000000|F005_S005000|M001_S006200|M001_S001200|F301_S000000|F301_S005000|F301_S010000|F300_S005000|M008_S005000|F073_S005000|F177_S000000|F195_S001400|M007_S007800|M009_S000000|M009_S010000|M005_S011200|F021_S005000|F010_S000000|M002_S011200|F002_S000000,+--+++++-++-+++-----,1,0,NaN
20,8,R20_I08,3,JOINT_GA,Joint-encoding GA,6,22270006,735.27727510393,14383.1116569916,517.306513316959,2739.28476208126,96.675128315658,4715.91743905322,6,2,25,18.6106409280345,1.42295514183035,0.3589371,150,25-11-18-4-8-19-5-10-17-7-22-15-24-2-3-16-6-9-21-23,F003_S000000|F005_S005000|M001_S006200|M001_S001200|F301_S000000|F301_S005000|F301_S010000|F300_S005000|M008_S005000|F073_S005000|F177_S000000|F195_S001400|M007_S007800|M009_S000000|M009_S010000|M005_S011200|F021_S005000|F010_S000000|M002_S011200|F002_S000000,+--+++++-++-+++-----,1,0,NaN
20,8,R20_I08,3,JOINT_GA,Joint-encoding GA,7,22270007,733.886186477436,14335.4102780171,506.829396757932,2736.41315094872,95.2211877668017,4668.21606007868,6,2,25,18.7646233990781,1.23107063221693,0.3611543,150,18-4-8-19-5-10-11-25-17-7-22-15-24-2-3-16-6-9-21-23,M001_S006200|M001_S001200|F301_S000000|F301_S005000|F301_S010000|F300_S005000|F005_S005000|F003_S000000|M008_S005000|F073_S005000|F177_S000000|F195_S001400|M007_S007800|M009_S000000|M009_S010000|M005_S011200|F021_S005000|F010_S000000|M002_S011200|F002_S000000,-++++++--++-+++-----,1,0,NaN
20,8,R20_I08,3,JOINT_GA,Joint-encoding GA,8,22270008,735.27727510393,14383.1116569916,517.306513316959,2739.28476208126,96.675128315658,4715.91743905322,6,2,25,18.6106409280345,1.42295514183035,0.360358,150,25-11-18-4-8-19-5-10-17-7-22-15-24-2-3-16-6-9-21-23,F003_S000000|F005_S005000|M001_S006200|M001_S001200|F301_S000000|F301_S005000|F301_S010000|F300_S005000|M008_S005000|F073_S005000|F177_S000000|F195_S001400|M007_S007800|M009_S000000|M009_S010000|M005_S011200|F021_S005000|F010_S000000|M002_S011200|F002_S000000,+--+++++-++-+++-----,1,0,NaN
20,8,R20_I08,3,JOINT_GA,Joint-encoding GA,9,22270009,735.27727510393,14383.1116569916,517.306513316959,2739.28476208126,96.675128315658,4715.91743905322,6,2,25,18.6106409280345,1.42295514183035,0.3582996,150,25-11-18-4-8-19-5-10-17-7-22-15-24-2-3-16-6-9-21-23,F003_S000000|F005_S005000|M001_S006200|M001_S001200|F301_S000000|F301_S005000|F301_S010000|F300_S005000|M008_S005000|F073_S005000|F177_S000000|F195_S001400|M007_S007800|M009_S000000|M009_S010000|M005_S011200|F021_S005000|F010_S000000|M002_S011200|F002_S000000,+--+++++-++-+++-----,1,0,NaN
20,8,R20_I08,3,JOINT_GA,Joint-encoding GA,10,22270010,735.27727510393,14383.1116569916,517.306513316959,2739.28476208126,96.675128315658,4715.91743905322,6,2,25,18.6106409280345,1.42295514183035,0.3625488,150,25-11-18-4-8-19-5-10-17-7-22-15-24-2-3-16-6-9-21-23,F003_S000000|F005_S005000|M001_S006200|M001_S001200|F301_S000000|F301_S005000|F301_S010000|F300_S005000|M008_S005000|F073_S005000|F177_S000000|F195_S001400|M007_S007800|M009_S000000|M009_S010000|M005_S011200|F021_S005000|F010_S000000|M002_S011200|F002_S000000,+--+++++-++-+++-----,1,0,NaN
20,8,R20_I08,3,JOINT_GA,Joint-encoding GA,11,22270011,735.27727510393,14383.1116569916,517.306513316959,2739.28476208126,96.675128315658,4715.91743905322,6,2,25,18.6106409280345,1.42295514183035,0.3588683,150,25-11-18-4-8-19-5-10-17-7-22-15-24-2-3-16-6-9-21-23,F003_S000000|F005_S005000|M001_S006200|M001_S001200|F301_S000000|F301_S005000|F301_S010000|F300_S005000|M008_S005000|F073_S005000|F177_S000000|F195_S001400|M007_S007800|M009_S000000|M009_S010000|M005_S011200|F021_S005000|F010_S000000|M002_S011200|F002_S000000,+--+++++-++-+++-----,1,0,NaN
20,8,R20_I08,3,JOINT_GA,Joint-encoding GA,12,22270012,735.27727510393,14383.1116569916,517.306513316959,2739.28476208126,96.675128315658,4715.91743905322,6,2,25,18.6106409280345,1.42295514183035,0.3596842,150,25-11-18-4-8-19-5-10-17-7-22-15-24-2-3-16-6-9-21-23,F003_S000000|F005_S005000|M001_S006200|M001_S001200|F301_S000000|F301_S005000|F301_S010000|F300_S005000|M008_S005000|F073_S005000|F177_S000000|F195_S001400|M007_S007800|M009_S000000|M009_S010000|M005_S011200|F021_S005000|F010_S000000|M002_S011200|F002_S000000,+--+++++-++-+++-----,1,0,NaN
20,8,R20_I08,3,JOINT_GA,Joint-encoding GA,13,22270013,735.27727510393,14383.1116569916,517.306513316959,2739.28476208126,96.675128315658,4715.91743905322,6,2,25,18.6106409280345,1.42295514183035,0.3616048,150,25-11-18-4-8-19-5-10-17-7-22-15-24-2-3-16-6-9-21-23,F003_S000000|F005_S005000|M001_S006200|M001_S001200|F301_S000000|F301_S005000|F301_S010000|F300_S005000|M008_S005000|F073_S005000|F177_S000000|F195_S001400|M007_S007800|M009_S000000|M009_S010000|M005_S011200|F021_S005000|F010_S000000|M002_S011200|F002_S000000,+--+++++-++-+++-----,1,0,NaN
20,8,R20_I08,3,JOINT_GA,Joint-encoding GA,14,22270014,735.27727510393,14383.1116569916,517.306513316959,2739.28476208126,96.675128315658,4715.91743905322,6,2,25,18.6106409280345,1.42295514183035,0.3604197,150,25-11-18-4-8-19-5-10-17-7-22-15-24-2-3-16-6-9-21-23,F003_S000000|F005_S005000|M001_S006200|M001_S001200|F301_S000000|F301_S005000|F301_S010000|F300_S005000|M008_S005000|F073_S005000|F177_S000000|F195_S001400|M007_S007800|M009_S000000|M009_S010000|M005_S011200|F021_S005000|F010_S000000|M002_S011200|F002_S000000,+--+++++-++-+++-----,1,0,NaN
20,8,R20_I08,3,JOINT_GA,Joint-encoding GA,15,22270015,735.27727510393,14383.1116569916,517.306513316959,2739.28476208126,96.675128315658,4715.91743905322,6,2,25,18.6106409280345,1.42295514183035,0.3580653,150,25-11-18-4-8-19-5-10-17-7-22-15-24-2-3-16-6-9-21-23,F003_S000000|F005_S005000|M001_S006200|M001_S001200|F301_S000000|F301_S005000|F301_S010000|F300_S005000|M008_S005000|F073_S005000|F177_S000000|F195_S001400|M007_S007800|M009_S000000|M009_S010000|M005_S011200|F021_S005000|F010_S000000|M002_S011200|F002_S000000,+--+++++-++-+++-----,1,0,NaN
20,8,R20_I08,3,JOINT_GA,Joint-encoding GA,16,22270016,735.27727510393,14383.1116569916,517.306513316959,2739.28476208126,96.675128315658,4715.91743905322,6,2,25,18.6106409280345,1.42295514183035,0.3591985,150,25-11-18-4-8-19-5-10-17-7-22-15-24-2-3-16-6-9-21-23,F003_S000000|F005_S005000|M001_S006200|M001_S001200|F301_S000000|F301_S005000|F301_S010000|F300_S005000|M008_S005000|F073_S005000|F177_S000000|F195_S001400|M007_S007800|M009_S000000|M009_S010000|M005_S011200|F021_S005000|F010_S000000|M002_S011200|F002_S000000,+--+++++-++-+++-----,1,0,NaN
20,8,R20_I08,3,JOINT_GA,Joint-encoding GA,17,22270017,735.27727510393,14383.1116569916,517.306513316959,2739.28476208126,96.675128315658,4715.91743905322,6,2,25,18.6106409280345,1.42295514183035,0.3571501,150,25-11-18-4-8-19-5-10-17-7-22-15-24-2-3-16-6-9-21-23,F003_S000000|F005_S005000|M001_S006200|M001_S001200|F301_S000000|F301_S005000|F301_S010000|F300_S005000|M008_S005000|F073_S005000|F177_S000000|F195_S001400|M007_S007800|M009_S000000|M009_S010000|M005_S011200|F021_S005000|F010_S000000|M002_S011200|F002_S000000,+--+++++-++-+++-----,1,0,NaN
20,8,R20_I08,3,JOINT_GA,Joint-encoding GA,18,22270018,735.27727510393,14383.1116569916,517.306513316959,2739.28476208126,96.675128315658,4715.91743905322,6,2,25,18.6106409280345,1.42295514183035,0.3619511,150,25-11-18-4-8-19-5-10-17-7-22-15-24-2-3-16-6-9-21-23,F003_S000000|F005_S005000|M001_S006200|M001_S001200|F301_S000000|F301_S005000|F301_S010000|F300_S005000|M008_S005000|F073_S005000|F177_S000000|F195_S001400|M007_S007800|M009_S000000|M009_S010000|M005_S011200|F021_S005000|F010_S000000|M002_S011200|F002_S000000,+--+++++-++-+++-----,1,0,NaN
20,8,R20_I08,3,JOINT_GA,Joint-encoding GA,19,22270019,735.27727510393,14383.1116569916,517.306513316959,2739.28476208126,96.675128315658,4715.91743905322,6,2,25,18.6106409280345,1.42295514183035,0.3590362,150,25-11-18-4-8-19-5-10-17-7-22-15-24-2-3-16-6-9-21-23,F003_S000000|F005_S005000|M001_S006200|M001_S001200|F301_S000000|F301_S005000|F301_S010000|F300_S005000|M008_S005000|F073_S005000|F177_S000000|F195_S001400|M007_S007800|M009_S000000|M009_S010000|M005_S011200|F021_S005000|F010_S000000|M002_S011200|F002_S000000,+--+++++-++-+++-----,1,0,NaN
20,8,R20_I08,3,JOINT_GA,Joint-encoding GA,20,22270020,735.27727510393,14383.1116569916,517.306513316959,2739.28476208126,96.675128315658,4715.91743905322,6,2,25,18.6106409280345,1.42295514183035,0.3599091,150,25-11-18-4-8-19-5-10-17-7-22-15-24-2-3-16-6-9-21-23,F003_S000000|F005_S005000|M001_S006200|M001_S001200|F301_S000000|F301_S005000|F301_S010000|F300_S005000|M008_S005000|F073_S005000|F177_S000000|F195_S001400|M007_S007800|M009_S000000|M009_S010000|M005_S011200|F021_S005000|F010_S000000|M002_S011200|F002_S000000,+--+++++-++-+++-----,1,0,NaN
20,8,R20_I08,4,GA_DP,Proposed GA-DP,1,22270501,732.63308102938,14264.9191157395,506.829396757932,2733.55587805389,93.9917272864907,4597.72489780112,6,2,25,18.9033322273258,1.05821929850992,0.2041188,150,10-5-19-8-4-18-11-25-17-7-22-15-24-2-3-16-6-9-21-23,F300_S005000|F301_S010000|F301_S005000|F301_S000000|M001_S001200|M001_S006200|F005_S005000|F003_S000000|M008_S005000|F073_S005000|F177_S000000|F195_S001400|M007_S007800|M009_S000000|M009_S010000|M005_S011200|F021_S005000|F010_S000000|M002_S011200|F002_S000000,-----++--++-+++-----,1,0,NaN
20,8,R20_I08,4,GA_DP,Proposed GA-DP,2,22270502,726.382726025368,13739.3850517292,539.838677337021,2689.57119952824,87.7811150040082,4072.19083379076,4,1,25,19.5951969224191,0.196055463645208,0.2028973,150,10-18-4-8-19-5-11-23-25-17-7-22-15-24-2-3-16-6-9-21,F300_S005000|M001_S006200|M001_S001200|F301_S000000|F301_S005000|F301_S010000|F005_S005000|F002_S000000|F003_S000000|M008_S005000|F073_S005000|F177_S000000|F195_S001400|M007_S007800|M009_S000000|M009_S010000|M005_S011200|F021_S005000|F010_S000000|M002_S011200,+-++++-+--++-+++----,1,0,NaN
20,8,R20_I08,4,GA_DP,Proposed GA-DP,3,22270503,735.27727510393,14383.1116569916,517.306513316959,2739.28476208126,96.675128315658,4715.91743905322,6,2,25,18.6106409280345,1.42295514183035,0.2049992,150,25-11-18-4-8-19-5-10-17-7-22-15-24-2-3-16-6-9-21-23,F003_S000000|F005_S005000|M001_S006200|M001_S001200|F301_S000000|F301_S005000|F301_S010000|F300_S005000|M008_S005000|F073_S005000|F177_S000000|F195_S001400|M007_S007800|M009_S000000|M009_S010000|M005_S011200|F021_S005000|F010_S000000|M002_S011200|F002_S000000,+--+++++-++-+++-----,1,0,NaN
20,8,R20_I08,4,GA_DP,Proposed GA-DP,4,22270504,732.63308102938,14264.9191157395,506.829396757932,2733.55587805389,93.9917272864907,4597.72489780112,6,2,25,18.9033322273258,1.05821929850992,0.2066805,150,10-5-19-8-4-18-11-25-17-7-22-15-24-2-3-16-6-9-21-23,F300_S005000|F301_S010000|F301_S005000|F301_S000000|M001_S001200|M001_S006200|F005_S005000|F003_S000000|M008_S005000|F073_S005000|F177_S000000|F195_S001400|M007_S007800|M009_S000000|M009_S010000|M005_S011200|F021_S005000|F010_S000000|M002_S011200|F002_S000000,-----++--++-+++-----,1,0,NaN
20,8,R20_I08,4,GA_DP,Proposed GA-DP,5,22270505,732.63308102938,14264.9191157395,506.829396757932,2733.55587805389,93.9917272864907,4597.72489780112,6,2,25,18.9033322273258,1.05821929850992,0.2051138,150,10-5-19-8-4-18-11-25-17-7-22-15-24-2-3-16-6-9-21-23,F300_S005000|F301_S010000|F301_S005000|F301_S000000|M001_S001200|M001_S006200|F005_S005000|F003_S000000|M008_S005000|F073_S005000|F177_S000000|F195_S001400|M007_S007800|M009_S000000|M009_S010000|M005_S011200|F021_S005000|F010_S000000|M002_S011200|F002_S000000,-----++--++-+++-----,1,0,NaN
20,8,R20_I08,4,GA_DP,Proposed GA-DP,6,22270506,732.63308102938,14264.9191157395,506.829396757932,2733.55587805389,93.9917272864907,4597.72489780112,6,2,25,18.9033322273258,1.05821929850992,0.2047963,150,10-5-19-8-4-18-11-25-17-7-22-15-24-2-3-16-6-9-21-23,F300_S005000|F301_S010000|F301_S005000|F301_S000000|M001_S001200|M001_S006200|F005_S005000|F003_S000000|M008_S005000|F073_S005000|F177_S000000|F195_S001400|M007_S007800|M009_S000000|M009_S010000|M005_S011200|F021_S005000|F010_S000000|M002_S011200|F002_S000000,-----++--++-+++-----,1,0,NaN
20,8,R20_I08,4,GA_DP,Proposed GA-DP,7,22270507,732.63308102938,14264.9191157395,506.829396757932,2733.55587805389,93.9917272864907,4597.72489780112,6,2,25,18.9033322273258,1.05821929850992,0.2070996,150,10-5-19-8-4-18-11-25-17-7-22-15-24-2-3-16-6-9-21-23,F300_S005000|F301_S010000|F301_S005000|F301_S000000|M001_S001200|M001_S006200|F005_S005000|F003_S000000|M008_S005000|F073_S005000|F177_S000000|F195_S001400|M007_S007800|M009_S000000|M009_S010000|M005_S011200|F021_S005000|F010_S000000|M002_S011200|F002_S000000,-----++--++-+++-----,1,0,NaN
20,8,R20_I08,4,GA_DP,Proposed GA-DP,8,22270508,732.63308102938,14264.9191157395,506.829396757932,2733.55587805389,93.9917272864907,4597.72489780112,6,2,25,18.9033322273258,1.05821929850992,0.2057399,150,10-5-19-8-4-18-11-25-17-7-22-15-24-2-3-16-6-9-21-23,F300_S005000|F301_S010000|F301_S005000|F301_S000000|M001_S001200|M001_S006200|F005_S005000|F003_S000000|M008_S005000|F073_S005000|F177_S000000|F195_S001400|M007_S007800|M009_S000000|M009_S010000|M005_S011200|F021_S005000|F010_S000000|M002_S011200|F002_S000000,-----++--++-+++-----,1,0,NaN
20,8,R20_I08,4,GA_DP,Proposed GA-DP,9,22270509,732.63308102938,14264.9191157395,506.829396757932,2733.55587805389,93.9917272864907,4597.72489780112,6,2,25,18.9033322273258,1.05821929850992,0.2035249,150,10-5-19-8-4-18-11-25-17-7-22-15-24-2-3-16-6-9-21-23,F300_S005000|F301_S010000|F301_S005000|F301_S000000|M001_S001200|M001_S006200|F005_S005000|F003_S000000|M008_S005000|F073_S005000|F177_S000000|F195_S001400|M007_S007800|M009_S000000|M009_S010000|M005_S011200|F021_S005000|F010_S000000|M002_S011200|F002_S000000,-----++--++-+++-----,1,0,NaN
20,8,R20_I08,4,GA_DP,Proposed GA-DP,10,22270510,732.63308102938,14264.9191157395,506.829396757932,2733.55587805389,93.9917272864907,4597.72489780112,6,2,25,18.9033322273258,1.05821929850992,0.2066939,150,10-5-19-8-4-18-11-25-17-7-22-15-24-2-3-16-6-9-21-23,F300_S005000|F301_S010000|F301_S005000|F301_S000000|M001_S001200|M001_S006200|F005_S005000|F003_S000000|M008_S005000|F073_S005000|F177_S000000|F195_S001400|M007_S007800|M009_S000000|M009_S010000|M005_S011200|F021_S005000|F010_S000000|M002_S011200|F002_S000000,-----++--++-+++-----,1,0,NaN
20,8,R20_I08,4,GA_DP,Proposed GA-DP,11,22270511,732.63308102938,14264.9191157395,506.829396757932,2733.55587805389,93.9917272864907,4597.72489780112,6,2,25,18.9033322273258,1.05821929850992,0.2013503,150,10-5-19-8-4-18-11-25-17-7-22-15-24-2-3-16-6-9-21-23,F300_S005000|F301_S010000|F301_S005000|F301_S000000|M001_S001200|M001_S006200|F005_S005000|F003_S000000|M008_S005000|F073_S005000|F177_S000000|F195_S001400|M007_S007800|M009_S000000|M009_S010000|M005_S011200|F021_S005000|F010_S000000|M002_S011200|F002_S000000,-----++--++-+++-----,1,0,NaN
20,8,R20_I08,4,GA_DP,Proposed GA-DP,12,22270512,732.63308102938,14264.9191157395,506.829396757932,2733.55587805389,93.9917272864907,4597.72489780112,6,2,25,18.9033322273258,1.05821929850992,0.2040329,150,10-5-19-8-4-18-11-25-17-7-22-15-24-2-3-16-6-9-21-23,F300_S005000|F301_S010000|F301_S005000|F301_S000000|M001_S001200|M001_S006200|F005_S005000|F003_S000000|M008_S005000|F073_S005000|F177_S000000|F195_S001400|M007_S007800|M009_S000000|M009_S010000|M005_S011200|F021_S005000|F010_S000000|M002_S011200|F002_S000000,-----++--++-+++-----,1,0,NaN
20,8,R20_I08,4,GA_DP,Proposed GA-DP,13,22270513,732.63308102938,14264.9191157395,506.829396757932,2733.55587805389,93.9917272864907,4597.72489780112,6,2,25,18.9033322273258,1.05821929850992,0.2026538,150,10-5-19-8-4-18-11-25-17-7-22-15-24-2-3-16-6-9-21-23,F300_S005000|F301_S010000|F301_S005000|F301_S000000|M001_S001200|M001_S006200|F005_S005000|F003_S000000|M008_S005000|F073_S005000|F177_S000000|F195_S001400|M007_S007800|M009_S000000|M009_S010000|M005_S011200|F021_S005000|F010_S000000|M002_S011200|F002_S000000,-----++--++-+++-----,1,0,NaN
20,8,R20_I08,4,GA_DP,Proposed GA-DP,14,22270514,732.63308102938,14264.9191157395,506.829396757932,2733.55587805389,93.9917272864907,4597.72489780112,6,2,25,18.9033322273258,1.05821929850992,0.2045476,150,10-5-19-8-4-18-11-25-17-7-22-15-24-2-3-16-6-9-21-23,F300_S005000|F301_S010000|F301_S005000|F301_S000000|M001_S001200|M001_S006200|F005_S005000|F003_S000000|M008_S005000|F073_S005000|F177_S000000|F195_S001400|M007_S007800|M009_S000000|M009_S010000|M005_S011200|F021_S005000|F010_S000000|M002_S011200|F002_S000000,-----++--++-+++-----,1,0,NaN
20,8,R20_I08,4,GA_DP,Proposed GA-DP,15,22270515,732.63308102938,14264.9191157395,506.829396757932,2733.55587805389,93.9917272864907,4597.72489780112,6,2,25,18.9033322273258,1.05821929850992,0.2034395,150,10-5-19-8-4-18-11-25-17-7-22-15-24-2-3-16-6-9-21-23,F300_S005000|F301_S010000|F301_S005000|F301_S000000|M001_S001200|M001_S006200|F005_S005000|F003_S000000|M008_S005000|F073_S005000|F177_S000000|F195_S001400|M007_S007800|M009_S000000|M009_S010000|M005_S011200|F021_S005000|F010_S000000|M002_S011200|F002_S000000,-----++--++-+++-----,1,0,NaN
20,8,R20_I08,4,GA_DP,Proposed GA-DP,16,22270516,725.854024237094,13609.1480623926,571.46978803482,2683.32105685874,87.2432218056659,3941.9538444542,5,2,25,19.6537200145162,0.12312719621316,0.203429,150,10-18-4-8-19-5-11-23-25-17-7-22-15-24-2-6-3-16-9-21,F300_S005000|M001_S006200|M001_S001200|F301_S000000|F301_S005000|F301_S010000|F005_S005000|F002_S000000|F003_S000000|M008_S005000|F073_S005000|F177_S000000|F195_S001400|M007_S007800|M009_S000000|F021_S005000|M009_S010000|M005_S011200|F010_S000000|M002_S011200,+-++++-+--++-+-++---,1,0,NaN
20,8,R20_I08,4,GA_DP,Proposed GA-DP,17,22270517,732.63308102938,14264.9191157395,506.829396757932,2733.55587805389,93.9917272864907,4597.72489780112,6,2,25,18.9033322273258,1.05821929850992,0.2037306,150,10-5-19-8-4-18-11-25-17-7-22-15-24-2-3-16-6-9-21-23,F300_S005000|F301_S010000|F301_S005000|F301_S000000|M001_S001200|M001_S006200|F005_S005000|F003_S000000|M008_S005000|F073_S005000|F177_S000000|F195_S001400|M007_S007800|M009_S000000|M009_S010000|M005_S011200|F021_S005000|F010_S000000|M002_S011200|F002_S000000,-----++--++-+++-----,1,0,NaN
20,8,R20_I08,4,GA_DP,Proposed GA-DP,18,22270518,732.63308102938,14264.9191157395,506.829396757932,2733.55587805389,93.9917272864907,4597.72489780112,6,2,25,18.9033322273258,1.05821929850992,0.2043005,150,10-5-19-8-4-18-11-25-17-7-22-15-24-2-3-16-6-9-21-23,F300_S005000|F301_S010000|F301_S005000|F301_S000000|M001_S001200|M001_S006200|F005_S005000|F003_S000000|M008_S005000|F073_S005000|F177_S000000|F195_S001400|M007_S007800|M009_S000000|M009_S010000|M005_S011200|F021_S005000|F010_S000000|M002_S011200|F002_S000000,-----++--++-+++-----,1,0,NaN
20,8,R20_I08,4,GA_DP,Proposed GA-DP,19,22270519,732.63308102938,14264.9191157395,506.829396757932,2733.55587805389,93.9917272864907,4597.72489780112,6,2,25,18.9033322273258,1.05821929850992,0.2042089,150,10-5-19-8-4-18-11-25-17-7-22-15-24-2-3-16-6-9-21-23,F300_S005000|F301_S010000|F301_S005000|F301_S000000|M001_S001200|M001_S006200|F005_S005000|F003_S000000|M008_S005000|F073_S005000|F177_S000000|F195_S001400|M007_S007800|M009_S000000|M009_S010000|M005_S011200|F021_S005000|F010_S000000|M002_S011200|F002_S000000,-----++--++-+++-----,1,0,NaN
20,8,R20_I08,4,GA_DP,Proposed GA-DP,20,22270520,732.63308102938,14264.9191157395,506.829396757932,2733.55587805389,93.9917272864907,4597.72489780112,6,2,25,18.9033322273258,1.05821929850992,0.205452,150,10-5-19-8-4-18-11-25-17-7-22-15-24-2-3-16-6-9-21-23,F300_S005000|F301_S010000|F301_S005000|F301_S000000|M001_S001200|M001_S006200|F005_S005000|F003_S000000|M008_S005000|F073_S005000|F177_S000000|F195_S001400|M007_S007800|M009_S000000|M009_S010000|M005_S011200|F021_S005000|F010_S000000|M002_S011200|F002_S000000,-----++--++-+++-----,1,0,NaN
20,8,R20_I08,5,EXACT,Exact optimum,1,NaN,724.961399592149,13763.7037948128,517.998942848779,2697.31956582153,86.3370194749402,4096.50957687434,5,0,25.4980319796005,19.7525264786949,0,0.9124915,0,25-5-19-8-4-18-10-11-23-17-7-22-6-15-24-2-3-16-9-21,F003_S000000|F301_S010000|F301_S005000|F301_S000000|M001_S001200|M001_S006200|F300_S005000|F005_S005000|F002_S000000|M008_S005000|F073_S005000|F177_S000000|F021_S005000|F195_S001400|M007_S007800|M009_S000000|M009_S010000|M005_S011200|F010_S000000|M002_S011200,+----+-+--++--+++---,1,1,0
20,9,R20_I09,1,FIXED,Fixed order + fixed direction,1,NaN,860.122715655253,20023.5694985312,902.679086211435,3157.84234195166,221.329312834479,10361.1921078962,14,11,25,0,20.5680957499259,2.96e-05,0,18-13-21-20-24-2-14-3-23-25-11-9-6-7-12-22-15-10-8-19,M001_S006200|M002_S000000|M002_S011200|M005_S006200|M007_S007800|M009_S000000|M009_S005000|M009_S010000|F002_S000000|F003_S000000|F005_S005000|F010_S000000|F021_S005000|F073_S005000|F132_S000000|F177_S000000|F195_S001400|F300_S005000|F301_S000000|F301_S005000,++++++++++++++++++++,1,0,NaN
20,9,R20_I09,2,NN_DP,Nearest neighbour-DP,1,NaN,733.073465671402,14019.2761344209,569.853868303843,2720.0661563579,94.5845105290943,4356.89874378584,8,6,25,14.7710608813608,2.75890892320692,0.0004128,0,25-11-18-8-19-10-13-23-9-22-7-12-21-20-15-24-2-14-3-6,F003_S000000|F005_S005000|M001_S006200|F301_S000000|F301_S005000|F300_S005000|M002_S000000|F002_S000000|F010_S000000|F177_S000000|F073_S005000|F132_S000000|M002_S011200|M005_S006200|F195_S001400|M007_S007800|M009_S000000|M009_S005000|M009_S010000|F021_S005000,+--++++++---+--++++-,1,0,NaN
20,9,R20_I09,3,JOINT_GA,Joint-encoding GA,1,22271001,733.073465671402,14019.2761344209,569.853868303843,2720.0661563579,94.5845105290943,4356.89874378584,8,6,25,14.7710608813608,2.75890892320692,0.3602632,150,25-11-18-8-19-10-13-23-9-22-7-12-21-20-15-24-2-14-3-6,F003_S000000|F005_S005000|M001_S006200|F301_S000000|F301_S005000|F300_S005000|M002_S000000|F002_S000000|F010_S000000|F177_S000000|F073_S005000|F132_S000000|M002_S011200|M005_S006200|F195_S001400|M007_S007800|M009_S000000|M009_S005000|M009_S010000|F021_S005000,+--++++++---+--++++-,1,0,NaN
20,9,R20_I09,3,JOINT_GA,Joint-encoding GA,2,22271002,730.570828934285,13905.1172242238,556.791182423714,2707.57742884551,92.0818737919778,4242.73983358869,6,3,25,15.0620236348803,2.40810067194701,0.361152,150,25-11-18-8-19-10-13-23-9-22-7-12-21-6-15-24-2-14-3-20,F003_S000000|F005_S005000|M001_S006200|F301_S000000|F301_S005000|F300_S005000|M002_S000000|F002_S000000|F010_S000000|F177_S000000|F073_S005000|F132_S000000|M002_S011200|F021_S005000|F195_S001400|M007_S007800|M009_S000000|M009_S005000|M009_S010000|M005_S006200,+--++++++---+--++++-,1,0,NaN
20,9,R20_I09,3,JOINT_GA,Joint-encoding GA,3,22271003,733.073465671402,14019.2761344209,569.853868303843,2720.0661563579,94.5845105290943,4356.89874378584,8,6,25,14.7710608813608,2.75890892320692,0.3603266,150,25-11-18-8-19-10-13-23-9-22-7-12-21-20-15-24-2-14-3-6,F003_S000000|F005_S005000|M001_S006200|F301_S000000|F301_S005000|F300_S005000|M002_S000000|F002_S000000|F010_S000000|F177_S000000|F073_S005000|F132_S000000|M002_S011200|M005_S006200|F195_S001400|M007_S007800|M009_S000000|M009_S005000|M009_S010000|F021_S005000,+--++++++---+--++++-,1,0,NaN
20,9,R20_I09,3,JOINT_GA,Joint-encoding GA,4,22271004,733.073465671402,14019.2761344209,569.853868303843,2720.0661563579,94.5845105290943,4356.89874378584,8,6,25,14.7710608813608,2.75890892320692,0.3586574,150,25-11-18-8-19-10-13-23-9-22-7-12-21-20-15-24-2-14-3-6,F003_S000000|F005_S005000|M001_S006200|F301_S000000|F301_S005000|F300_S005000|M002_S000000|F002_S000000|F010_S000000|F177_S000000|F073_S005000|F132_S000000|M002_S011200|M005_S006200|F195_S001400|M007_S007800|M009_S000000|M009_S005000|M009_S010000|F021_S005000,+--++++++---+--++++-,1,0,NaN
20,9,R20_I09,3,JOINT_GA,Joint-encoding GA,5,22271005,730.570828934285,13905.1172242238,556.791182423714,2707.57742884551,92.0818737919778,4242.73983358869,6,3,25,15.0620236348803,2.40810067194701,0.3611774,150,25-11-18-8-19-10-13-23-9-22-7-12-21-6-15-24-2-14-3-20,F003_S000000|F005_S005000|M001_S006200|F301_S000000|F301_S005000|F300_S005000|M002_S000000|F002_S000000|F010_S000000|F177_S000000|F073_S005000|F132_S000000|M002_S011200|F021_S005000|F195_S001400|M007_S007800|M009_S000000|M009_S005000|M009_S010000|M005_S006200,+--++++++---+--++++-,1,0,NaN
20,9,R20_I09,3,JOINT_GA,Joint-encoding GA,6,22271006,733.073465671402,14019.2761344209,569.853868303843,2720.0661563579,94.5845105290943,4356.89874378584,8,6,25,14.7710608813608,2.75890892320692,0.3614982,150,25-11-18-8-19-10-13-23-9-22-7-12-21-20-15-24-2-14-3-6,F003_S000000|F005_S005000|M001_S006200|F301_S000000|F301_S005000|F300_S005000|M002_S000000|F002_S000000|F010_S000000|F177_S000000|F073_S005000|F132_S000000|M002_S011200|M005_S006200|F195_S001400|M007_S007800|M009_S000000|M009_S005000|M009_S010000|F021_S005000,+--++++++---+--++++-,1,0,NaN
20,9,R20_I09,3,JOINT_GA,Joint-encoding GA,7,22271007,730.570828934285,13905.1172242238,556.791182423714,2707.57742884551,92.0818737919778,4242.73983358869,6,3,25,15.0620236348803,2.40810067194701,0.3610137,150,25-11-18-8-19-10-13-23-9-22-7-12-21-6-15-24-2-14-3-20,F003_S000000|F005_S005000|M001_S006200|F301_S000000|F301_S005000|F300_S005000|M002_S000000|F002_S000000|F010_S000000|F177_S000000|F073_S005000|F132_S000000|M002_S011200|F021_S005000|F195_S001400|M007_S007800|M009_S000000|M009_S005000|M009_S010000|M005_S006200,+--++++++---+--++++-,1,0,NaN
20,9,R20_I09,3,JOINT_GA,Joint-encoding GA,8,22271008,730.570828934285,13905.1172242238,556.791182423714,2707.57742884551,92.0818737919778,4242.73983358869,6,3,25,15.0620236348803,2.40810067194701,0.359807,150,25-11-18-8-19-10-13-23-9-22-7-12-21-6-15-24-2-14-3-20,F003_S000000|F005_S005000|M001_S006200|F301_S000000|F301_S005000|F300_S005000|M002_S000000|F002_S000000|F010_S000000|F177_S000000|F073_S005000|F132_S000000|M002_S011200|F021_S005000|F195_S001400|M007_S007800|M009_S000000|M009_S005000|M009_S010000|M005_S006200,+--++++++---+--++++-,1,0,NaN
20,9,R20_I09,3,JOINT_GA,Joint-encoding GA,9,22271009,733.073465671402,14019.2761344209,569.853868303843,2720.0661563579,94.5845105290943,4356.89874378584,8,6,25,14.7710608813608,2.75890892320692,0.360496,150,25-11-18-8-19-10-13-23-9-22-7-12-21-20-15-24-2-14-3-6,F003_S000000|F005_S005000|M001_S006200|F301_S000000|F301_S005000|F300_S005000|M002_S000000|F002_S000000|F010_S000000|F177_S000000|F073_S005000|F132_S000000|M002_S011200|M005_S006200|F195_S001400|M007_S007800|M009_S000000|M009_S005000|M009_S010000|F021_S005000,+--++++++---+--++++-,1,0,NaN
20,9,R20_I09,3,JOINT_GA,Joint-encoding GA,10,22271010,730.570828934285,13905.1172242238,556.791182423714,2707.57742884551,92.0818737919778,4242.73983358869,6,3,25,15.0620236348803,2.40810067194701,0.3582533,150,25-11-18-8-19-10-13-23-9-22-7-12-21-6-15-24-2-14-3-20,F003_S000000|F005_S005000|M001_S006200|F301_S000000|F301_S005000|F300_S005000|M002_S000000|F002_S000000|F010_S000000|F177_S000000|F073_S005000|F132_S000000|M002_S011200|F021_S005000|F195_S001400|M007_S007800|M009_S000000|M009_S005000|M009_S010000|M005_S006200,+--++++++---+--++++-,1,0,NaN
20,9,R20_I09,3,JOINT_GA,Joint-encoding GA,11,22271011,733.073465671402,14019.2761344209,569.853868303843,2720.0661563579,94.5845105290943,4356.89874378584,8,6,25,14.7710608813608,2.75890892320692,0.3597414,150,25-11-18-8-19-10-13-23-9-22-7-12-21-20-15-24-2-14-3-6,F003_S000000|F005_S005000|M001_S006200|F301_S000000|F301_S005000|F300_S005000|M002_S000000|F002_S000000|F010_S000000|F177_S000000|F073_S005000|F132_S000000|M002_S011200|M005_S006200|F195_S001400|M007_S007800|M009_S000000|M009_S005000|M009_S010000|F021_S005000,+--++++++---+--++++-,1,0,NaN
20,9,R20_I09,3,JOINT_GA,Joint-encoding GA,12,22271012,730.570828934285,13905.1172242238,556.791182423714,2707.57742884551,92.0818737919778,4242.73983358869,6,3,25,15.0620236348803,2.40810067194701,0.3577297,150,25-11-18-8-19-10-13-23-9-22-7-12-21-6-15-24-2-14-3-20,F003_S000000|F005_S005000|M001_S006200|F301_S000000|F301_S005000|F300_S005000|M002_S000000|F002_S000000|F010_S000000|F177_S000000|F073_S005000|F132_S000000|M002_S011200|F021_S005000|F195_S001400|M007_S007800|M009_S000000|M009_S005000|M009_S010000|M005_S006200,+--++++++---+--++++-,1,0,NaN
20,9,R20_I09,3,JOINT_GA,Joint-encoding GA,13,22271013,730.570828934285,13905.1172242238,556.791182423714,2707.57742884551,92.0818737919778,4242.73983358869,6,3,25,15.0620236348803,2.40810067194701,0.3592599,150,25-11-18-8-19-10-13-23-9-22-7-12-21-6-15-24-2-14-3-20,F003_S000000|F005_S005000|M001_S006200|F301_S000000|F301_S005000|F300_S005000|M002_S000000|F002_S000000|F010_S000000|F177_S000000|F073_S005000|F132_S000000|M002_S011200|F021_S005000|F195_S001400|M007_S007800|M009_S000000|M009_S005000|M009_S010000|M005_S006200,+--++++++---+--++++-,1,0,NaN
20,9,R20_I09,3,JOINT_GA,Joint-encoding GA,14,22271014,730.570828934285,13905.1172242238,556.791182423714,2707.57742884551,92.0818737919778,4242.73983358869,6,3,25,15.0620236348803,2.40810067194701,0.3580191,150,25-11-18-8-19-10-13-23-9-22-7-12-21-6-15-24-2-14-3-20,F003_S000000|F005_S005000|M001_S006200|F301_S000000|F301_S005000|F300_S005000|M002_S000000|F002_S000000|F010_S000000|F177_S000000|F073_S005000|F132_S000000|M002_S011200|F021_S005000|F195_S001400|M007_S007800|M009_S000000|M009_S005000|M009_S010000|M005_S006200,+--++++++---+--++++-,1,0,NaN
20,9,R20_I09,3,JOINT_GA,Joint-encoding GA,15,22271015,733.073465671402,14019.2761344209,569.853868303843,2720.0661563579,94.5845105290943,4356.89874378584,8,6,25,14.7710608813608,2.75890892320692,0.3580153,150,25-11-18-8-19-10-13-23-9-22-7-12-21-20-15-24-2-14-3-6,F003_S000000|F005_S005000|M001_S006200|F301_S000000|F301_S005000|F300_S005000|M002_S000000|F002_S000000|F010_S000000|F177_S000000|F073_S005000|F132_S000000|M002_S011200|M005_S006200|F195_S001400|M007_S007800|M009_S000000|M009_S005000|M009_S010000|F021_S005000,+--++++++---+--++++-,1,0,NaN
20,9,R20_I09,3,JOINT_GA,Joint-encoding GA,16,22271016,730.570828934285,13905.1172242238,556.791182423714,2707.57742884551,92.0818737919778,4242.73983358869,6,3,25,15.0620236348803,2.40810067194701,0.3633953,150,25-11-18-8-19-10-13-23-9-22-7-12-21-6-15-24-2-14-3-20,F003_S000000|F005_S005000|M001_S006200|F301_S000000|F301_S005000|F300_S005000|M002_S000000|F002_S000000|F010_S000000|F177_S000000|F073_S005000|F132_S000000|M002_S011200|F021_S005000|F195_S001400|M007_S007800|M009_S000000|M009_S005000|M009_S010000|M005_S006200,+--++++++---+--++++-,1,0,NaN
20,9,R20_I09,3,JOINT_GA,Joint-encoding GA,17,22271017,733.073465671402,14019.2761344209,569.853868303843,2720.0661563579,94.5845105290943,4356.89874378584,8,6,25,14.7710608813608,2.75890892320692,0.3617618,150,25-11-18-8-19-10-13-23-9-22-7-12-21-20-15-24-2-14-3-6,F003_S000000|F005_S005000|M001_S006200|F301_S000000|F301_S005000|F300_S005000|M002_S000000|F002_S000000|F010_S000000|F177_S000000|F073_S005000|F132_S000000|M002_S011200|M005_S006200|F195_S001400|M007_S007800|M009_S000000|M009_S005000|M009_S010000|F021_S005000,+--++++++---+--++++-,1,0,NaN
20,9,R20_I09,3,JOINT_GA,Joint-encoding GA,18,22271018,730.570828934285,13905.1172242238,556.791182423714,2707.57742884551,92.0818737919778,4242.73983358869,6,3,25,15.0620236348803,2.40810067194701,0.3622095,150,25-11-18-8-19-10-13-23-9-22-7-12-21-6-15-24-2-14-3-20,F003_S000000|F005_S005000|M001_S006200|F301_S000000|F301_S005000|F300_S005000|M002_S000000|F002_S000000|F010_S000000|F177_S000000|F073_S005000|F132_S000000|M002_S011200|F021_S005000|F195_S001400|M007_S007800|M009_S000000|M009_S005000|M009_S010000|M005_S006200,+--++++++---+--++++-,1,0,NaN
20,9,R20_I09,3,JOINT_GA,Joint-encoding GA,19,22271019,730.570828934285,13905.1172242238,556.791182423714,2707.57742884551,92.0818737919778,4242.73983358869,6,3,25,15.0620236348803,2.40810067194701,0.3642819,150,25-11-18-8-19-10-13-23-9-22-7-12-21-6-15-24-2-14-3-20,F003_S000000|F005_S005000|M001_S006200|F301_S000000|F301_S005000|F300_S005000|M002_S000000|F002_S000000|F010_S000000|F177_S000000|F073_S005000|F132_S000000|M002_S011200|F021_S005000|F195_S001400|M007_S007800|M009_S000000|M009_S005000|M009_S010000|M005_S006200,+--++++++---+--++++-,1,0,NaN
20,9,R20_I09,3,JOINT_GA,Joint-encoding GA,20,22271020,730.570828934285,13905.1172242238,556.791182423714,2707.57742884551,92.0818737919778,4242.73983358869,6,3,25,15.0620236348803,2.40810067194701,0.3579177,150,25-11-18-8-19-10-13-23-9-22-7-12-21-6-15-24-2-14-3-20,F003_S000000|F005_S005000|M001_S006200|F301_S000000|F301_S005000|F300_S005000|M002_S000000|F002_S000000|F010_S000000|F177_S000000|F073_S005000|F132_S000000|M002_S011200|F021_S005000|F195_S001400|M007_S007800|M009_S000000|M009_S005000|M009_S010000|M005_S006200,+--++++++---+--++++-,1,0,NaN
20,9,R20_I09,4,GA_DP,Proposed GA-DP,1,22271501,715.670178303718,13032.7177110204,578.633093377236,2646.41280735207,77.0319109590068,3370.34032038531,5,3,26.3665048456766,16.794410230346,0.319395142766961,0.2048656,150,13-10-19-8-18-11-25-23-9-12-7-22-20-6-15-24-2-14-3-21,M002_S000000|F300_S005000|F301_S005000|F301_S000000|M001_S006200|F005_S005000|F003_S000000|F002_S000000|F010_S000000|F132_S000000|F073_S005000|F177_S000000|M005_S006200|F021_S005000|F195_S001400|M007_S007800|M009_S000000|M009_S005000|M009_S010000|M002_S011200,----++-++++++--++++-,1,0,NaN
20,9,R20_I09,4,GA_DP,Proposed GA-DP,2,22271502,715.670178303718,13032.7177110204,578.633093377236,2646.41280735207,77.0319109590068,3370.34032038531,5,3,26.3665048456766,16.794410230346,0.319395142766961,0.2049666,150,13-10-19-8-18-11-25-23-9-12-7-22-20-6-15-24-2-14-3-21,M002_S000000|F300_S005000|F301_S005000|F301_S000000|M001_S006200|F005_S005000|F003_S000000|F002_S000000|F010_S000000|F132_S000000|F073_S005000|F177_S000000|M005_S006200|F021_S005000|F195_S001400|M007_S007800|M009_S000000|M009_S005000|M009_S010000|M002_S011200,----++-++++++--++++-,1,0,NaN
20,9,R20_I09,4,GA_DP,Proposed GA-DP,3,22271503,714.125296287915,13096.4217907752,539.046926892319,2652.5182334524,75.4964689617628,3434.04440014017,5,3,25,16.9740220447632,0.10284059838226,0.2071511,150,13-10-19-8-18-11-25-23-12-7-22-15-24-2-14-3-6-20-9-21,M002_S000000|F300_S005000|F301_S005000|F301_S000000|M001_S006200|F005_S005000|F003_S000000|F002_S000000|F132_S000000|F073_S005000|F177_S000000|F195_S001400|M007_S007800|M009_S000000|M009_S005000|M009_S010000|F021_S005000|M005_S006200|F010_S000000|M002_S011200,----++-++++-++++-+--,1,0,NaN
20,9,R20_I09,4,GA_DP,Proposed GA-DP,4,22271504,716.833485975537,13093.6836177282,575.061560853715,2659.40659893415,78.1952186308265,3431.30622709312,6,4,26.3665048456766,16.659161195453,0.482462328657655,0.203965,150,13-10-19-8-18-11-25-23-9-12-7-22-15-24-2-14-3-6-20-21,M002_S000000|F300_S005000|F301_S005000|F301_S000000|M001_S006200|F005_S005000|F003_S000000|F002_S000000|F010_S000000|F132_S000000|F073_S005000|F177_S000000|F195_S001400|M007_S007800|M009_S000000|M009_S005000|M009_S010000|F021_S005000|M005_S006200|M002_S011200,----++-+++++-++++-+-,1,0,NaN
20,9,R20_I09,4,GA_DP,Proposed GA-DP,5,22271505,716.833485975537,13093.6836177282,575.061560853715,2659.40659893415,78.1952186308265,3431.30622709312,6,4,26.3665048456766,16.659161195453,0.482462328657655,0.2034783,150,13-10-19-8-18-11-25-23-9-12-7-22-15-24-2-14-3-6-20-21,M002_S000000|F300_S005000|F301_S005000|F301_S000000|M001_S006200|F005_S005000|F003_S000000|F002_S000000|F010_S000000|F132_S000000|F073_S005000|F177_S000000|F195_S001400|M007_S007800|M009_S000000|M009_S005000|M009_S010000|F021_S005000|M005_S006200|M002_S011200,----++-+++++-++++-+-,1,0,NaN
20,9,R20_I09,4,GA_DP,Proposed GA-DP,6,22271506,715.670178303718,13032.7177110204,578.633093377236,2646.41280735207,77.0319109590068,3370.34032038531,5,3,26.3665048456766,16.794410230346,0.319395142766961,0.203809,150,13-10-19-8-18-11-25-23-9-12-7-22-20-6-15-24-2-14-3-21,M002_S000000|F300_S005000|F301_S005000|F301_S000000|M001_S006200|F005_S005000|F003_S000000|F002_S000000|F010_S000000|F132_S000000|F073_S005000|F177_S000000|M005_S006200|F021_S005000|F195_S001400|M007_S007800|M009_S000000|M009_S005000|M009_S010000|M002_S011200,----++-++++++--++++-,1,0,NaN
20,9,R20_I09,4,GA_DP,Proposed GA-DP,7,22271507,715.670178303718,13032.7177110204,578.633093377236,2646.41280735207,77.0319109590068,3370.34032038531,5,3,26.3665048456766,16.794410230346,0.319395142766961,0.203834,150,13-10-19-8-18-11-25-23-9-12-7-22-20-6-15-24-2-14-3-21,M002_S000000|F300_S005000|F301_S005000|F301_S000000|M001_S006200|F005_S005000|F003_S000000|F002_S000000|F010_S000000|F132_S000000|F073_S005000|F177_S000000|M005_S006200|F021_S005000|F195_S001400|M007_S007800|M009_S000000|M009_S005000|M009_S010000|M002_S011200,----++-++++++--++++-,1,0,NaN
20,9,R20_I09,4,GA_DP,Proposed GA-DP,8,22271508,715.670178303718,13032.7177110204,578.633093377236,2646.41280735207,77.0319109590068,3370.34032038531,5,3,26.3665048456766,16.794410230346,0.319395142766961,0.2029187,150,13-10-19-8-18-11-25-23-9-12-7-22-20-6-15-24-2-14-3-21,M002_S000000|F300_S005000|F301_S005000|F301_S000000|M001_S006200|F005_S005000|F003_S000000|F002_S000000|F010_S000000|F132_S000000|F073_S005000|F177_S000000|M005_S006200|F021_S005000|F195_S001400|M007_S007800|M009_S000000|M009_S005000|M009_S010000|M002_S011200,----++-++++++--++++-,1,0,NaN
20,9,R20_I09,4,GA_DP,Proposed GA-DP,9,22271509,713.391640056472,13075.2320348998,520.070057654233,2653.01354526837,74.9522660933818,3412.85464426476,6,3,25,17.0593187376757,0,0.2029605,150,13-10-19-8-18-11-25-23-12-7-22-20-3-14-2-24-15-6-9-21,M002_S000000|F300_S005000|F301_S005000|F301_S000000|M001_S006200|F005_S005000|F003_S000000|F002_S000000|F132_S000000|F073_S005000|F177_S000000|M005_S006200|M009_S010000|M009_S005000|M009_S000000|M007_S007800|F195_S001400|F021_S005000|F010_S000000|M002_S011200,----++-+++++----++--,1,0,NaN
20,9,R20_I09,4,GA_DP,Proposed GA-DP,10,22271510,714.125296287915,13096.4217907752,539.046926892319,2652.5182334524,75.4964689617628,3434.04440014017,5,3,25,16.9740220447632,0.10284059838226,0.2041283,150,13-10-19-8-18-11-25-23-12-7-22-15-24-2-14-3-6-20-9-21,M002_S000000|F300_S005000|F301_S005000|F301_S000000|M001_S006200|F005_S005000|F003_S000000|F002_S000000|F132_S000000|F073_S005000|F177_S000000|F195_S001400|M007_S007800|M009_S000000|M009_S005000|M009_S010000|F021_S005000|M005_S006200|F010_S000000|M002_S011200,----++-++++-++++-+--,1,0,NaN
20,9,R20_I09,4,GA_DP,Proposed GA-DP,11,22271511,713.391640056472,13075.2320348998,520.070057654233,2653.01354526837,74.9522660933818,3412.85464426476,6,3,25,17.0593187376757,0,0.2047929,150,13-10-19-8-18-11-25-23-12-7-22-20-3-14-2-24-15-6-9-21,M002_S000000|F300_S005000|F301_S005000|F301_S000000|M001_S006200|F005_S005000|F003_S000000|F002_S000000|F132_S000000|F073_S005000|F177_S000000|M005_S006200|M009_S010000|M009_S005000|M009_S000000|M007_S007800|F195_S001400|F021_S005000|F010_S000000|M002_S011200,----++-+++++----++--,1,0,NaN
20,9,R20_I09,4,GA_DP,Proposed GA-DP,12,22271512,716.833485975537,13093.6836177282,575.061560853715,2659.40659893415,78.1952186308265,3431.30622709312,6,4,26.3665048456766,16.659161195453,0.482462328657655,0.2011538,150,13-10-19-8-18-11-25-23-9-12-7-22-15-24-2-14-3-6-20-21,M002_S000000|F300_S005000|F301_S005000|F301_S000000|M001_S006200|F005_S005000|F003_S000000|F002_S000000|F010_S000000|F132_S000000|F073_S005000|F177_S000000|F195_S001400|M007_S007800|M009_S000000|M009_S005000|M009_S010000|F021_S005000|M005_S006200|M002_S011200,----++-+++++-++++-+-,1,0,NaN
20,9,R20_I09,4,GA_DP,Proposed GA-DP,13,22271513,716.833485975537,13093.6836177282,575.061560853715,2659.40659893415,78.1952186308265,3431.30622709312,6,4,26.3665048456766,16.659161195453,0.482462328657655,0.2051841,150,13-10-19-8-18-11-25-23-9-12-7-22-15-24-2-14-3-6-20-21,M002_S000000|F300_S005000|F301_S005000|F301_S000000|M001_S006200|F005_S005000|F003_S000000|F002_S000000|F010_S000000|F132_S000000|F073_S005000|F177_S000000|F195_S001400|M007_S007800|M009_S000000|M009_S005000|M009_S010000|F021_S005000|M005_S006200|M002_S011200,----++-+++++-++++-+-,1,0,NaN
20,9,R20_I09,4,GA_DP,Proposed GA-DP,14,22271514,715.670178303718,13032.7177110204,578.633093377236,2646.41280735207,77.0319109590068,3370.34032038531,5,3,26.3665048456766,16.794410230346,0.319395142766961,0.2057036,150,13-10-19-8-18-11-25-23-9-12-7-22-20-6-15-24-2-14-3-21,M002_S000000|F300_S005000|F301_S005000|F301_S000000|M001_S006200|F005_S005000|F003_S000000|F002_S000000|F010_S000000|F132_S000000|F073_S005000|F177_S000000|M005_S006200|F021_S005000|F195_S001400|M007_S007800|M009_S000000|M009_S005000|M009_S010000|M002_S011200,----++-++++++--++++-,1,0,NaN
20,9,R20_I09,4,GA_DP,Proposed GA-DP,15,22271515,715.670178303718,13032.7177110204,578.633093377236,2646.41280735207,77.0319109590068,3370.34032038531,5,3,26.3665048456766,16.794410230346,0.319395142766961,0.2049802,150,13-10-19-8-18-11-25-23-9-12-7-22-20-6-15-24-2-14-3-21,M002_S000000|F300_S005000|F301_S005000|F301_S000000|M001_S006200|F005_S005000|F003_S000000|F002_S000000|F010_S000000|F132_S000000|F073_S005000|F177_S000000|M005_S006200|F021_S005000|F195_S001400|M007_S007800|M009_S000000|M009_S005000|M009_S010000|M002_S011200,----++-++++++--++++-,1,0,NaN
20,9,R20_I09,4,GA_DP,Proposed GA-DP,16,22271516,717.947468054737,13307.8278613765,535.006028828635,2665.12941792305,79.5547108155652,3645.45047074144,6,2,26.3665048456766,16.5296468762839,0.638615277003287,0.2054593,150,13-10-19-8-18-11-25-23-9-20-3-14-2-24-15-6-22-7-12-21,M002_S000000|F300_S005000|F301_S005000|F301_S000000|M001_S006200|F005_S005000|F003_S000000|F002_S000000|F010_S000000|M005_S006200|M009_S010000|M009_S005000|M009_S000000|M007_S007800|F195_S001400|F021_S005000|F177_S000000|F073_S005000|F132_S000000|M002_S011200,----++-+++----++----,1,0,NaN
20,9,R20_I09,4,GA_DP,Proposed GA-DP,17,22271517,713.391640056472,13075.2320348998,520.070057654233,2653.01354526837,74.9522660933818,3412.85464426476,6,3,25,17.0593187376757,0,0.2037701,150,13-10-19-8-18-11-25-23-12-7-22-20-3-14-2-24-15-6-9-21,M002_S000000|F300_S005000|F301_S005000|F301_S000000|M001_S006200|F005_S005000|F003_S000000|F002_S000000|F132_S000000|F073_S005000|F177_S000000|M005_S006200|M009_S010000|M009_S005000|M009_S000000|M007_S007800|F195_S001400|F021_S005000|F010_S000000|M002_S011200,----++-+++++----++--,1,0,NaN
20,9,R20_I09,4,GA_DP,Proposed GA-DP,18,22271518,715.670178303718,13032.7177110204,578.633093377236,2646.41280735207,77.0319109590068,3370.34032038531,5,3,26.3665048456766,16.794410230346,0.319395142766961,0.206869,150,13-10-19-8-18-11-25-23-9-12-7-22-20-6-15-24-2-14-3-21,M002_S000000|F300_S005000|F301_S005000|F301_S000000|M001_S006200|F005_S005000|F003_S000000|F002_S000000|F010_S000000|F132_S000000|F073_S005000|F177_S000000|M005_S006200|F021_S005000|F195_S001400|M007_S007800|M009_S000000|M009_S005000|M009_S010000|M002_S011200,----++-++++++--++++-,1,0,NaN
20,9,R20_I09,4,GA_DP,Proposed GA-DP,19,22271519,714.125296287915,13096.4217907752,539.046926892319,2652.5182334524,75.4964689617628,3434.04440014017,5,3,25,16.9740220447632,0.10284059838226,0.2047099,150,13-10-19-8-18-11-25-23-12-7-22-15-24-2-14-3-6-20-9-21,M002_S000000|F300_S005000|F301_S005000|F301_S000000|M001_S006200|F005_S005000|F003_S000000|F002_S000000|F132_S000000|F073_S005000|F177_S000000|F195_S001400|M007_S007800|M009_S000000|M009_S005000|M009_S010000|F021_S005000|M005_S006200|F010_S000000|M002_S011200,----++-++++-++++-+--,1,0,NaN
20,9,R20_I09,4,GA_DP,Proposed GA-DP,20,22271520,716.833485975537,13093.6836177282,575.061560853715,2659.40659893415,78.1952186308265,3431.30622709312,6,4,26.3665048456766,16.659161195453,0.482462328657655,0.2051119,150,13-10-19-8-18-11-25-23-9-12-7-22-15-24-2-14-3-6-20-21,M002_S000000|F300_S005000|F301_S005000|F301_S000000|M001_S006200|F005_S005000|F003_S000000|F002_S000000|F010_S000000|F132_S000000|F073_S005000|F177_S000000|F195_S001400|M007_S007800|M009_S000000|M009_S005000|M009_S010000|F021_S005000|M005_S006200|M002_S011200,----++-+++++-++++-+-,1,0,NaN
20,9,R20_I09,5,EXACT,Exact optimum,1,NaN,713.391640056472,13075.2320348998,520.070057654233,2653.01354526837,74.9522660933818,3412.85464426476,6,3,25,17.0593187376757,0,0.187341,0,13-10-19-8-18-11-25-23-12-7-22-20-3-14-2-24-15-6-9-21,M002_S000000|F300_S005000|F301_S005000|F301_S000000|M001_S006200|F005_S005000|F003_S000000|F002_S000000|F132_S000000|F073_S005000|F177_S000000|M005_S006200|M009_S010000|M009_S005000|M009_S000000|M007_S007800|F195_S001400|F021_S005000|F010_S000000|M002_S011200,----++-+++++----++--,1,1,0
20,10,R20_I10,1,FIXED,Fixed order + fixed direction,1,NaN,870.87854892518,20480.2955254224,919.622927377142,3199.57603402796,232.231270993237,10820.0827216144,14,11,25,0,21.4802272396922,3.55e-05,0,4-18-13-21-20-24-17-2-14-3-23-25-9-6-7-22-15-8-19-5,M001_S001200|M001_S006200|M002_S000000|M002_S011200|M005_S006200|M007_S007800|M008_S005000|M009_S000000|M009_S005000|M009_S010000|F002_S000000|F003_S000000|F010_S000000|F021_S005000|F073_S005000|F177_S000000|F195_S001400|F301_S000000|F301_S005000|F301_S010000,++++++++++++++++++++,1,0,NaN
20,10,R20_I10,2,NN_DP,Nearest neighbour-DP,1,NaN,734.964843006034,14167.5550202881,556.272492157796,2726.33264113031,96.7140926086035,4507.34221648008,9,3,25,15.6065051879953,2.52140927314118,0.0004084,0,25-23-17-7-22-15-24-2-14-3-20-6-9-21-13-18-4-8-19-5,F003_S000000|F002_S000000|M008_S005000|F073_S005000|F177_S000000|F195_S001400|M007_S007800|M009_S000000|M009_S005000|M009_S010000|M005_S006200|F021_S005000|F010_S000000|M002_S011200|M002_S000000|M001_S006200|M001_S001200|F301_S000000|F301_S005000|F301_S010000,+--++-++++-+----++++,1,0,NaN
20,10,R20_I10,3,JOINT_GA,Joint-encoding GA,1,22272001,732.449385930802,14140.637016086,540.92133338559,2717.57902751972,94.1986355333721,4480.424212278,8,3,25,15.8953465055747,2.17052418418362,0.3594314,150,17-7-22-15-24-2-14-3-20-6-9-21-13-18-4-8-19-5-25-23,M008_S005000|F073_S005000|F177_S000000|F195_S001400|M007_S007800|M009_S000000|M009_S005000|M009_S010000|M005_S006200|F021_S005000|F010_S000000|M002_S011200|M002_S000000|M001_S006200|M001_S001200|F301_S000000|F301_S005000|F301_S010000|F003_S000000|F002_S000000,-++-++++-+----+++++-,1,0,NaN
20,10,R20_I10,3,JOINT_GA,Joint-encoding GA,2,22272002,732.449385930802,14140.637016086,540.92133338559,2717.57902751972,94.1986355333721,4480.424212278,8,3,25,15.8953465055747,2.17052418418362,0.3592636,150,17-7-22-15-24-2-14-3-20-6-9-21-13-18-4-8-19-5-25-23,M008_S005000|F073_S005000|F177_S000000|F195_S001400|M007_S007800|M009_S000000|M009_S005000|M009_S010000|M005_S006200|F021_S005000|F010_S000000|M002_S011200|M002_S000000|M001_S006200|M001_S001200|F301_S000000|F301_S005000|F301_S010000|F003_S000000|F002_S000000,-++-++++-+----+++++-,1,0,NaN
20,10,R20_I10,3,JOINT_GA,Joint-encoding GA,3,22272003,734.964843006034,14167.5550202881,556.272492157796,2726.33264113031,96.7140926086035,4507.34221648008,9,3,25,15.6065051879953,2.52140927314118,0.3614167,150,25-23-17-7-22-15-24-2-14-3-20-6-9-21-13-18-4-8-19-5,F003_S000000|F002_S000000|M008_S005000|F073_S005000|F177_S000000|F195_S001400|M007_S007800|M009_S000000|M009_S005000|M009_S010000|M005_S006200|F021_S005000|F010_S000000|M002_S011200|M002_S000000|M001_S006200|M001_S001200|F301_S000000|F301_S005000|F301_S010000,+--++-++++-+----++++,1,0,NaN
20,10,R20_I10,3,JOINT_GA,Joint-encoding GA,4,22272004,732.449385930802,14140.637016086,540.92133338559,2717.57902751972,94.1986355333721,4480.424212278,8,3,25,15.8953465055747,2.17052418418362,0.3593379,150,17-7-22-15-24-2-14-3-20-6-9-21-13-18-4-8-19-5-25-23,M008_S005000|F073_S005000|F177_S000000|F195_S001400|M007_S007800|M009_S000000|M009_S005000|M009_S010000|M005_S006200|F021_S005000|F010_S000000|M002_S011200|M002_S000000|M001_S006200|M001_S001200|F301_S000000|F301_S005000|F301_S010000|F003_S000000|F002_S000000,-++-++++-+----+++++-,1,0,NaN
20,10,R20_I10,3,JOINT_GA,Joint-encoding GA,5,22272005,732.449385930802,14140.637016086,540.92133338559,2717.57902751972,94.1986355333721,4480.424212278,8,3,25,15.8953465055747,2.17052418418362,0.3581883,150,17-7-22-15-24-2-14-3-20-6-9-21-13-18-4-8-19-5-25-23,M008_S005000|F073_S005000|F177_S000000|F195_S001400|M007_S007800|M009_S000000|M009_S005000|M009_S010000|M005_S006200|F021_S005000|F010_S000000|M002_S011200|M002_S000000|M001_S006200|M001_S001200|F301_S000000|F301_S005000|F301_S010000|F003_S000000|F002_S000000,-++-++++-+----+++++-,1,0,NaN
20,10,R20_I10,3,JOINT_GA,Joint-encoding GA,6,22272006,732.449385930802,14140.637016086,540.92133338559,2717.57902751972,94.1986355333721,4480.424212278,8,3,25,15.8953465055747,2.17052418418362,0.3614399,150,17-7-22-15-24-2-14-3-20-6-9-21-13-18-4-8-19-5-25-23,M008_S005000|F073_S005000|F177_S000000|F195_S001400|M007_S007800|M009_S000000|M009_S005000|M009_S010000|M005_S006200|F021_S005000|F010_S000000|M002_S011200|M002_S000000|M001_S006200|M001_S001200|F301_S000000|F301_S005000|F301_S010000|F003_S000000|F002_S000000,-++-++++-+----+++++-,1,0,NaN
20,10,R20_I10,3,JOINT_GA,Joint-encoding GA,7,22272007,732.449385930802,14140.637016086,540.92133338559,2717.57902751972,94.1986355333721,4480.424212278,8,3,25,15.8953465055747,2.17052418418362,0.3614464,150,17-7-22-15-24-2-14-3-20-6-9-21-13-18-4-8-19-5-25-23,M008_S005000|F073_S005000|F177_S000000|F195_S001400|M007_S007800|M009_S000000|M009_S005000|M009_S010000|M005_S006200|F021_S005000|F010_S000000|M002_S011200|M002_S000000|M001_S006200|M001_S001200|F301_S000000|F301_S005000|F301_S010000|F003_S000000|F002_S000000,-++-++++-+----+++++-,1,0,NaN
20,10,R20_I10,3,JOINT_GA,Joint-encoding GA,8,22272008,732.449385930802,14140.637016086,540.92133338559,2717.57902751972,94.1986355333721,4480.424212278,8,3,25,15.8953465055747,2.17052418418362,0.3623531,150,17-7-22-15-24-2-14-3-20-6-9-21-13-18-4-8-19-5-25-23,M008_S005000|F073_S005000|F177_S000000|F195_S001400|M007_S007800|M009_S000000|M009_S005000|M009_S010000|M005_S006200|F021_S005000|F010_S000000|M002_S011200|M002_S000000|M001_S006200|M001_S001200|F301_S000000|F301_S005000|F301_S010000|F003_S000000|F002_S000000,-++-++++-+----+++++-,1,0,NaN
20,10,R20_I10,3,JOINT_GA,Joint-encoding GA,9,22272009,734.964843006034,14167.5550202881,556.272492157796,2726.33264113031,96.7140926086035,4507.34221648008,9,3,25,15.6065051879953,2.52140927314118,0.3612935,150,25-23-17-7-22-15-24-2-14-3-20-6-9-21-13-18-4-8-19-5,F003_S000000|F002_S000000|M008_S005000|F073_S005000|F177_S000000|F195_S001400|M007_S007800|M009_S000000|M009_S005000|M009_S010000|M005_S006200|F021_S005000|F010_S000000|M002_S011200|M002_S000000|M001_S006200|M001_S001200|F301_S000000|F301_S005000|F301_S010000,+--++-++++-+----++++,1,0,NaN
20,10,R20_I10,3,JOINT_GA,Joint-encoding GA,10,22272010,734.964843006034,14167.5550202881,556.272492157796,2726.33264113031,96.7140926086035,4507.34221648008,9,3,25,15.6065051879953,2.52140927314118,0.3611702,150,25-23-17-7-22-15-24-2-14-3-20-6-9-21-13-18-4-8-19-5,F003_S000000|F002_S000000|M008_S005000|F073_S005000|F177_S000000|F195_S001400|M007_S007800|M009_S000000|M009_S005000|M009_S010000|M005_S006200|F021_S005000|F010_S000000|M002_S011200|M002_S000000|M001_S006200|M001_S001200|F301_S000000|F301_S005000|F301_S010000,+--++-++++-+----++++,1,0,NaN
20,10,R20_I10,3,JOINT_GA,Joint-encoding GA,11,22272011,732.449385930802,14140.637016086,540.92133338559,2717.57902751972,94.1986355333721,4480.424212278,8,3,25,15.8953465055747,2.17052418418362,0.3628891,150,17-7-22-15-24-2-14-3-20-6-9-21-13-18-4-8-19-5-25-23,M008_S005000|F073_S005000|F177_S000000|F195_S001400|M007_S007800|M009_S000000|M009_S005000|M009_S010000|M005_S006200|F021_S005000|F010_S000000|M002_S011200|M002_S000000|M001_S006200|M001_S001200|F301_S000000|F301_S005000|F301_S010000|F003_S000000|F002_S000000,-++-++++-+----+++++-,1,0,NaN
20,10,R20_I10,3,JOINT_GA,Joint-encoding GA,12,22272012,732.449385930802,14140.637016086,540.92133338559,2717.57902751972,94.1986355333721,4480.424212278,8,3,25,15.8953465055747,2.17052418418362,0.3623218,150,17-7-22-15-24-2-14-3-20-6-9-21-13-18-4-8-19-5-25-23,M008_S005000|F073_S005000|F177_S000000|F195_S001400|M007_S007800|M009_S000000|M009_S005000|M009_S010000|M005_S006200|F021_S005000|F010_S000000|M002_S011200|M002_S000000|M001_S006200|M001_S001200|F301_S000000|F301_S005000|F301_S010000|F003_S000000|F002_S000000,-++-++++-+----+++++-,1,0,NaN
20,10,R20_I10,3,JOINT_GA,Joint-encoding GA,13,22272013,734.964843006034,14167.5550202881,556.272492157796,2726.33264113031,96.7140926086035,4507.34221648008,9,3,25,15.6065051879953,2.52140927314118,0.35978,150,25-23-17-7-22-15-24-2-14-3-20-6-9-21-13-18-4-8-19-5,F003_S000000|F002_S000000|M008_S005000|F073_S005000|F177_S000000|F195_S001400|M007_S007800|M009_S000000|M009_S005000|M009_S010000|M005_S006200|F021_S005000|F010_S000000|M002_S011200|M002_S000000|M001_S006200|M001_S001200|F301_S000000|F301_S005000|F301_S010000,+--++-++++-+----++++,1,0,NaN
20,10,R20_I10,3,JOINT_GA,Joint-encoding GA,14,22272014,734.964843006034,14167.5550202881,556.272492157796,2726.33264113031,96.7140926086035,4507.34221648008,9,3,25,15.6065051879953,2.52140927314118,0.3612344,150,25-23-17-7-22-15-24-2-14-3-20-6-9-21-13-18-4-8-19-5,F003_S000000|F002_S000000|M008_S005000|F073_S005000|F177_S000000|F195_S001400|M007_S007800|M009_S000000|M009_S005000|M009_S010000|M005_S006200|F021_S005000|F010_S000000|M002_S011200|M002_S000000|M001_S006200|M001_S001200|F301_S000000|F301_S005000|F301_S010000,+--++-++++-+----++++,1,0,NaN
20,10,R20_I10,3,JOINT_GA,Joint-encoding GA,15,22272015,732.449385930802,14140.637016086,540.92133338559,2717.57902751972,94.1986355333721,4480.424212278,8,3,25,15.8953465055747,2.17052418418362,0.3602968,150,17-7-22-15-24-2-14-3-20-6-9-21-13-18-4-8-19-5-25-23,M008_S005000|F073_S005000|F177_S000000|F195_S001400|M007_S007800|M009_S000000|M009_S005000|M009_S010000|M005_S006200|F021_S005000|F010_S000000|M002_S011200|M002_S000000|M001_S006200|M001_S001200|F301_S000000|F301_S005000|F301_S010000|F003_S000000|F002_S000000,-++-++++-+----+++++-,1,0,NaN
20,10,R20_I10,3,JOINT_GA,Joint-encoding GA,16,22272016,732.449385930802,14140.637016086,540.92133338559,2717.57902751972,94.1986355333721,4480.424212278,8,3,25,15.8953465055747,2.17052418418362,0.3587497,150,17-7-22-15-24-2-14-3-20-6-9-21-13-18-4-8-19-5-25-23,M008_S005000|F073_S005000|F177_S000000|F195_S001400|M007_S007800|M009_S000000|M009_S005000|M009_S010000|M005_S006200|F021_S005000|F010_S000000|M002_S011200|M002_S000000|M001_S006200|M001_S001200|F301_S000000|F301_S005000|F301_S010000|F003_S000000|F002_S000000,-++-++++-+----+++++-,1,0,NaN
20,10,R20_I10,3,JOINT_GA,Joint-encoding GA,17,22272017,734.964843006034,14167.5550202881,556.272492157796,2726.33264113031,96.7140926086035,4507.34221648008,9,3,25,15.6065051879953,2.52140927314118,0.3617014,150,25-23-17-7-22-15-24-2-14-3-20-6-9-21-13-18-4-8-19-5,F003_S000000|F002_S000000|M008_S005000|F073_S005000|F177_S000000|F195_S001400|M007_S007800|M009_S000000|M009_S005000|M009_S010000|M005_S006200|F021_S005000|F010_S000000|M002_S011200|M002_S000000|M001_S006200|M001_S001200|F301_S000000|F301_S005000|F301_S010000,+--++-++++-+----++++,1,0,NaN
20,10,R20_I10,3,JOINT_GA,Joint-encoding GA,18,22272018,734.964843006034,14167.5550202881,556.272492157796,2726.33264113031,96.7140926086035,4507.34221648008,9,3,25,15.6065051879953,2.52140927314118,0.3601065,150,25-23-17-7-22-15-24-2-14-3-20-6-9-21-13-18-4-8-19-5,F003_S000000|F002_S000000|M008_S005000|F073_S005000|F177_S000000|F195_S001400|M007_S007800|M009_S000000|M009_S005000|M009_S010000|M005_S006200|F021_S005000|F010_S000000|M002_S011200|M002_S000000|M001_S006200|M001_S001200|F301_S000000|F301_S005000|F301_S010000,+--++-++++-+----++++,1,0,NaN
20,10,R20_I10,3,JOINT_GA,Joint-encoding GA,19,22272019,732.449385930802,14140.637016086,540.92133338559,2717.57902751972,94.1986355333721,4480.424212278,8,3,25,15.8953465055747,2.17052418418362,0.3614483,150,17-7-22-15-24-2-14-3-20-6-9-21-13-18-4-8-19-5-25-23,M008_S005000|F073_S005000|F177_S000000|F195_S001400|M007_S007800|M009_S000000|M009_S005000|M009_S010000|M005_S006200|F021_S005000|F010_S000000|M002_S011200|M002_S000000|M001_S006200|M001_S001200|F301_S000000|F301_S005000|F301_S010000|F003_S000000|F002_S000000,-++-++++-+----+++++-,1,0,NaN
20,10,R20_I10,3,JOINT_GA,Joint-encoding GA,20,22272020,732.449385930802,14140.637016086,540.92133338559,2717.57902751972,94.1986355333721,4480.424212278,8,3,25,15.8953465055747,2.17052418418362,0.3615232,150,17-7-22-15-24-2-14-3-20-6-9-21-13-18-4-8-19-5-25-23,M008_S005000|F073_S005000|F177_S000000|F195_S001400|M007_S007800|M009_S000000|M009_S005000|M009_S010000|M005_S006200|F021_S005000|F010_S000000|M002_S011200|M002_S000000|M001_S006200|M001_S001200|F301_S000000|F301_S005000|F301_S010000|F003_S000000|F002_S000000,-++-++++-+----+++++-,1,0,NaN
20,10,R20_I10,4,GA_DP,Proposed GA-DP,1,22272501,716.889133905596,13353.1851971517,501.921232457043,2667.06367820178,78.770668683812,3692.97239334374,8,2,25,17.6820769336475,0,0.2051133,150,13-18-4-8-19-5-23-25-17-7-22-20-3-14-2-24-15-6-9-21,M002_S000000|M001_S006200|M001_S001200|F301_S000000|F301_S005000|F301_S010000|F002_S000000|F003_S000000|M008_S005000|F073_S005000|F177_S000000|M005_S006200|M009_S010000|M009_S005000|M009_S000000|M007_S007800|F195_S001400|F021_S005000|F010_S000000|M002_S011200,--++++---+++----++--,1,0,NaN
20,10,R20_I10,4,GA_DP,Proposed GA-DP,2,22272502,716.889133905596,13353.1851971517,501.921232457043,2667.06367820178,78.770668683812,3692.97239334374,8,2,25,17.6820769336475,0,0.2054048,150,13-18-4-8-19-5-23-25-17-7-22-20-3-14-2-24-15-6-9-21,M002_S000000|M001_S006200|M001_S001200|F301_S000000|F301_S005000|F301_S010000|F002_S000000|F003_S000000|M008_S005000|F073_S005000|F177_S000000|M005_S006200|M009_S010000|M009_S005000|M009_S000000|M007_S007800|F195_S001400|F021_S005000|F010_S000000|M002_S011200,--++++---+++----++--,1,0,NaN
20,10,R20_I10,4,GA_DP,Proposed GA-DP,3,22272503,717.622790137039,13374.3749530271,520.898101695128,2666.56836638581,79.314871552193,3714.16214921914,7,2,25.4421415263987,17.5978337022178,0.102338868974921,0.2064688,150,13-18-4-8-19-5-23-25-17-7-22-15-24-2-14-3-6-20-9-21,M002_S000000|M001_S006200|M001_S001200|F301_S000000|F301_S005000|F301_S010000|F002_S000000|F003_S000000|M008_S005000|F073_S005000|F177_S000000|F195_S001400|M007_S007800|M009_S000000|M009_S005000|M009_S010000|F021_S005000|M005_S006200|F010_S000000|M002_S011200,--++++---++-++++-+--,1,0,NaN
20,10,R20_I10,4,GA_DP,Proposed GA-DP,4,22272504,716.889133905596,13353.1851971517,501.921232457043,2667.06367820178,78.770668683812,3692.97239334374,8,2,25,17.6820769336475,0,0.2040498,150,13-18-4-8-19-5-23-25-17-7-22-20-3-14-2-24-15-6-9-21,M002_S000000|M001_S006200|M001_S001200|F301_S000000|F301_S005000|F301_S010000|F002_S000000|F003_S000000|M008_S005000|F073_S005000|F177_S000000|M005_S006200|M009_S010000|M009_S005000|M009_S000000|M007_S007800|F195_S001400|F021_S005000|F010_S000000|M002_S011200,--++++---+++----++--,1,0,NaN
20,10,R20_I10,4,GA_DP,Proposed GA-DP,5,22272505,716.889133905596,13353.1851971517,501.921232457043,2667.06367820178,78.770668683812,3692.97239334374,8,2,25,17.6820769336475,0,0.2042133,150,13-18-4-8-19-5-23-25-17-7-22-20-3-14-2-24-15-6-9-21,M002_S000000|M001_S006200|M001_S001200|F301_S000000|F301_S005000|F301_S010000|F002_S000000|F003_S000000|M008_S005000|F073_S005000|F177_S000000|M005_S006200|M009_S010000|M009_S005000|M009_S000000|M007_S007800|F195_S001400|F021_S005000|F010_S000000|M002_S011200,--++++---+++----++--,1,0,NaN
20,10,R20_I10,4,GA_DP,Proposed GA-DP,6,22272506,720.240414326152,13576.6765342819,511.504958713397,2685.20900549257,81.9324957413059,3916.46373047392,7,2,25.4421415263987,17.2972608849927,0.467475410360638,0.2055153,150,13-18-4-8-19-5-25-17-7-22-15-24-2-14-3-6-20-9-21-23,M002_S000000|M001_S006200|M001_S001200|F301_S000000|F301_S005000|F301_S010000|F003_S000000|M008_S005000|F073_S005000|F177_S000000|F195_S001400|M007_S007800|M009_S000000|M009_S005000|M009_S010000|F021_S005000|M005_S006200|F010_S000000|M002_S011200|F002_S000000,--++++--++-++++-+---,1,0,NaN
20,10,R20_I10,4,GA_DP,Proposed GA-DP,7,22272507,723.762746480073,13712.3951698359,525.092030996795,2683.90569300645,85.7861604342448,4052.18236602787,8,2,25.4421415263987,16.892803551847,0.958811097753614,0.2042686,150,13-18-4-8-19-5-25-23-21-9-20-6-3-14-2-24-15-22-7-17,M002_S000000|M001_S006200|M001_S001200|F301_S000000|F301_S005000|F301_S010000|F003_S000000|F002_S000000|M002_S011200|F010_S000000|M005_S006200|F021_S005000|M009_S010000|M009_S005000|M009_S000000|M007_S007800|F195_S001400|F177_S000000|F073_S005000|M008_S005000,--+++++-++-+----+--+,1,0,NaN
20,10,R20_I10,4,GA_DP,Proposed GA-DP,8,22272508,720.240414326152,13576.6765342819,511.504958713397,2685.20900549257,81.9324957413059,3916.46373047392,7,2,25.4421415263987,17.2972608849927,0.467475410360638,0.2057707,150,13-18-4-8-19-5-25-17-7-22-15-24-2-14-3-6-20-9-21-23,M002_S000000|M001_S006200|M001_S001200|F301_S000000|F301_S005000|F301_S010000|F003_S000000|M008_S005000|F073_S005000|F177_S000000|F195_S001400|M007_S007800|M009_S000000|M009_S005000|M009_S010000|F021_S005000|M005_S006200|F010_S000000|M002_S011200|F002_S000000,--++++--++-++++-+---,1,0,NaN
20,10,R20_I10,4,GA_DP,Proposed GA-DP,9,22272509,717.622790137039,13374.3749530271,520.898101695128,2666.56836638581,79.314871552193,3714.16214921914,7,2,25.4421415263987,17.5978337022178,0.102338868974921,0.2047913,150,13-18-4-8-19-5-23-25-17-7-22-15-24-2-14-3-6-20-9-21,M002_S000000|M001_S006200|M001_S001200|F301_S000000|F301_S005000|F301_S010000|F002_S000000|F003_S000000|M008_S005000|F073_S005000|F177_S000000|F195_S001400|M007_S007800|M009_S000000|M009_S005000|M009_S010000|F021_S005000|M005_S006200|F010_S000000|M002_S011200,--++++---++-++++-+--,1,0,NaN
20,10,R20_I10,4,GA_DP,Proposed GA-DP,10,22272510,719.506758094709,13555.4867784065,492.528089475312,2685.70431730854,81.388292872925,3895.27397459851,8,2,25,17.3815041164225,0.365136541385717,0.2078643,150,13-18-4-8-19-5-25-17-7-22-20-3-14-2-24-15-6-9-21-23,M002_S000000|M001_S006200|M001_S001200|F301_S000000|F301_S005000|F301_S010000|F003_S000000|M008_S005000|F073_S005000|F177_S000000|M005_S006200|M009_S010000|M009_S005000|M009_S000000|M007_S007800|F195_S001400|F021_S005000|F010_S000000|M002_S011200|F002_S000000,--++++--+++----++---,1,0,NaN
20,10,R20_I10,4,GA_DP,Proposed GA-DP,11,22272511,716.889133905596,13353.1851971517,501.921232457043,2667.06367820178,78.770668683812,3692.97239334374,8,2,25,17.6820769336475,0,0.2071579,150,13-18-4-8-19-5-23-25-17-7-22-20-3-14-2-24-15-6-9-21,M002_S000000|M001_S006200|M001_S001200|F301_S000000|F301_S005000|F301_S010000|F002_S000000|F003_S000000|M008_S005000|F073_S005000|F177_S000000|M005_S006200|M009_S010000|M009_S005000|M009_S000000|M007_S007800|F195_S001400|F021_S005000|F010_S000000|M002_S011200,--++++---+++----++--,1,0,NaN
20,10,R20_I10,4,GA_DP,Proposed GA-DP,12,22272512,724.389641469079,13656.8123126489,543.296132624129,2683.97045149081,86.4130554232505,3996.59950884091,8,2,25.4421415263987,16.8208193481048,1.04625767203637,0.2053918,150,13-18-4-8-19-5-21-9-20-6-3-14-2-24-15-22-7-17-25-23,M002_S000000|M001_S006200|M001_S001200|F301_S000000|F301_S005000|F301_S010000|M002_S011200|F010_S000000|M005_S006200|F021_S005000|M009_S010000|M009_S005000|M009_S000000|M007_S007800|F195_S001400|F177_S000000|F073_S005000|M008_S005000|F003_S000000|F002_S000000,--++++++-+----+--++-,1,0,NaN
20,10,R20_I10,4,GA_DP,Proposed GA-DP,13,22272513,716.889133905596,13353.1851971517,501.921232457043,2667.06367820178,78.770668683812,3692.97239334374,8,2,25,17.6820769336475,0,0.2060529,150,13-18-4-8-19-5-23-25-17-7-22-20-3-14-2-24-15-6-9-21,M002_S000000|M001_S006200|M001_S001200|F301_S000000|F301_S005000|F301_S010000|F002_S000000|F003_S000000|M008_S005000|F073_S005000|F177_S000000|M005_S006200|M009_S010000|M009_S005000|M009_S000000|M007_S007800|F195_S001400|F021_S005000|F010_S000000|M002_S011200,--++++---+++----++--,1,0,NaN
20,10,R20_I10,4,GA_DP,Proposed GA-DP,14,22272514,716.889133905596,13353.1851971517,501.921232457043,2667.06367820178,78.770668683812,3692.97239334374,8,2,25,17.6820769336475,0,0.2055323,150,13-18-4-8-19-5-23-25-17-7-22-20-3-14-2-24-15-6-9-21,M002_S000000|M001_S006200|M001_S001200|F301_S000000|F301_S005000|F301_S010000|F002_S000000|F003_S000000|M008_S005000|F073_S005000|F177_S000000|M005_S006200|M009_S010000|M009_S005000|M009_S000000|M007_S007800|F195_S001400|F021_S005000|F010_S000000|M002_S011200,--++++---+++----++--,1,0,NaN
20,10,R20_I10,4,GA_DP,Proposed GA-DP,15,22272515,716.889133905596,13353.1851971517,501.921232457043,2667.06367820178,78.770668683812,3692.97239334374,8,2,25,17.6820769336475,0,0.2050804,150,13-18-4-8-19-5-23-25-17-7-22-20-3-14-2-24-15-6-9-21,M002_S000000|M001_S006200|M001_S001200|F301_S000000|F301_S005000|F301_S010000|F002_S000000|F003_S000000|M008_S005000|F073_S005000|F177_S000000|M005_S006200|M009_S010000|M009_S005000|M009_S000000|M007_S007800|F195_S001400|F021_S005000|F010_S000000|M002_S011200,--++++---+++----++--,1,0,NaN
20,10,R20_I10,4,GA_DP,Proposed GA-DP,16,22272516,716.889133905596,13353.1851971517,501.921232457043,2667.06367820178,78.770668683812,3692.97239334374,8,2,25,17.6820769336475,0,0.2041826,150,13-18-4-8-19-5-23-25-17-7-22-20-3-14-2-24-15-6-9-21,M002_S000000|M001_S006200|M001_S001200|F301_S000000|F301_S005000|F301_S010000|F002_S000000|F003_S000000|M008_S005000|F073_S005000|F177_S000000|M005_S006200|M009_S010000|M009_S005000|M009_S000000|M007_S007800|F195_S001400|F021_S005000|F010_S000000|M002_S011200,--++++---+++----++--,1,0,NaN
20,10,R20_I10,4,GA_DP,Proposed GA-DP,17,22272517,717.622790137039,13374.3749530271,520.898101695128,2666.56836638581,79.314871552193,3714.16214921914,7,2,25.4421415263987,17.5978337022178,0.102338868974921,0.2039784,150,13-18-4-8-19-5-23-25-17-7-22-15-24-2-14-3-6-20-9-21,M002_S000000|M001_S006200|M001_S001200|F301_S000000|F301_S005000|F301_S010000|F002_S000000|F003_S000000|M008_S005000|F073_S005000|F177_S000000|F195_S001400|M007_S007800|M009_S000000|M009_S005000|M009_S010000|F021_S005000|M005_S006200|F010_S000000|M002_S011200,--++++---++-++++-+--,1,0,NaN
20,10,R20_I10,4,GA_DP,Proposed GA-DP,18,22272518,717.622790137039,13374.3749530271,520.898101695128,2666.56836638581,79.314871552193,3714.16214921914,7,2,25.4421415263987,17.5978337022178,0.102338868974921,0.2053957,150,13-18-4-8-19-5-23-25-17-7-22-15-24-2-14-3-6-20-9-21,M002_S000000|M001_S006200|M001_S001200|F301_S000000|F301_S005000|F301_S010000|F002_S000000|F003_S000000|M008_S005000|F073_S005000|F177_S000000|F195_S001400|M007_S007800|M009_S000000|M009_S005000|M009_S010000|F021_S005000|M005_S006200|F010_S000000|M002_S011200,--++++---++-++++-+--,1,0,NaN
20,10,R20_I10,4,GA_DP,Proposed GA-DP,19,22272519,716.889133905596,13353.1851971517,501.921232457043,2667.06367820178,78.770668683812,3692.97239334374,8,2,25,17.6820769336475,0,0.2065903,150,13-18-4-8-19-5-23-25-17-7-22-20-3-14-2-24-15-6-9-21,M002_S000000|M001_S006200|M001_S001200|F301_S000000|F301_S005000|F301_S010000|F002_S000000|F003_S000000|M008_S005000|F073_S005000|F177_S000000|M005_S006200|M009_S010000|M009_S005000|M009_S000000|M007_S007800|F195_S001400|F021_S005000|F010_S000000|M002_S011200,--++++---+++----++--,1,0,NaN
20,10,R20_I10,4,GA_DP,Proposed GA-DP,20,22272520,720.240414326152,13576.6765342819,511.504958713397,2685.20900549257,81.9324957413059,3916.46373047392,7,2,25.4421415263987,17.2972608849927,0.467475410360638,0.2053204,150,13-18-4-8-19-5-25-17-7-22-15-24-2-14-3-6-20-9-21-23,M002_S000000|M001_S006200|M001_S001200|F301_S000000|F301_S005000|F301_S010000|F003_S000000|M008_S005000|F073_S005000|F177_S000000|F195_S001400|M007_S007800|M009_S000000|M009_S005000|M009_S010000|F021_S005000|M005_S006200|F010_S000000|M002_S011200|F002_S000000,--++++--++-++++-+---,1,0,NaN
20,10,R20_I10,5,EXACT,Exact optimum,1,NaN,716.889133905596,13353.1851971517,501.921232457043,2667.06367820178,78.770668683812,3692.97239334374,8,2,25,17.6820769336475,0,0.3904559,0,13-18-4-8-19-5-23-25-17-7-22-20-3-14-2-24-15-6-9-21,M002_S000000|M001_S006200|M001_S001200|F301_S000000|F301_S005000|F301_S010000|F002_S000000|F003_S000000|M008_S005000|F073_S005000|F177_S000000|M005_S006200|M009_S010000|M009_S005000|M009_S000000|M007_S007800|F195_S001400|F021_S005000|F010_S000000|M002_S011200,--++++---+++----++--,1,1,0
